This is a test1_1.mat,3.79741e-11
1_2.mat,2.96263e-09
1_3.mat,8.12704e-11
1_4.mat,5.78121e-07
1_5.mat,2.49135e-10
1_6.mat,0.221439
1_7.mat,0.00570979
1_8.mat,2.71487e-05
1_9.mat,2.38129e-10
1_10.mat,0.00327657
1_11.mat,0.251983
1_12.mat,1.17758e-07
1_13.mat,0.180443
1_14.mat,0.366174
1_15.mat,2.53662e-12
1_16.mat,2.46943e-10
1_17.mat,2.9137e-10
1_18.mat,4.13506e-09
1_19.mat,0.0100758
1_20.mat,0.0111512
1_21.mat,0.00610333
1_22.mat,1.43062e-12
1_23.mat,0.0433616
1_24.mat,3.27677e-09
1_25.mat,0.264692
1_26.mat,0.00028384
1_27.mat,1.84717e-08
1_28.mat,2.01177e-07
1_29.mat,0.110807
1_30.mat,3.40263e-08
1_31.mat,0.000479039
1_32.mat,0.0846051
1_33.mat,0.171733
1_34.mat,0.000551849
1_35.mat,3.53075e-11
1_36.mat,3.62181e-12
1_37.mat,0.202
1_38.mat,9.55675e-10
1_39.mat,2.44454e-05
1_40.mat,0.000159898
1_41.mat,1.00678e-07
1_42.mat,0.00153928
1_43.mat,4.56577e-09
1_44.mat,0.00111323
1_45.mat,8.84882e-06
1_46.mat,0.000984573
1_47.mat,0.00203613
1_48.mat,3.29705e-07
1_49.mat,0.00320706
1_50.mat,0.000100726
1_51.mat,0.0058143
1_52.mat,2.75054e-05
1_53.mat,1.77485e-07
1_54.mat,0.0179007
1_55.mat,0.00191602
1_56.mat,6.5268e-09
1_57.mat,0.0151571
1_58.mat,0.000812836
1_59.mat,1.72688e-09
1_60.mat,2.78065e-06
1_61.mat,0.0272939
1_62.mat,0.00100112
1_63.mat,0.000902422
1_64.mat,5.98147e-07
1_65.mat,6.87175e-16
1_66.mat,0.00401344
1_67.mat,4.70172e-09
1_68.mat,0.218489
1_69.mat,2.66424e-10
1_70.mat,1.24234e-11
1_71.mat,0.0960817
1_72.mat,0.0874928
1_73.mat,0.292097
1_74.mat,3.00159e-05
1_75.mat,0.0397223
1_76.mat,0.00195412
1_77.mat,2.13302e-11
1_78.mat,7.52792e-15
1_79.mat,3.18407e-07
1_80.mat,8.86179e-08
1_81.mat,0.0191764
1_82.mat,0.00320449
1_83.mat,0.290398
1_84.mat,0.280395
1_85.mat,1.16452e-09
1_86.mat,0.394267
1_87.mat,0.0172362
1_88.mat,5.60577e-05
1_89.mat,0.0424272
1_90.mat,0.00589551
1_91.mat,0.0287702
1_92.mat,2.27743e-14
1_93.mat,4.62569e-07
1_94.mat,0.000985057
1_95.mat,0.000196878
1_96.mat,1.57504e-09
1_97.mat,0.592981
1_98.mat,1.36282e-06
1_99.mat,7.60249e-09
1_100.mat,0.000226446
1_101.mat,0.195046
1_102.mat,0.00651977
1_103.mat,0.00030537
1_104.mat,0.466646
1_105.mat,0.0172623
1_106.mat,0.00660773
1_107.mat,0.00698918
1_108.mat,0.0364224
1_109.mat,0.126104
1_110.mat,0.592981
1_111.mat,0.000146444
1_112.mat,0.00335003
1_113.mat,2.61398e-08
1_114.mat,6.15016e-16
1_115.mat,0.0617693
1_116.mat,0.0953501
1_117.mat,0.00187709
1_118.mat,0.0685081
1_119.mat,3.54907e-17
1_120.mat,0.0702806
1_121.mat,4.46747e-10
1_122.mat,2.09516e-08
1_123.mat,0.0103346
1_124.mat,0.0378797
1_125.mat,7.72137e-13
1_126.mat,0.00554329
1_127.mat,0.38145
1_128.mat,1.78298e-12
1_129.mat,0.000784267
1_130.mat,0.450643
1_131.mat,0.0135833
1_132.mat,0.592981
1_133.mat,1.86333e-12
1_134.mat,0.470049
1_135.mat,5.50487e-13
1_136.mat,0.0256324
1_137.mat,0.00749751
1_138.mat,0.000116044
1_139.mat,0.040626
1_140.mat,0.000409191
1_141.mat,2.84573e-05
1_142.mat,0.0278924
1_143.mat,0.0044602
1_144.mat,0.000488864
1_145.mat,7.12636e-05
1_146.mat,0.000219835
1_147.mat,5.71318e-07
1_148.mat,0.00599088
1_149.mat,0.00246208
1_150.mat,0.277034
1_151.mat,0.0185557
1_152.mat,0.0600234
1_153.mat,0.000999447
1_154.mat,3.88522e-09
1_155.mat,0.592981
1_156.mat,0.000148338
1_157.mat,0.560238
1_158.mat,0.000214964
1_159.mat,0.0516968
1_160.mat,3.72619e-10
1_161.mat,1.43966e-11
1_162.mat,0.0920593
1_163.mat,0.248458
1_164.mat,5.42065e-09
1_165.mat,0.00369687
1_166.mat,0.158519
1_167.mat,2.36971e-11
1_168.mat,8.82271e-10
1_169.mat,0.00533798
1_170.mat,2.30994e-06
1_171.mat,4.45047e-11
1_172.mat,0.0845872
1_173.mat,3.90653e-11
1_174.mat,4.92095e-08
1_175.mat,0.0261402
1_176.mat,6.70582e-15
1_177.mat,0.0629279
1_178.mat,0.0032675
1_179.mat,0.0475848
1_180.mat,0.0476684
1_181.mat,0.00239397
1_182.mat,0.00526471
1_183.mat,2.94972e-09
1_184.mat,0.13966
1_185.mat,0.0022158
1_186.mat,2.80092e-21
1_187.mat,0.00350623
1_188.mat,3.08425e-09
1_189.mat,2.93756e-08
1_190.mat,0.00045052
1_191.mat,2.30312e-07
1_192.mat,0.0743889
1_193.mat,0.0185488
1_194.mat,4.46128e-07
1_195.mat,0.000323367
1_196.mat,0.000468328
1_197.mat,0.00207582
1_198.mat,2.14538e-08
1_199.mat,0.0365877
1_200.mat,0.372434
1_201.mat,1.02016e-07
1_202.mat,7.58833e-07
1_203.mat,3.64214e-12
1_204.mat,0.0547082
1_205.mat,4.67048e-07
1_206.mat,5.22562e-06
1_207.mat,3.09978e-11
1_208.mat,6.62102e-13
1_209.mat,0.00101341
1_210.mat,2.2102e-10
1_211.mat,0.592981
1_212.mat,0.0395824
1_213.mat,0.000169494
1_214.mat,0.480537
1_215.mat,5.4826e-07
1_216.mat,9.1655e-07
1_217.mat,1.3443e-09
1_218.mat,8.67821e-10
1_219.mat,0.000382448
1_220.mat,0.00200265
1_221.mat,0.0533668
1_222.mat,0.000714631
1_223.mat,0.012957
1_224.mat,0.0920823
1_225.mat,1.36689e-16
1_226.mat,0.000523159
1_227.mat,0.00037033
1_228.mat,0.124128
1_229.mat,8.50954e-06
1_230.mat,0.00552467
1_231.mat,2.84784e-07
1_232.mat,0.000458451
1_233.mat,2.46408e-07
1_234.mat,0.592981
1_235.mat,2.09614e-07
1_236.mat,4.09497e-14
1_237.mat,5.03869e-05
1_238.mat,0.00132354
1_239.mat,0.289916
1_240.mat,1.06923e-07
1_241.mat,0.000173827
1_242.mat,0.59466
1_243.mat,1.95598e-05
1_244.mat,5.97308e-08
1_245.mat,0.000709609
1_246.mat,6.32119e-05
1_247.mat,0.546104
1_248.mat,0.111191
1_249.mat,0.000274586
1_250.mat,0.0291661
1_251.mat,7.56861e-07
1_252.mat,0.592981
1_253.mat,0.00514788
1_254.mat,2.36484e-05
1_255.mat,1.60301e-07
1_256.mat,0.163818
1_257.mat,1.84214e-05
1_258.mat,0.592981
1_259.mat,0.00766395
1_260.mat,3.86692e-11
1_261.mat,1.54655e-13
1_262.mat,2.221e-06
1_263.mat,3.63403e-13
1_264.mat,0.00031025
1_265.mat,1.3275e-08
1_266.mat,4.35433e-19
1_267.mat,0.0657693
1_268.mat,4.57829e-10
1_269.mat,5.57891e-09
1_270.mat,0.203607
1_271.mat,0.00182773
1_272.mat,1.00256e-07
1_273.mat,0.000107799
1_274.mat,1.17001e-11
1_275.mat,4.72285e-05
1_276.mat,0.00938483
1_277.mat,0.00134112
1_278.mat,0.0281383
1_279.mat,3.05375e-05
1_280.mat,0.00175094
1_281.mat,1.29367e-05
1_282.mat,6.98661e-07
1_283.mat,7.96793e-06
1_284.mat,9.04524e-05
1_285.mat,0.0115879
1_286.mat,6.94904e-06
1_287.mat,0.0272002
1_288.mat,1.27389e-11
1_289.mat,0.56273
1_290.mat,0.0684866
1_291.mat,0.0255813
1_292.mat,0.027753
1_293.mat,0.0117451
1_294.mat,0.592981
1_295.mat,6.09743e-15
1_296.mat,0.0817357
1_297.mat,0.028133
1_298.mat,1.48301e-05
1_299.mat,0.000322209
1_300.mat,1.49641e-05
1_301.mat,0.00184302
1_302.mat,4.18652e-15
1_303.mat,1.58157e-07
1_304.mat,0.0106913
1_305.mat,0.000279948
1_306.mat,4.60496e-07
1_307.mat,8.93547e-05
1_308.mat,1.21691e-10
1_309.mat,1.01052e-08
1_310.mat,0.0263512
1_311.mat,2.35628e-11
1_312.mat,1.4554e-09
1_313.mat,0.15169
1_314.mat,0.59733
1_315.mat,0.00153026
1_316.mat,6.59368e-13
1_317.mat,1.08051e-17
1_318.mat,0.00427684
1_319.mat,5.70175e-08
1_320.mat,0.0022149
1_321.mat,0.00100039
1_322.mat,0.00617291
1_323.mat,0.000489049
1_324.mat,0.000348772
1_325.mat,0.12224
1_326.mat,0.014832
1_327.mat,1.72087e-09
1_328.mat,0.000294729
1_329.mat,0.106148
1_330.mat,0.0204367
1_331.mat,0.0315494
1_332.mat,0.000280823
1_333.mat,8.00394e-13
1_334.mat,5.09528e-10
1_335.mat,6.66381e-16
1_336.mat,0.000137366
1_337.mat,1.86754e-07
1_338.mat,3.97385e-15
1_339.mat,1.84345e-12
1_340.mat,0.000244315
1_341.mat,0.0204804
1_342.mat,0.000430059
1_343.mat,0.0700511
1_344.mat,1.34239e-12
1_345.mat,2.54626e-14
1_346.mat,5.37766e-07
1_347.mat,0.0288635
1_348.mat,0.267392
1_349.mat,5.78993e-06
1_350.mat,0.0485007
1_351.mat,9.4663e-05
1_352.mat,0.000122498
1_353.mat,6.27439e-14
1_354.mat,0.00146331
1_355.mat,0.505578
1_356.mat,0.0097162
1_357.mat,0.455884
1_358.mat,0.00394699
1_359.mat,5.3538e-09
1_360.mat,0.00215378
1_361.mat,4.66843e-06
1_362.mat,0.0470191
1_363.mat,0.0144809
1_364.mat,4.88331e-05
1_365.mat,0.0224274
1_366.mat,0.392929
1_367.mat,0.00584288
1_368.mat,0.00831591
1_369.mat,0.000240863
1_370.mat,1.46851e-09
1_371.mat,1.72699e-05
1_372.mat,0.143667
1_373.mat,2.38993e-11
1_374.mat,9.04255e-05
1_375.mat,7.27485e-06
1_376.mat,4.07279e-12
1_377.mat,6.04754e-06
1_378.mat,0.00013264
1_379.mat,0.000872409
1_380.mat,0.00471597
1_381.mat,0.0273249
1_382.mat,0.00013191
1_383.mat,2.97507e-11
1_384.mat,0.455874
1_385.mat,0.000455837
1_386.mat,0.271602
1_387.mat,0.000124893
1_388.mat,1.6121e-13
1_389.mat,0.109395
1_390.mat,1.85394e-09
1_391.mat,0.00947991
1_392.mat,0.210961
1_393.mat,9.13919e-08
1_394.mat,3.40884e-10
1_395.mat,0.000957444
1_396.mat,6.10043e-11
1_397.mat,0.00336195
1_398.mat,0.000100996
1_399.mat,0.0274678
1_400.mat,0.0585542
1_401.mat,3.67477e-11
1_402.mat,0.0226582
1_403.mat,0.0252529
1_404.mat,8.8832e-05
1_405.mat,0.00026746
1_406.mat,9.23838e-09
1_407.mat,0.000120521
1_408.mat,9.28702e-08
1_409.mat,6.3187e-05
1_410.mat,0.00312949
1_411.mat,8.37708e-12
1_412.mat,0.0443076
1_413.mat,0.986067
1_414.mat,1.15506e-07
1_415.mat,0.0170715
1_416.mat,2.59472e-08
1_417.mat,0.0252796
1_418.mat,0.210873
1_419.mat,5.74587e-05
1_420.mat,4.63512e-10
1_421.mat,0.0802884
1_422.mat,1.73939e-05
1_423.mat,0.0138893
1_424.mat,4.76526e-05
1_425.mat,3.10762e-06
1_426.mat,5.06194e-06
1_427.mat,0.00650768
1_428.mat,0.00370275
1_429.mat,0.00162624
1_430.mat,0.0747829
1_431.mat,0.00768086
1_432.mat,0.000895085
1_433.mat,0.00579738
1_434.mat,0.041755
1_435.mat,8.58623e-06
1_436.mat,9.56718e-05
1_437.mat,0.00865639
1_438.mat,1.46548e-05
1_439.mat,3.22353e-08
1_440.mat,7.92173e-08
1_441.mat,0.0993543
1_442.mat,0.000678762
1_443.mat,1.14821e-05
1_444.mat,0.00226616
1_445.mat,1.627e-16
1_446.mat,0.582424
1_447.mat,0.0397648
1_448.mat,1.89807e-14
1_449.mat,0.0027659
1_450.mat,2.54056e-12
1_451.mat,2.21755e-09
1_452.mat,0.0723478
1_453.mat,0.00111859
1_454.mat,0.0166847
1_455.mat,0.479897
1_456.mat,1.52546e-15
1_457.mat,4.85544e-05
1_458.mat,0.000100104
1_459.mat,4.27378e-15
1_460.mat,2.63488e-07
1_461.mat,1.15273e-11
1_462.mat,1.08575e-11
1_463.mat,0.491345
1_464.mat,4.2739e-11
1_465.mat,0.00168063
1_466.mat,0.000230291
1_467.mat,0.204522
1_468.mat,2.88897e-05
1_469.mat,2.32476e-11
1_470.mat,4.72341e-06
1_471.mat,0.0208237
1_472.mat,0.00195325
1_473.mat,3.91274e-18
1_474.mat,0.00718625
1_475.mat,1.14913e-07
1_476.mat,6.40611e-07
1_477.mat,0.00395389
1_478.mat,0.0984561
1_479.mat,1.30052e-16
1_480.mat,0.124037
1_481.mat,2.14606e-09
1_482.mat,4.54852e-09
1_483.mat,0.000398057
1_484.mat,0.0546205
1_485.mat,0.0974419
1_486.mat,0.0180207
1_487.mat,0.000101553
1_488.mat,0.00020797
1_489.mat,6.57025e-07
1_490.mat,8.27647e-05
1_491.mat,2.68325e-08
1_492.mat,4.53718e-08
1_493.mat,0.00120943
1_494.mat,0.341931
1_495.mat,1.85232e-08
1_496.mat,0.000361611
1_497.mat,0.053729
1_498.mat,0.0104864
1_499.mat,0.00493922
1_500.mat,0.00394265
1_501.mat,1.00386e-13
1_502.mat,5.36322e-16
1_503.mat,0.00422466
1_504.mat,0.0247067
1_505.mat,0.000102606
1_506.mat,0.0781237
1_507.mat,0.0169653
1_508.mat,0.468327
1_509.mat,0.0129221
1_510.mat,1.09962e-09
1_511.mat,0.00168926
1_512.mat,7.92889e-07
1_513.mat,7.35891e-05
1_514.mat,0.00401141
1_515.mat,4.27751e-06
1_516.mat,9.30823e-08
1_517.mat,0.00122966
1_518.mat,0.0148614
1_519.mat,0.00196087
1_520.mat,0.0183625
1_521.mat,0.000121193
1_522.mat,0.0107143
1_523.mat,0.592981
1_524.mat,0.487858
1_525.mat,2.81643e-08
1_526.mat,2.833e-09
1_527.mat,0.00313857
1_528.mat,1.78309e-10
1_529.mat,1.57489e-11
1_530.mat,8.32952e-12
1_531.mat,7.23647e-06
1_532.mat,0.592981
1_533.mat,0.0265974
1_534.mat,0.00696595
1_535.mat,0.00351971
1_536.mat,0.00773268
1_537.mat,0.181397
1_538.mat,0.592981
1_539.mat,0.592981
1_540.mat,0.0378585
1_541.mat,0.00105015
1_542.mat,0.00336697
1_543.mat,0.0674406
1_544.mat,0.196781
1_545.mat,7.9409e-10
1_546.mat,2.22821e-10
1_547.mat,3.60109e-16
1_548.mat,0.00432997
1_549.mat,0.005894
1_550.mat,0.000400841
1_551.mat,0.112034
1_552.mat,1.71041e-07
1_553.mat,0.194061
1_554.mat,0.00155029
1_555.mat,0.000331769
1_556.mat,0.0103566
1_557.mat,0.0314268
1_558.mat,2.4643e-06
1_559.mat,0.0624616
1_560.mat,2.38474e-06
1_561.mat,1.51311e-12
1_562.mat,0.000306085
1_563.mat,8.76909e-05
1_564.mat,0.130048
1_565.mat,0.587649
1_566.mat,0.118844
1_567.mat,0.000865612
1_568.mat,0.0152863
1_569.mat,0.0413977
1_570.mat,0.0288085
1_571.mat,0.925809
1_572.mat,0.000418248
1_573.mat,2.39706e-05
1_574.mat,0.000382094
1_575.mat,0.00138275
1_576.mat,2.47026e-06
1_577.mat,1.66566e-10
1_578.mat,0.00285737
1_579.mat,4.62146e-05
1_580.mat,0.0285967
1_581.mat,1.41751e-09
1_582.mat,1.86828e-14
1_583.mat,0.0478481
1_584.mat,0.00257353
1_585.mat,0.00152231
1_586.mat,0.302587
1_587.mat,0.00025318
1_588.mat,0.00473953
1_589.mat,5.95786e-07
1_590.mat,1.55894e-08
1_591.mat,3.2912e-13
1_592.mat,6.15957e-15
1_593.mat,2.95188e-14
1_594.mat,0.204834
1_595.mat,0.62083
1_596.mat,1.39693e-10
1_597.mat,0.00627116
1_598.mat,0.000859336
1_599.mat,5.34858e-08
1_600.mat,0.585808
1_601.mat,0.000419426
1_602.mat,1.7914e-06
1_603.mat,0.0127579
1_604.mat,0.000438728
1_605.mat,1.50129e-11
1_606.mat,0.0547263
1_607.mat,0.0977152
1_608.mat,0.00237052
1_609.mat,9.73451e-06
1_610.mat,1.15837e-05
1_611.mat,0.184063
1_612.mat,0.01469
1_613.mat,0.0300648
1_614.mat,0.00438157
1_615.mat,0.163548
1_616.mat,1.19965e-12
1_617.mat,3.06881e-08
1_618.mat,0.45121
1_619.mat,0.466329
1_620.mat,6.02655e-17
1_621.mat,0.628082
1_622.mat,2.1096e-11
1_623.mat,5.52409e-11
1_624.mat,0.00696377
1_625.mat,3.9361e-07
1_626.mat,4.81203e-13
1_627.mat,4.1801e-07
1_628.mat,0.00148726
1_629.mat,4.99475e-13
1_630.mat,0.236193
1_631.mat,0.00346576
1_632.mat,0.0193046
1_633.mat,0.00297632
1_634.mat,6.4839e-14
1_635.mat,8.48944e-09
1_636.mat,0.592981
1_637.mat,5.84229e-05
1_638.mat,0.591336
1_639.mat,2.83577e-11
1_640.mat,0.592981
1_641.mat,2.72048e-05
1_642.mat,0.592981
1_643.mat,2.1995e-13
1_644.mat,3.83598e-13
1_645.mat,0.30316
1_646.mat,1.34192e-12
1_647.mat,0.0263765
1_648.mat,0.244555
1_649.mat,0.000828918
1_650.mat,3.21588e-09
1_651.mat,1.8696e-12
1_652.mat,0.0906439
1_653.mat,1.08718e-09
1_654.mat,0.00174444
1_655.mat,0.0412784
1_656.mat,0.267082
1_657.mat,0.0048655
1_658.mat,4.50332e-09
1_659.mat,0.592981
1_660.mat,0.00168674
1_661.mat,4.51934e-08
1_662.mat,0.000620737
1_663.mat,0.787818
1_664.mat,5.84091e-06
1_665.mat,0.0325589
1_666.mat,4.34898e-12
1_667.mat,0.000383513
1_668.mat,2.6411e-17
1_669.mat,9.1052e-06
1_670.mat,0.0344304
1_671.mat,0.000550963
1_672.mat,0.592981
1_673.mat,0.000165387
1_674.mat,0.0653723
1_675.mat,2.02102e-11
1_676.mat,8.3492e-10
1_677.mat,0.0624808
1_678.mat,0.868464
1_679.mat,0.0048202
1_680.mat,0.000584751
1_681.mat,0.427786
1_682.mat,7.65313e-06
1_683.mat,1.92848e-13
1_684.mat,0.000941774
1_685.mat,2.24539e-05
1_686.mat,1.16876e-09
1_687.mat,0.0152267
1_688.mat,0.490225
1_689.mat,3.38638e-08
1_690.mat,1.19292e-06
1_691.mat,0.00580923
1_692.mat,3.09371e-11
1_693.mat,0.0413073
1_694.mat,0.00163927
1_695.mat,1.81514e-06
1_696.mat,0.469954
1_697.mat,0.318133
1_698.mat,1.49718e-09
1_699.mat,0.000347735
1_700.mat,0.00947492
1_701.mat,0.00653279
1_702.mat,9.89252e-06
1_703.mat,0.307341
1_704.mat,0.000847548
1_705.mat,3.48964e-13
1_706.mat,1.21308e-11
1_707.mat,3.59922e-09
1_708.mat,2.10997e-06
1_709.mat,0.000316527
1_710.mat,2.26742e-12
1_711.mat,0.162311
1_712.mat,6.0503e-10
1_713.mat,4.07474e-07
1_714.mat,0.431291
1_715.mat,0.0224614
1_716.mat,1.45813e-06
1_717.mat,2.6831e-07
1_718.mat,6.69726e-08
1_719.mat,0.0117057
1_720.mat,0.304921
1_721.mat,0.012084
1_722.mat,0.283326
1_723.mat,2.81699e-14
1_724.mat,0.00176773
1_725.mat,2.51987e-14
1_726.mat,0.899838
1_727.mat,1.34691e-11
1_728.mat,0.0714455
1_729.mat,0.0271064
1_730.mat,0.0533148
1_731.mat,2.58027e-12
1_732.mat,0.00443698
1_733.mat,0.120961
1_734.mat,0.0195276
1_735.mat,0.00821814
1_736.mat,1.27498e-07
1_737.mat,9.62961e-08
1_738.mat,2.7925e-05
1_739.mat,0.0600887
1_740.mat,0.00380964
1_741.mat,1.22504e-06
1_742.mat,0.000433469
1_743.mat,0.00153109
1_744.mat,0.00108185
1_745.mat,9.29278e-10
1_746.mat,6.06963e-07
1_747.mat,0.600539
1_748.mat,2.00333e-06
1_749.mat,0.0279129
1_750.mat,0.173207
1_751.mat,0.678057
1_752.mat,3.10455e-06
1_753.mat,0.0025135
1_754.mat,3.5528e-05
1_755.mat,0.90515
1_756.mat,0.592864
1_757.mat,0.0593666
1_758.mat,0.000703777
1_759.mat,0.584916
1_760.mat,0.065608
1_761.mat,0.00713023
1_762.mat,0.000274799
1_763.mat,7.38568e-08
1_764.mat,0.000121734
1_765.mat,0.278723
1_766.mat,0.00041712
1_767.mat,2.10709e-07
1_768.mat,4.28771e-07
1_769.mat,0.000103818
1_770.mat,0.592981
1_771.mat,4.66136e-06
1_772.mat,0.00783188
1_773.mat,0.000351222
1_774.mat,1.71101e-12
1_775.mat,0.000557718
1_776.mat,1.27936e-08
1_777.mat,0.426681
1_778.mat,1.66811e-10
1_779.mat,0.000882757
1_780.mat,0.00152398
1_781.mat,0.000140161
1_782.mat,0.071461
1_783.mat,0.592981
1_784.mat,1.01897e-08
1_785.mat,1.81963e-15
1_786.mat,8.07625e-06
1_787.mat,0.446763
1_788.mat,0.0092581
1_789.mat,8.59408e-09
1_790.mat,0.506291
1_791.mat,0.112623
1_792.mat,6.06643e-12
1_793.mat,0.00895369
1_794.mat,0.000263777
1_795.mat,0.00144734
1_796.mat,0.0070041
1_797.mat,0.268585
1_798.mat,0.00731853
1_799.mat,1.99773e-07
1_800.mat,0.000693464
1_801.mat,0.000277349
1_802.mat,0.592981
1_803.mat,0.00109075
1_804.mat,0.000821633
1_805.mat,0.00872678
1_806.mat,2.44708e-09
1_807.mat,0.000432292
1_808.mat,0.0127386
1_809.mat,0.000424986
1_810.mat,3.95373e-11
1_811.mat,2.67861e-05
1_812.mat,1.99362e-05
1_813.mat,2.67552e-05
1_814.mat,1.74766e-14
1_815.mat,0.365833
1_816.mat,0.000353083
1_817.mat,1.63335e-06
1_818.mat,0.00219006
1_819.mat,1.04594e-05
1_820.mat,0.000126602
1_821.mat,1.27513e-16
1_822.mat,4.32773e-10
1_823.mat,3.30638e-07
1_824.mat,0.000565695
1_825.mat,0.592981
1_826.mat,1.72506e-09
1_827.mat,0.0591041
1_828.mat,1.59144e-09
1_829.mat,7.39412e-07
1_830.mat,1.57013e-08
1_831.mat,0.0289291
1_832.mat,0.0140456
1_833.mat,0.00282647
1_834.mat,7.72666e-10
1_835.mat,0.140211
1_836.mat,0.567808
1_837.mat,0.000576161
1_838.mat,3.40236e-12
1_839.mat,0.039222
1_840.mat,0.00209885
1_841.mat,0.084438
1_842.mat,0.781817
1_843.mat,1.53562e-18
1_844.mat,8.74613e-05
1_845.mat,3.24992e-05
1_846.mat,0.00844307
1_847.mat,0.00320036
1_848.mat,0.128832
1_849.mat,0.0154378
1_850.mat,1.77161e-10
1_851.mat,0.60306
1_852.mat,0.00885052
1_853.mat,0.139954
1_854.mat,9.69861e-09
1_855.mat,0.0961595
1_856.mat,0.00145521
1_857.mat,5.79007e-06
1_858.mat,0.0052627
1_859.mat,3.23253e-08
1_860.mat,0.00154906
1_861.mat,8.5951e-09
1_862.mat,3.26483e-05
1_863.mat,0.000185948
1_864.mat,3.56952e-09
1_865.mat,0.000292059
1_866.mat,3.97854e-06
1_867.mat,0.00171733
1_868.mat,4.92314e-09
1_869.mat,0.0168556
1_870.mat,2.991e-12
1_871.mat,0.16135
1_872.mat,5.28815e-11
1_873.mat,0.00016023
1_874.mat,0.592981
1_875.mat,2.00539e-08
1_876.mat,0.000142057
1_877.mat,0.590178
1_878.mat,1.44988e-05
1_879.mat,0.000126803
1_880.mat,0.0862981
1_881.mat,0.000579958
1_882.mat,2.05133e-08
1_883.mat,0.00291573
1_884.mat,9.26072e-06
1_885.mat,0.0580979
1_886.mat,7.28938e-05
1_887.mat,0.0025321
1_888.mat,1.57956e-07
1_889.mat,0.0818625
1_890.mat,0.000405929
1_891.mat,0.0568629
1_892.mat,0.0306483
1_893.mat,0.325507
1_894.mat,8.38428e-08
1_895.mat,5.19881e-05
1_896.mat,0.592981
1_897.mat,7.84467e-16
1_898.mat,5.2078e-07
1_899.mat,0.415469
1_900.mat,0.0240513
1_901.mat,3.75252e-10
1_902.mat,8.2047e-05
1_903.mat,1.99122e-07
1_904.mat,0.186575
1_905.mat,0.592981
1_906.mat,0.0908101
1_907.mat,0.113538
1_908.mat,0.0108291
1_909.mat,3.54151e-07
1_910.mat,7.61115e-14
1_911.mat,0.226962
1_912.mat,0.00256829
1_913.mat,0.207932
1_914.mat,0.00183408
1_915.mat,0.00131413
1_916.mat,7.18073e-05
1_917.mat,6.0979e-07
1_918.mat,3.57997e-08
1_919.mat,3.08206e-06
1_920.mat,1.17442e-06
1_921.mat,0.0011214
1_922.mat,0.0349668
1_923.mat,0.00285258
1_924.mat,6.79879e-08
1_925.mat,0.00081661
1_926.mat,4.48515e-06
1_927.mat,0.16015
1_928.mat,5.25889e-05
1_929.mat,1.33936e-08
1_930.mat,9.92938e-06
1_931.mat,5.97091e-08
1_932.mat,6.42248e-19
1_933.mat,0.592981
1_934.mat,0.261927
1_935.mat,1.03319e-10
1_936.mat,9.96642e-10
1_937.mat,0.00350091
1_938.mat,3.47747e-13
1_939.mat,0.0801939
1_940.mat,0.00762135
1_941.mat,0.591119
1_942.mat,7.12827e-10
1_943.mat,0.0359809
1_944.mat,1.55494e-08
1_945.mat,0.141361
1_946.mat,0.56358
1_947.mat,1.43919e-16
1_948.mat,3.83632e-07
1_949.mat,8.07904e-06
1_950.mat,1.58176e-11
1_951.mat,1.61224e-13
1_952.mat,0.000148862
1_953.mat,0.00387434
1_954.mat,2.86025e-14
1_955.mat,0.00369503
1_956.mat,0.964045
1_957.mat,0.00704227
1_958.mat,0.592981
1_959.mat,4.27416e-07
1_960.mat,4.8689e-06
1_961.mat,0.000153813
1_962.mat,1.8566e-10
1_963.mat,0.00249669
1_964.mat,4.82568e-06
1_965.mat,5.8614e-08
1_966.mat,7.50478e-08
1_967.mat,1.63403e-13
1_968.mat,0.00223503
1_969.mat,0.592981
1_970.mat,0.00204763
1_971.mat,0.000721109
1_972.mat,0.0107126
1_973.mat,2.24164e-07
1_974.mat,0.590194
1_975.mat,1.47018e-05
1_976.mat,0.00447933
1_977.mat,0.00129293
1_978.mat,1.06299e-05
1_979.mat,6.02957e-08
1_980.mat,3.08922e-06
1_981.mat,0.592981
1_982.mat,9.33867e-10
1_983.mat,5.55082e-10
1_984.mat,0.0334019
1_985.mat,1.51414e-12
1_986.mat,0.00269253
1_987.mat,1.35838e-11
1_988.mat,9.54138e-09
1_989.mat,9.05132e-05
1_990.mat,0.559787
1_991.mat,0.320297
1_992.mat,0.00116874
1_993.mat,1.42197e-05
1_994.mat,0.000139266
1_995.mat,0.0384807
1_996.mat,0.000329945
1_997.mat,0.595067
1_998.mat,0.00121055
1_999.mat,0.0404113
1_1000.mat,0.00029099
1_1001.mat,0.521542
1_1002.mat,1.97821e-11
1_1003.mat,0.000957239
1_1004.mat,4.25045e-05
1_1005.mat,0.00371085
1_1006.mat,2.48768e-07
1_1007.mat,2.03926e-18
1_1008.mat,4.77691e-09
1_1009.mat,0.00253762
1_1010.mat,0.54987
1_1011.mat,9.25414e-05
1_1012.mat,0.000974114
1_1013.mat,5.72183e-13
1_1014.mat,1.28192e-11
1_1015.mat,0.024352
1_1016.mat,2.47911e-18
1_1017.mat,0.470717
1_1018.mat,0.5693
1_1019.mat,1.25784e-05
1_1020.mat,0.37923
1_1021.mat,0.0048794
1_1022.mat,0.0121067
1_1023.mat,4.64765e-05
1_1024.mat,3.7722e-07
1_1025.mat,0.0103838
1_1026.mat,1.4642e-12
1_1027.mat,0.592981
1_1028.mat,0.000647627
1_1029.mat,0.0020691
1_1030.mat,1.97135e-15
1_1031.mat,1.99731e-07
1_1032.mat,1.014e-09
1_1033.mat,4.8612e-11
1_1034.mat,0.0267689
1_1035.mat,1.71705e-09
1_1036.mat,0.00650107
1_1037.mat,0.574739
1_1038.mat,8.33431e-05
1_1039.mat,0.600403
1_1040.mat,2.98533e-13
1_1041.mat,2.81932e-05
1_1042.mat,0.0601965
1_1043.mat,0.262071
1_1044.mat,1.00529e-06
1_1045.mat,0.298414
1_1046.mat,0.153732
1_1047.mat,0.000340747
1_1048.mat,2.18901e-11
1_1049.mat,6.53685e-05
1_1050.mat,0.00012958
1_1051.mat,1.50753e-07
1_1052.mat,0.0783229
1_1053.mat,1.17822e-08
1_1054.mat,0.344155
1_1055.mat,0.000342317
1_1056.mat,5.74918e-10
1_1057.mat,0.275777
1_1058.mat,0.000271967
1_1059.mat,0.0860629
1_1060.mat,0.00511359
1_1061.mat,0.0141197
1_1062.mat,0.000615756
1_1063.mat,6.87243e-17
1_1064.mat,2.40183e-07
1_1065.mat,4.55991e-13
1_1066.mat,0.0134481
1_1067.mat,0.000181228
1_1068.mat,1.25515e-05
1_1069.mat,0.559926
1_1070.mat,0.477362
1_1071.mat,6.00821e-07
1_1072.mat,2.79824e-11
1_1073.mat,0.136976
1_1074.mat,2.23814e-06
1_1075.mat,4.4371e-08
1_1076.mat,0.394566
1_1077.mat,0.0468981
1_1078.mat,0.308855
1_1079.mat,6.79581e-07
1_1080.mat,0.0142503
1_1081.mat,0.00881527
1_1082.mat,1.08083e-09
1_1083.mat,0.00048813
1_1084.mat,0.00174047
1_1085.mat,2.58483e-11
1_1086.mat,0.00800367
1_1087.mat,0.00909255
1_1088.mat,4.87711e-07
1_1089.mat,0.403496
1_1090.mat,0.000170887
1_1091.mat,0.00869317
1_1092.mat,3.23616e-11
1_1093.mat,0.0246333
1_1094.mat,0.026482
1_1095.mat,2.54888e-09
1_1096.mat,5.3002e-10
1_1097.mat,0.000190316
1_1098.mat,4.66019e-07
1_1099.mat,1.05388e-06
1_1100.mat,0.113649
1_1101.mat,1.13041e-11
1_1102.mat,4.83912e-09
1_1103.mat,6.3987e-08
1_1104.mat,0.000466723
1_1105.mat,0.0107066
1_1106.mat,4.58521e-06
1_1107.mat,0.00118015
1_1108.mat,4.67937e-11
1_1109.mat,6.1652e-13
1_1110.mat,0.00934124
1_1111.mat,0.163279
1_1112.mat,0.00108785
1_1113.mat,0.0235189
1_1114.mat,0.00124614
1_1115.mat,0.0213826
1_1116.mat,0.00150554
1_1117.mat,4.23284e-13
1_1118.mat,0.000434568
1_1119.mat,1.12424e-05
1_1120.mat,0.592981
1_1121.mat,3.57102e-10
1_1122.mat,1.14824e-12
1_1123.mat,0.818823
1_1124.mat,1.69625e-10
1_1125.mat,4.10144e-07
1_1126.mat,6.331e-07
1_1127.mat,0.0972555
1_1128.mat,0.0179923
1_1129.mat,0.0155876
1_1130.mat,9.25966e-09
1_1131.mat,0.297761
1_1132.mat,2.03758e-08
1_1133.mat,0.0091066
1_1134.mat,7.35541e-11
1_1135.mat,0.0195763
1_1136.mat,0.000319242
1_1137.mat,1.00115e-05
1_1138.mat,0.317633
1_1139.mat,0.592981
1_1140.mat,0.00888707
1_1141.mat,0.112619
1_1142.mat,1.25344e-10
1_1143.mat,0.0082653
1_1144.mat,2.10793e-13
1_1145.mat,0.0149004
1_1146.mat,0.0324923
1_1147.mat,0.592981
1_1148.mat,0.0349195
1_1149.mat,0.00849357
1_1150.mat,2.81408e-08
1_1151.mat,5.17464e-06
1_1152.mat,0.00364585
1_1153.mat,8.34972e-05
1_1154.mat,0.0111585
1_1155.mat,0.000842166
1_1156.mat,0.000340373
1_1157.mat,0.26558
1_1158.mat,0.000498226
1_1159.mat,1.08998e-11
1_1160.mat,0.000177993
1_1161.mat,0.582516
1_1162.mat,0.0235977
1_1163.mat,0.0157572
1_1164.mat,0.548922
1_1165.mat,0.0297826
1_1166.mat,0.175159
1_1167.mat,0.600291
1_1168.mat,0.00832359
1_1169.mat,0.022477
1_1170.mat,0.0555331
1_1171.mat,0.0359206
1_1172.mat,0.977264
1_1173.mat,0.435061
1_1174.mat,0.592981
1_1175.mat,1.49092e-07
1_1176.mat,0.000867806
1_1177.mat,0.765083
1_1178.mat,0.444464
1_1179.mat,1.08372e-08
1_1180.mat,0.000187325
1_1181.mat,0.000975792
1_1182.mat,0.00676655
1_1183.mat,8.29834e-08
1_1184.mat,9.57941e-08
1_1185.mat,0.0217138
1_1186.mat,6.99455e-09
1_1187.mat,0.0361948
1_1188.mat,0.00228711
1_1189.mat,0.000145757
1_1190.mat,3.30226e-13
1_1191.mat,0.00113764
1_1192.mat,2.18187e-05
1_1193.mat,0.0168849
1_1194.mat,8.65684e-07
1_1195.mat,1.76105e-08
1_1196.mat,0.274852
1_1197.mat,7.54636e-06
1_1198.mat,0.192839
1_1199.mat,0.592981
1_1200.mat,0.000266247
1_1201.mat,1.97789e-09
1_1202.mat,5.06684e-09
1_1203.mat,2.68411e-06
1_1204.mat,0.0162695
1_1205.mat,0.592981
1_1206.mat,0.0268745
1_1207.mat,5.64737e-09
1_1208.mat,2.74313e-08
1_1209.mat,9.82433e-10
1_1210.mat,0.592981
1_1211.mat,0.000457919
1_1212.mat,1.10672e-19
1_1213.mat,0.00231887
1_1214.mat,0.131179
1_1215.mat,2.15706e-06
1_1216.mat,4.33508e-14
1_1217.mat,6.18768e-07
1_1218.mat,1.76439e-06
1_1219.mat,0.00641302
1_1220.mat,1.40249e-06
1_1221.mat,0.448614
1_1222.mat,0.538561
1_1223.mat,2.30948e-07
1_1224.mat,0.00936872
1_1225.mat,0.0254249
1_1226.mat,0.000733198
1_1227.mat,0.00175407
1_1228.mat,0.0742908
1_1229.mat,0.000386448
1_1230.mat,0.00179359
1_1231.mat,3.01503e-05
1_1232.mat,0.130788
1_1233.mat,0.0042853
1_1234.mat,9.77686e-12
1_1235.mat,9.0121e-10
1_1236.mat,1.85801e-08
1_1237.mat,9.24824e-07
1_1238.mat,5.8415e-14
1_1239.mat,5.86788e-05
1_1240.mat,4.78017e-14
1_1241.mat,0.000636845
1_1242.mat,0.111205
1_1243.mat,0.0817054
1_1244.mat,0.0781115
1_1245.mat,2.46688e-08
1_1246.mat,0.00133548
1_1247.mat,0.0124228
1_1248.mat,7.78647e-10
1_1249.mat,0.366485
1_1250.mat,0.0958696
1_1251.mat,3.31903e-05
1_1252.mat,0.0383161
1_1253.mat,0.00238687
1_1254.mat,0.592981
1_1255.mat,8.06804e-11
1_1256.mat,0.0008284
1_1257.mat,4.79104e-05
1_1258.mat,0.00359601
1_1259.mat,6.42411e-08
1_1260.mat,1.60509e-09
1_1261.mat,0.587587
1_1262.mat,0.58494
1_1263.mat,3.88918e-15
1_1264.mat,9.18639e-11
1_1265.mat,0.000640957
1_1266.mat,0.000593064
1_1267.mat,3.8308e-12
1_1268.mat,0.000273089
1_1269.mat,0.000208748
1_1270.mat,0.0642727
1_1271.mat,0.00159066
1_1272.mat,0.0474425
1_1273.mat,0.592981
1_1274.mat,4.38548e-13
1_1275.mat,0.0809193
1_1276.mat,0.000773783
1_1277.mat,0.138268
1_1278.mat,0.00883607
1_1279.mat,0.0682965
1_1280.mat,2.5786e-11
1_1281.mat,0.00429893
1_1282.mat,5.13429e-07
1_1283.mat,0.00117759
1_1284.mat,0.00127284
1_1285.mat,3.6401e-11
1_1286.mat,1.88093e-05
1_1287.mat,0.0163498
1_1288.mat,1.89282e-09
1_1289.mat,0.00498078
1_1290.mat,6.71527e-16
1_1291.mat,9.20408e-06
1_1292.mat,6.38786e-11
1_1293.mat,0.0025205
1_1294.mat,0.115428
1_1295.mat,9.66277e-11
1_1296.mat,0.688118
1_1297.mat,0.000686855
1_1298.mat,0.339747
1_1299.mat,0.11593
1_1300.mat,0.00127241
1_1301.mat,1.25449e-09
1_1302.mat,2.5327e-09
1_1303.mat,7.92443e-06
1_1304.mat,0.0124581
1_1305.mat,0.023559
1_1306.mat,4.40593e-10
1_1307.mat,0.0164243
1_1308.mat,0.078397
1_1309.mat,0.436272
1_1310.mat,0.00027226
1_1311.mat,0.00697833
1_1312.mat,0.507285
1_1313.mat,1.81368e-06
1_1314.mat,0.228652
1_1315.mat,0.0291538
1_1316.mat,1.31218e-12
1_1317.mat,1.7109e-11
1_1318.mat,0.0376224
1_1319.mat,6.04806e-06
1_1320.mat,1.88884e-05
1_1321.mat,0.000455113
1_1322.mat,2.08576e-06
1_1323.mat,0.0118699
1_1324.mat,0.000633964
1_1325.mat,6.64929e-06
1_1326.mat,0.000578756
1_1327.mat,0.00197043
1_1328.mat,1.45259e-12
1_1329.mat,0.0814323
1_1330.mat,4.09559e-12
1_1331.mat,0.000471284
1_1332.mat,0.615603
1_1333.mat,0.00374223
1_1334.mat,3.51588e-10
1_1335.mat,0.00895131
1_1336.mat,0.00330898
1_1337.mat,0.00125677
1_1338.mat,0.00437218
1_1339.mat,0.0695674
1_1340.mat,0.592981
1_1341.mat,0.00402974
1_1342.mat,0.016275
1_1343.mat,6.80826e-10
1_1344.mat,2.74548e-06
1_1345.mat,1.30884e-07
1_1346.mat,0.0893383
1_1347.mat,0.592981
1_1348.mat,3.50691e-07
1_1349.mat,3.30055e-15
1_1350.mat,0.193841
1_1351.mat,0.00214554
1_1352.mat,0.00339522
1_1353.mat,0.0176365
1_1354.mat,4.78703e-11
1_1355.mat,0.000557962
1_1356.mat,2.88323e-05
1_1357.mat,3.27217e-08
1_1358.mat,2.73874e-20
1_1359.mat,9.78821e-08
1_1360.mat,0.222215
1_1361.mat,0.027615
1_1362.mat,1.40662e-09
1_1363.mat,0.113933
1_1364.mat,0.284266
1_1365.mat,0.592981
1_1366.mat,0.239807
1_1367.mat,3.39375e-12
1_1368.mat,3.98972e-09
1_1369.mat,0.526688
1_1370.mat,0.220172
1_1371.mat,0.00821098
1_1372.mat,5.5154e-07
1_1373.mat,0.00100131
1_1374.mat,8.22279e-07
1_1375.mat,2.74187e-14
1_1376.mat,3.4922e-08
1_1377.mat,4.92885e-08
1_1378.mat,0.0416905
1_1379.mat,0.0580459
1_1380.mat,0.0117364
1_1381.mat,1.19944e-10
1_1382.mat,0.0077404
1_1383.mat,0.0338966
1_1384.mat,0.00448563
1_1385.mat,8.09309e-05
1_1386.mat,0.00049209
1_1387.mat,0.0168451
1_1388.mat,1.54346e-06
1_1389.mat,0.0196067
1_1390.mat,0.001819
1_1391.mat,0.108278
1_1392.mat,6.60499e-11
1_1393.mat,1.79762e-06
1_1394.mat,1.55523e-12
1_1395.mat,0.000124856
1_1396.mat,0.331887
1_1397.mat,0.013434
1_1398.mat,1.18798e-11
1_1399.mat,7.17572e-16
1_1400.mat,0.00225034
1_1401.mat,0.341566
1_1402.mat,1.3638e-11
1_1403.mat,1.56273e-10
1_1404.mat,0.00614714
1_1405.mat,0.435159
1_1406.mat,0.0418827
1_1407.mat,7.88392e-14
1_1408.mat,0.143626
1_1409.mat,0.221268
1_1410.mat,0.00196661
1_1411.mat,1.3184e-08
1_1412.mat,6.41067e-06
1_1413.mat,2.89446e-18
1_1414.mat,4.82923e-12
1_1415.mat,0.024065
1_1416.mat,0.00149069
1_1417.mat,0.0206866
1_1418.mat,0.00611235
1_1419.mat,0.0101523
1_1420.mat,0.0144887
1_1421.mat,0.567262
1_1422.mat,5.0444e-06
1_1423.mat,0.169686
1_1424.mat,0.0860887
1_1425.mat,0.000431686
1_1426.mat,0.0012813
1_1427.mat,0.00104256
1_1428.mat,0.225844
1_1429.mat,0.000266579
1_1430.mat,0.9034
1_1431.mat,0.00588736
1_1432.mat,0.0254103
1_1433.mat,3.37739e-07
1_1434.mat,1.28746e-08
1_1435.mat,0.000248294
1_1436.mat,0.260362
1_1437.mat,0.000626583
1_1438.mat,0.00081403
1_1439.mat,0.00556075
1_1440.mat,1.10148e-10
1_1441.mat,4.92129e-12
1_1442.mat,7.99122e-06
1_1443.mat,1.75207e-05
1_1444.mat,0.0835415
1_1445.mat,3.86737e-05
1_1446.mat,0.336826
1_1447.mat,0.0334125
1_1448.mat,0.00192663
1_1449.mat,2.99938e-09
1_1450.mat,1.44528e-06
1_1451.mat,0.00331849
1_1452.mat,0.000665131
1_1453.mat,0.593404
1_1454.mat,0.0860887
1_1455.mat,0.00155972
1_1456.mat,1.51082e-09
1_1457.mat,0.292448
1_1458.mat,3.95222e-08
1_1459.mat,0.00153665
1_1460.mat,3.92302e-06
1_1461.mat,1.51028e-05
1_1462.mat,5.79505e-06
1_1463.mat,0.0947888
1_1464.mat,2.60771e-11
1_1465.mat,0.00107296
1_1466.mat,0.00223418
1_1467.mat,0.0206854
1_1468.mat,0.335337
1_1469.mat,0.0218259
1_1470.mat,2.09658e-10
1_1471.mat,3.46937e-05
1_1472.mat,5.37456e-09
1_1473.mat,0.0321862
1_1474.mat,4.76032e-18
1_1475.mat,0.000136502
1_1476.mat,5.63422e-11
1_1477.mat,1.91842e-09
1_1478.mat,0.603151
1_1479.mat,0.913423
1_1480.mat,0.00162019
1_1481.mat,1.37853e-05
1_1482.mat,4.01911e-07
1_1483.mat,0.592981
1_1484.mat,4.32772e-11
1_1485.mat,0.000376439
1_1486.mat,0.0104519
1_1487.mat,0.415808
1_1488.mat,0.000169184
1_1489.mat,8.80103e-06
1_1490.mat,0.0102555
1_1491.mat,0.592981
1_1492.mat,0.00542559
1_1493.mat,0.0178917
1_1494.mat,5.59589e-05
1_1495.mat,0.00315871
1_1496.mat,3.05784e-12
1_1497.mat,3.37799e-07
1_1498.mat,0.603804
1_1499.mat,0.592981
1_1500.mat,0.857282
1_1501.mat,1.66072e-12
1_1502.mat,0.44834
1_1503.mat,1.47427e-06
1_1504.mat,0.00254393
1_1505.mat,0.39343
1_1506.mat,0.00112732
1_1507.mat,3.37564e-05
1_1508.mat,0.000936545
1_1509.mat,2.82971e-10
1_1510.mat,0.00105954
1_1511.mat,2.35909e-11
1_1512.mat,1.82334e-10
1_1513.mat,1.85521e-08
1_1514.mat,1.48721e-08
1_1515.mat,0.11113
1_1516.mat,0.088385
1_1517.mat,1.21237e-10
1_1518.mat,0.592981
1_1519.mat,0.0658493
1_1520.mat,0.0247522
1_1521.mat,4.85271e-10
1_1522.mat,0.00988701
1_1523.mat,0.00791126
1_1524.mat,2.0385e-05
1_1525.mat,3.84365e-07
1_1526.mat,0.00392698
1_1527.mat,7.46659e-17
1_1528.mat,1.58771e-06
1_1529.mat,0.56953
1_1530.mat,6.6203e-05
1_1531.mat,0.0026363
1_1532.mat,0.00796027
1_1533.mat,4.79032e-06
1_1534.mat,0.000704854
1_1535.mat,0.0101283
1_1536.mat,1.33069e-10
1_1537.mat,0.287752
1_1538.mat,2.30557e-05
1_1539.mat,2.48941e-05
1_1540.mat,6.38071e-07
1_1541.mat,0.0418719
1_1542.mat,0.856241
1_1543.mat,0.458308
1_1544.mat,4.65178e-09
1_1545.mat,0.592981
1_1546.mat,0.0022668
1_1547.mat,9.49466e-05
1_1548.mat,6.04076e-06
1_1549.mat,2.87701e-07
1_1550.mat,3.24792e-12
1_1551.mat,0.371903
1_1552.mat,0.640752
1_1553.mat,0.0410204
1_1554.mat,0.327914
1_1555.mat,5.54753e-05
1_1556.mat,1.69712e-09
1_1557.mat,0.063252
1_1558.mat,0.0500207
1_1559.mat,8.21973e-08
1_1560.mat,0.0172437
1_1561.mat,0.0100241
1_1562.mat,0.567236
1_1563.mat,0.334188
1_1564.mat,6.36142e-07
1_1565.mat,0.00551399
1_1566.mat,0.000394566
1_1567.mat,0.000472183
1_1568.mat,0.0776679
1_1569.mat,0.0145274
1_1570.mat,0.0657593
1_1571.mat,2.03641e-19
1_1572.mat,0.0808179
1_1573.mat,0.0481765
1_1574.mat,0.0541827
1_1575.mat,1.21601e-06
1_1576.mat,1.35916e-05
1_1577.mat,2.95778e-06
1_1578.mat,0.000980146
1_1579.mat,4.15409e-08
1_1580.mat,0.0466372
1_1581.mat,7.62765e-06
1_1582.mat,1.44184e-11
1_1583.mat,0.0536872
1_1584.mat,1.92904e-12
This is a test2_1.mat,0.0318847
2_2.mat,0.994202
2_3.mat,2.25445e-13
2_4.mat,0.674404
2_5.mat,0.0509866
2_6.mat,0.391386
2_7.mat,0.971141
2_8.mat,0.942156
2_9.mat,0.574601
2_10.mat,0.941149
2_11.mat,0.0318519
2_12.mat,0.728776
2_13.mat,0.734236
2_14.mat,0.304075
2_15.mat,4.64065e-07
2_16.mat,0.0144544
2_17.mat,0.998734
2_18.mat,1.14428e-06
2_19.mat,0.0349345
2_20.mat,0.000186672
2_21.mat,0.997936
2_22.mat,0.0431207
2_23.mat,0.0500866
2_24.mat,0.195922
2_25.mat,0.00121713
2_26.mat,0.187123
2_27.mat,1.02726e-15
2_28.mat,0.203121
2_29.mat,0.983903
2_30.mat,0.00387569
2_31.mat,0.261167
2_32.mat,8.68443e-12
2_33.mat,0.990445
2_34.mat,0.205068
2_35.mat,0.204476
2_36.mat,0.769125
2_37.mat,0.144346
2_38.mat,6.54585e-15
2_39.mat,0.241978
2_40.mat,0.000266079
2_41.mat,1.06293e-11
2_42.mat,0.971091
2_43.mat,0.704634
2_44.mat,0.363633
2_45.mat,0.802867
2_46.mat,0.0201046
2_47.mat,0.00014745
2_48.mat,1.37243e-05
2_49.mat,0.202917
2_50.mat,0.0763088
2_51.mat,0.0665433
2_52.mat,0.0521245
2_53.mat,0.000575294
2_54.mat,0.0860379
2_55.mat,0.974113
2_56.mat,0.298442
2_57.mat,0.365118
2_58.mat,0.647893
2_59.mat,1.8435e-07
2_60.mat,0.294369
2_61.mat,0.895954
2_62.mat,4.73656e-05
2_63.mat,0.0579789
2_64.mat,0.0106693
2_65.mat,8.58647e-07
2_66.mat,0.00547159
2_67.mat,0.250692
2_68.mat,0.992156
2_69.mat,0.524081
2_70.mat,1.62379e-18
2_71.mat,0.749085
2_72.mat,4.21178e-05
2_73.mat,0.219765
2_74.mat,0.695764
2_75.mat,1.71064e-07
2_76.mat,0.00442786
2_77.mat,0.499675
2_78.mat,8.90219e-06
2_79.mat,0.353474
2_80.mat,2.88198e-09
2_81.mat,2.04489e-06
2_82.mat,0.995219
2_83.mat,0.990207
2_84.mat,4.92882e-08
2_85.mat,0.0676459
2_86.mat,0.336076
2_87.mat,2.68633e-07
2_88.mat,0.984703
2_89.mat,0.452944
2_90.mat,0.21818
2_91.mat,1.34555e-05
2_92.mat,0.992759
2_93.mat,0.209247
2_94.mat,0.499405
2_95.mat,6.9118e-09
2_96.mat,0.0661295
2_97.mat,0.554094
2_98.mat,0.846929
2_99.mat,0.00683885
2_100.mat,0.173707
2_101.mat,0.574601
2_102.mat,0.00252668
2_103.mat,0.957044
2_104.mat,0.0212305
2_105.mat,0.00151354
2_106.mat,0.941116
2_107.mat,0.961733
2_108.mat,0.985157
2_109.mat,0.895715
2_110.mat,0.0155912
2_111.mat,0.0549323
2_112.mat,5.34717e-07
2_113.mat,0.0352327
2_114.mat,0.0391642
2_115.mat,0.967042
2_116.mat,0.9492
2_117.mat,0.454763
2_118.mat,0.000115289
2_119.mat,0.772774
2_120.mat,2.11065e-09
2_121.mat,0.185259
2_122.mat,0.0115748
2_123.mat,0.176594
2_124.mat,4.035e-08
2_125.mat,0.573253
2_126.mat,0.0591052
2_127.mat,0.998492
2_128.mat,0.924981
2_129.mat,0.350471
2_130.mat,0.0446561
2_131.mat,0.574601
2_132.mat,0.634411
2_133.mat,0.0809097
2_134.mat,9.52943e-14
2_135.mat,0.437999
2_136.mat,0.340223
2_137.mat,0.870346
2_138.mat,0.449637
2_139.mat,0.747165
2_140.mat,0.159119
2_141.mat,0.00102984
2_142.mat,0.00365734
2_143.mat,4.90407e-17
2_144.mat,0.975225
2_145.mat,0.00923076
2_146.mat,0.000917294
2_147.mat,0.599142
2_148.mat,0.564507
2_149.mat,0.170401
2_150.mat,0.742753
2_151.mat,5.25343e-05
2_152.mat,0.908582
2_153.mat,0.574601
2_154.mat,4.56623e-11
2_155.mat,0.00117924
2_156.mat,0.00235128
2_157.mat,0.0362744
2_158.mat,0.0163775
2_159.mat,0.998206
2_160.mat,0.0225688
2_161.mat,0.0931438
2_162.mat,0.263343
2_163.mat,0.288618
2_164.mat,0.00480553
2_165.mat,0.624209
2_166.mat,0.00338974
2_167.mat,0.542724
2_168.mat,0.00517691
2_169.mat,0.932103
2_170.mat,0.0822698
2_171.mat,4.08225e-10
2_172.mat,0.849638
2_173.mat,0.313115
2_174.mat,0.479886
2_175.mat,0.910049
2_176.mat,0.306648
2_177.mat,0.120846
2_178.mat,0.0089318
2_179.mat,0.0575139
2_180.mat,1.40797e-05
2_181.mat,6.68331e-14
2_182.mat,5.59686e-05
2_183.mat,0.891238
2_184.mat,0.962075
2_185.mat,0.373412
2_186.mat,0.703482
2_187.mat,0.152066
2_188.mat,0.208606
2_189.mat,1.38362e-17
2_190.mat,0.657631
2_191.mat,0.280573
2_192.mat,5.55744e-10
2_193.mat,0.574601
2_194.mat,0.00926567
2_195.mat,0.971989
2_196.mat,0.00211118
2_197.mat,3.52077e-06
2_198.mat,0.077605
2_199.mat,0.748968
2_200.mat,0.981248
2_201.mat,0.0442349
2_202.mat,0.0244204
2_203.mat,3.43937e-18
2_204.mat,0.574601
2_205.mat,0.000506233
2_206.mat,5.96736e-08
2_207.mat,1.71348e-16
2_208.mat,0.189891
2_209.mat,0.0155987
2_210.mat,1.13471e-10
2_211.mat,2.81994e-08
2_212.mat,0.873421
2_213.mat,0.740772
2_214.mat,0.331893
2_215.mat,0.681797
2_216.mat,0.584069
2_217.mat,0.154832
2_218.mat,1.64982e-16
2_219.mat,0.977111
2_220.mat,0.00886431
2_221.mat,0.998691
2_222.mat,0.529664
2_223.mat,0.783383
2_224.mat,0.854604
2_225.mat,1.92593e-16
2_226.mat,0.899267
2_227.mat,6.26087e-07
2_228.mat,0.452063
2_229.mat,0.000659372
2_230.mat,0.818074
2_231.mat,0.005576
2_232.mat,0.334659
2_233.mat,2.01391e-11
2_234.mat,0.957793
2_235.mat,0.651615
2_236.mat,0.860604
2_237.mat,0.435254
2_238.mat,0.418102
2_239.mat,0.863174
2_240.mat,0.998466
2_241.mat,4.59554e-15
2_242.mat,0.423997
2_243.mat,7.56087e-06
2_244.mat,0.974827
2_245.mat,0.796787
2_246.mat,0.00138618
2_247.mat,0.195302
2_248.mat,8.70499e-07
2_249.mat,0.00019367
2_250.mat,0.579474
2_251.mat,0.613344
2_252.mat,0.369343
2_253.mat,0.0123939
2_254.mat,0.695195
2_255.mat,0.783459
2_256.mat,0.195519
2_257.mat,0.633463
2_258.mat,0.00610516
2_259.mat,0.941338
2_260.mat,1.05569e-07
2_261.mat,0.207842
2_262.mat,0.254452
2_263.mat,0.349005
2_264.mat,0.214959
2_265.mat,1.64549e-06
2_266.mat,0.662062
2_267.mat,0.417873
2_268.mat,0.0105698
2_269.mat,0.197834
2_270.mat,3.56361e-06
2_271.mat,0.0664283
2_272.mat,0.77767
2_273.mat,6.01885e-12
2_274.mat,0.706685
2_275.mat,0.262548
2_276.mat,6.63922e-09
2_277.mat,0.00142985
2_278.mat,0.946362
2_279.mat,0.498378
2_280.mat,0.87803
2_281.mat,0.98027
2_282.mat,0.964129
2_283.mat,7.41614e-06
2_284.mat,0.0120285
2_285.mat,0.0626757
2_286.mat,0.0153424
2_287.mat,1.23432e-08
2_288.mat,0.0614803
2_289.mat,0.518336
2_290.mat,0.999941
2_291.mat,0.00151135
2_292.mat,0.36985
2_293.mat,0.723703
2_294.mat,2.34547e-10
2_295.mat,0.00593125
2_296.mat,0.000400843
2_297.mat,2.07303e-09
2_298.mat,0.00121559
2_299.mat,0.0333744
2_300.mat,1.20048e-10
2_301.mat,0.902199
2_302.mat,0.744972
2_303.mat,0.0245551
2_304.mat,0.00397935
2_305.mat,0.762805
2_306.mat,6.42561e-11
2_307.mat,0.574601
2_308.mat,0.0274114
2_309.mat,0.198252
2_310.mat,0.0263735
2_311.mat,0.00204786
2_312.mat,0.102854
2_313.mat,0.924483
2_314.mat,0.101114
2_315.mat,0.000641287
2_316.mat,0.72109
2_317.mat,0.980268
2_318.mat,0.976151
2_319.mat,0.109686
2_320.mat,0.0198423
2_321.mat,0.0102919
2_322.mat,7.68653e-10
2_323.mat,0.27433
2_324.mat,0.0794945
2_325.mat,5.90364e-07
2_326.mat,0.446518
2_327.mat,0.0507003
2_328.mat,0.295019
2_329.mat,0.874546
2_330.mat,0.574601
2_331.mat,3.52671e-10
2_332.mat,4.69568e-13
2_333.mat,0.0410294
2_334.mat,0.281517
2_335.mat,0.000123399
2_336.mat,0.0560105
2_337.mat,0.7141
2_338.mat,3.09428e-15
2_339.mat,0.990937
2_340.mat,0.406052
2_341.mat,0.49294
2_342.mat,0.268954
2_343.mat,0.947157
2_344.mat,0.484688
2_345.mat,0.00457132
2_346.mat,4.26667e-11
2_347.mat,3.07643e-09
2_348.mat,0.455236
2_349.mat,0.574601
2_350.mat,0.51004
2_351.mat,0.875827
2_352.mat,0.264362
2_353.mat,0.546566
2_354.mat,6.48107e-08
2_355.mat,0.106191
2_356.mat,9.65338e-06
2_357.mat,4.14989e-15
2_358.mat,0.755103
2_359.mat,0.86321
2_360.mat,2.54822e-05
2_361.mat,0.519069
2_362.mat,0.686384
2_363.mat,0.886096
2_364.mat,0.00271437
2_365.mat,0.00806
2_366.mat,0.0106197
2_367.mat,0.574601
2_368.mat,0.527761
2_369.mat,0.556306
2_370.mat,0.993263
2_371.mat,0.000325145
2_372.mat,0.000678416
2_373.mat,0.817804
2_374.mat,0.969846
2_375.mat,2.44538e-06
2_376.mat,0.0755364
2_377.mat,0.984248
2_378.mat,0.00307687
2_379.mat,0.347321
2_380.mat,0.727277
2_381.mat,0.102494
2_382.mat,4.75804e-07
2_383.mat,0.574601
2_384.mat,4.11343e-12
2_385.mat,0.391171
2_386.mat,8.58833e-11
2_387.mat,1.25774e-05
2_388.mat,1.28567e-10
2_389.mat,0.968223
2_390.mat,0.000633212
2_391.mat,0.300985
2_392.mat,1.05799e-06
2_393.mat,0.994979
2_394.mat,4.83392e-08
2_395.mat,0.974445
2_396.mat,0.32076
2_397.mat,0.972978
2_398.mat,4.45863e-12
2_399.mat,0.995732
2_400.mat,1.01144e-12
2_401.mat,0.999987
2_402.mat,0.0879642
2_403.mat,0.316808
2_404.mat,0.434347
2_405.mat,0.477459
2_406.mat,0.940787
2_407.mat,0.857175
2_408.mat,0.320361
2_409.mat,0.398265
2_410.mat,3.13699e-06
2_411.mat,0.000366814
2_412.mat,0.00448509
2_413.mat,0.475529
2_414.mat,0.52916
2_415.mat,0.000754551
2_416.mat,0.277862
2_417.mat,9.599e-13
2_418.mat,0.36506
2_419.mat,0.910182
2_420.mat,1.49666e-14
2_421.mat,0.95047
2_422.mat,0.521841
2_423.mat,0.433448
2_424.mat,0.572351
2_425.mat,0.0843273
2_426.mat,0.0571976
2_427.mat,0.0914114
2_428.mat,0.130766
2_429.mat,0.00611694
2_430.mat,0.992991
2_431.mat,0.590537
2_432.mat,1.81293e-21
2_433.mat,9.72172e-05
2_434.mat,0.33062
2_435.mat,1.61595e-05
2_436.mat,0.0119849
2_437.mat,8.01211e-05
2_438.mat,0.872029
2_439.mat,0.0107428
2_440.mat,0.673373
2_441.mat,0.348579
2_442.mat,0.440571
2_443.mat,0.874319
2_444.mat,0.000168334
2_445.mat,0.00544784
2_446.mat,1.61437e-09
2_447.mat,4.17054e-10
2_448.mat,0.814406
2_449.mat,0.22929
2_450.mat,0.655543
2_451.mat,0.892716
2_452.mat,0.986695
2_453.mat,1.05893e-14
2_454.mat,0.0468235
2_455.mat,0.000354185
2_456.mat,0.0939033
2_457.mat,0.805813
2_458.mat,1.82222e-06
2_459.mat,0.706521
2_460.mat,0.0660303
2_461.mat,0.126532
2_462.mat,0.302399
2_463.mat,0.00075061
2_464.mat,0.985234
2_465.mat,0.980619
2_466.mat,0.923684
2_467.mat,0.338389
2_468.mat,7.71962e-05
2_469.mat,0.926099
2_470.mat,0.650352
2_471.mat,0.0222572
2_472.mat,0.000470948
2_473.mat,0.065504
2_474.mat,0.446909
2_475.mat,0.0425569
2_476.mat,0.275045
2_477.mat,0.932784
2_478.mat,0.97987
2_479.mat,0.00977341
2_480.mat,0.035408
2_481.mat,0.97977
2_482.mat,7.45411e-09
2_483.mat,0.462086
2_484.mat,0.609556
2_485.mat,0.00992899
2_486.mat,0.319616
2_487.mat,7.85708e-07
2_488.mat,2.22875e-08
2_489.mat,9.49821e-06
2_490.mat,0.632508
2_491.mat,0.915716
2_492.mat,0.201228
2_493.mat,0.0106756
2_494.mat,0.979545
2_495.mat,0.146204
2_496.mat,0.115405
2_497.mat,0.494618
2_498.mat,0.0931954
2_499.mat,0.291872
2_500.mat,0.182311
2_501.mat,0.999067
2_502.mat,0.0383383
2_503.mat,5.63129e-10
2_504.mat,0.301556
2_505.mat,0.633399
2_506.mat,0.000149526
2_507.mat,1.09939e-06
2_508.mat,0.0415501
2_509.mat,4.4245e-07
2_510.mat,0.969013
2_511.mat,0.768979
2_512.mat,0.842789
2_513.mat,0.000402865
2_514.mat,0.00663792
2_515.mat,0.790872
2_516.mat,0.302033
2_517.mat,0.593119
2_518.mat,2.14018e-07
2_519.mat,0.0257612
2_520.mat,8.7705e-07
2_521.mat,1.22005e-10
2_522.mat,8.66422e-11
2_523.mat,0.0123101
2_524.mat,0.947055
2_525.mat,0.785422
2_526.mat,0.964991
2_527.mat,0.00478731
2_528.mat,1.22725e-12
2_529.mat,1.08275e-13
2_530.mat,0.535118
2_531.mat,0.967406
2_532.mat,0.0229543
2_533.mat,0.00253238
2_534.mat,0.0936479
2_535.mat,0.982653
2_536.mat,0.296256
2_537.mat,0.145952
2_538.mat,1.11009e-05
2_539.mat,0.00163678
2_540.mat,3.4235e-13
2_541.mat,7.84902e-08
2_542.mat,8.7133e-11
2_543.mat,0.00183001
2_544.mat,0.997579
2_545.mat,0.0599339
2_546.mat,0.696322
2_547.mat,0.959185
2_548.mat,0.99612
2_549.mat,0.182539
2_550.mat,0.0024122
2_551.mat,0.058217
2_552.mat,0.866542
2_553.mat,1.18369e-10
2_554.mat,0.990615
2_555.mat,0.0731782
2_556.mat,4.93689e-06
2_557.mat,0.4075
2_558.mat,0.704887
2_559.mat,0.00737751
2_560.mat,2.72848e-10
2_561.mat,0.947567
2_562.mat,0.15361
2_563.mat,0.822301
2_564.mat,0.994363
2_565.mat,0.989716
2_566.mat,0.000439884
2_567.mat,0.392865
2_568.mat,0.863777
2_569.mat,0.983539
2_570.mat,5.97979e-15
2_571.mat,0.111082
2_572.mat,4.21723e-09
2_573.mat,0.000234041
2_574.mat,0.983658
2_575.mat,0.670146
2_576.mat,0.993776
2_577.mat,0.0713081
2_578.mat,5.37807e-05
2_579.mat,0.984282
2_580.mat,0.669821
2_581.mat,0.863547
2_582.mat,0.870167
2_583.mat,0.998921
2_584.mat,0.985181
2_585.mat,0.0372725
2_586.mat,0.294036
2_587.mat,0.169534
2_588.mat,0.994464
2_589.mat,0.00746208
2_590.mat,0.533108
2_591.mat,0.894113
2_592.mat,0.00129375
2_593.mat,6.07664e-05
2_594.mat,5.28566e-10
2_595.mat,0.0443977
2_596.mat,0.806463
2_597.mat,0.906661
2_598.mat,0.0014129
2_599.mat,0.753623
2_600.mat,0.418114
2_601.mat,0.0122658
2_602.mat,0.607819
2_603.mat,0.992188
2_604.mat,0.0690137
2_605.mat,7.0715e-09
2_606.mat,0.85823
2_607.mat,0.00310559
2_608.mat,0.823047
2_609.mat,0.00576558
2_610.mat,0.973231
2_611.mat,0.970563
2_612.mat,0.330936
2_613.mat,0.000833362
2_614.mat,0.999537
2_615.mat,0.00647674
2_616.mat,1.0
2_617.mat,0.663335
2_618.mat,0.138697
2_619.mat,0.647958
2_620.mat,0.548077
2_621.mat,0.719763
2_622.mat,0.000133193
2_623.mat,0.066045
2_624.mat,1.70702e-07
2_625.mat,0.0276352
2_626.mat,6.50419e-05
2_627.mat,0.000557999
2_628.mat,6.4021e-09
2_629.mat,0.00129931
2_630.mat,0.767369
2_631.mat,0.742212
2_632.mat,0.574601
2_633.mat,0.0088409
2_634.mat,0.966258
2_635.mat,0.761333
2_636.mat,0.0452082
2_637.mat,0.573965
2_638.mat,0.289301
2_639.mat,0.234871
2_640.mat,0.294181
2_641.mat,0.00113995
2_642.mat,0.138455
2_643.mat,0.461539
2_644.mat,0.831473
2_645.mat,0.36436
2_646.mat,0.00379145
2_647.mat,0.764045
2_648.mat,0.813328
2_649.mat,0.891086
2_650.mat,0.82317
2_651.mat,0.972932
2_652.mat,0.518936
2_653.mat,2.7309e-13
2_654.mat,0.999775
2_655.mat,0.00227915
2_656.mat,0.000153865
2_657.mat,8.08963e-05
2_658.mat,0.79036
2_659.mat,0.964303
2_660.mat,0.814258
2_661.mat,0.0097628
2_662.mat,0.520395
2_663.mat,2.25462e-05
2_664.mat,0.0548822
2_665.mat,0.470977
2_666.mat,0.0786935
2_667.mat,0.704554
2_668.mat,0.197681
2_669.mat,0.0711162
2_670.mat,0.00765948
2_671.mat,0.00442355
2_672.mat,0.849243
2_673.mat,0.920498
2_674.mat,0.36773
2_675.mat,0.0384026
2_676.mat,7.29825e-19
2_677.mat,0.622591
2_678.mat,0.00674128
2_679.mat,0.00478032
2_680.mat,0.716976
2_681.mat,0.752498
2_682.mat,0.374406
2_683.mat,0.0312295
2_684.mat,0.0138835
2_685.mat,0.726353
2_686.mat,2.39806e-07
2_687.mat,0.268878
2_688.mat,0.909037
2_689.mat,2.04385e-05
2_690.mat,0.271713
2_691.mat,2.84443e-06
2_692.mat,0.449835
2_693.mat,0.0202596
2_694.mat,0.990596
2_695.mat,0.517258
2_696.mat,0.180515
2_697.mat,0.987361
2_698.mat,0.903845
2_699.mat,0.871976
2_700.mat,0.037357
2_701.mat,0.818997
2_702.mat,0.988323
2_703.mat,0.933525
2_704.mat,0.000225605
2_705.mat,3.4443e-17
2_706.mat,0.170575
2_707.mat,0.00105503
2_708.mat,0.103507
2_709.mat,3.69142e-20
2_710.mat,1.29185e-07
2_711.mat,0.116004
2_712.mat,0.00424858
2_713.mat,0.697617
2_714.mat,0.224543
2_715.mat,2.7787e-09
2_716.mat,0.715934
2_717.mat,2.34409e-15
2_718.mat,0.0666669
2_719.mat,5.96378e-10
2_720.mat,0.932767
2_721.mat,0.815969
2_722.mat,0.119819
2_723.mat,0.998396
2_724.mat,0.0190132
2_725.mat,0.138781
2_726.mat,1.04811e-06
2_727.mat,0.497099
2_728.mat,0.404605
2_729.mat,9.61732e-13
2_730.mat,0.367518
2_731.mat,0.765074
2_732.mat,0.574601
2_733.mat,0.665511
2_734.mat,0.00180608
2_735.mat,0.944707
2_736.mat,0.742523
2_737.mat,0.137198
2_738.mat,3.26891e-08
2_739.mat,0.848776
2_740.mat,0.887153
2_741.mat,0.00117672
2_742.mat,1.35621e-05
2_743.mat,0.890742
2_744.mat,0.914567
2_745.mat,0.0648953
2_746.mat,0.946246
2_747.mat,2.26237e-06
2_748.mat,0.340746
2_749.mat,0.913423
2_750.mat,0.849042
2_751.mat,0.0226031
2_752.mat,0.00439906
2_753.mat,0.115589
2_754.mat,0.543518
2_755.mat,0.639455
2_756.mat,0.0231226
2_757.mat,0.993562
2_758.mat,0.0386166
2_759.mat,0.389447
2_760.mat,0.862875
2_761.mat,0.00341212
2_762.mat,0.957635
2_763.mat,2.483e-08
2_764.mat,0.298889
2_765.mat,0.990477
2_766.mat,0.999066
2_767.mat,0.236541
2_768.mat,0.196952
2_769.mat,0.883937
2_770.mat,5.46731e-07
2_771.mat,0.156931
2_772.mat,0.859864
2_773.mat,0.423029
2_774.mat,0.45765
2_775.mat,3.55131e-05
2_776.mat,4.58749e-12
2_777.mat,2.42889e-05
2_778.mat,0.306843
2_779.mat,0.997793
2_780.mat,0.390414
2_781.mat,0.944654
2_782.mat,0.971872
2_783.mat,0.0330192
2_784.mat,0.0863633
2_785.mat,4.83097e-05
2_786.mat,0.0843221
2_787.mat,0.00361274
2_788.mat,0.000323369
2_789.mat,0.122623
2_790.mat,3.13671e-08
2_791.mat,0.00249552
2_792.mat,0.978009
2_793.mat,0.915962
2_794.mat,0.454734
2_795.mat,0.969003
2_796.mat,0.532848
2_797.mat,0.0983089
2_798.mat,0.991719
2_799.mat,0.0788339
2_800.mat,0.000584991
2_801.mat,0.742244
2_802.mat,0.0320596
2_803.mat,0.797983
2_804.mat,8.90347e-10
2_805.mat,5.49395e-05
2_806.mat,0.88793
2_807.mat,0.77942
2_808.mat,0.190497
2_809.mat,0.916191
2_810.mat,5.85523e-05
2_811.mat,0.511954
2_812.mat,0.162968
2_813.mat,0.0021677
2_814.mat,0.0180827
2_815.mat,9.21705e-13
2_816.mat,0.0054354
2_817.mat,0.361486
2_818.mat,0.000577657
2_819.mat,0.560741
2_820.mat,0.95556
2_821.mat,0.00160009
2_822.mat,1.58548e-27
2_823.mat,6.88842e-05
2_824.mat,0.611429
2_825.mat,4.38698e-05
2_826.mat,0.341432
2_827.mat,0.0268626
2_828.mat,0.977014
2_829.mat,0.901384
2_830.mat,0.115405
2_831.mat,0.0520687
2_832.mat,0.872864
2_833.mat,0.990923
2_834.mat,7.0385e-08
2_835.mat,0.0130948
2_836.mat,1.14819e-09
2_837.mat,4.88166e-13
2_838.mat,0.781987
2_839.mat,0.0168538
2_840.mat,0.00393906
2_841.mat,4.10241e-07
2_842.mat,0.975008
2_843.mat,0.86331
2_844.mat,0.986948
2_845.mat,0.000316274
2_846.mat,0.966306
2_847.mat,2.04223e-05
2_848.mat,0.877827
2_849.mat,0.574601
2_850.mat,0.547177
2_851.mat,0.70532
2_852.mat,0.327653
2_853.mat,0.117163
2_854.mat,0.688905
2_855.mat,0.108454
2_856.mat,0.00196336
2_857.mat,1.23726e-13
2_858.mat,0.00104866
2_859.mat,7.72308e-06
2_860.mat,0.0743313
2_861.mat,0.988151
2_862.mat,1.40668e-05
2_863.mat,0.0478321
2_864.mat,0.994402
2_865.mat,0.435958
2_866.mat,0.705107
2_867.mat,2.206e-10
2_868.mat,0.35766
2_869.mat,6.45592e-05
2_870.mat,0.373783
2_871.mat,0.827301
2_872.mat,1.95668e-08
2_873.mat,0.559164
2_874.mat,0.97309
2_875.mat,0.999714
2_876.mat,0.000674419
2_877.mat,0.00945917
2_878.mat,0.0236458
2_879.mat,0.292877
2_880.mat,0.00439325
2_881.mat,0.853946
2_882.mat,3.22111e-05
2_883.mat,2.70922e-14
2_884.mat,0.903848
2_885.mat,0.995467
2_886.mat,0.98035
2_887.mat,9.60213e-13
2_888.mat,1.72873e-13
2_889.mat,0.0963488
2_890.mat,0.388153
2_891.mat,0.00531417
2_892.mat,0.775219
2_893.mat,0.185386
2_894.mat,0.574601
2_895.mat,0.000668794
2_896.mat,0.00348923
2_897.mat,0.219749
2_898.mat,0.534832
2_899.mat,0.235772
2_900.mat,1.93775e-12
2_901.mat,0.18913
2_902.mat,7.81271e-09
2_903.mat,0.0798389
2_904.mat,2.01872e-17
2_905.mat,0.129649
2_906.mat,0.982729
2_907.mat,1.52649e-05
2_908.mat,0.698278
2_909.mat,0.397338
2_910.mat,3.76769e-08
2_911.mat,0.0251086
2_912.mat,0.137826
2_913.mat,0.999677
2_914.mat,0.0011962
2_915.mat,0.556312
2_916.mat,0.855579
2_917.mat,0.014986
2_918.mat,0.0381928
2_919.mat,0.110174
2_920.mat,2.87577e-05
2_921.mat,0.824876
2_922.mat,1.06382e-06
2_923.mat,0.0154733
2_924.mat,0.540377
2_925.mat,0.00469361
2_926.mat,0.415437
2_927.mat,0.997567
2_928.mat,0.0824354
2_929.mat,0.00120447
2_930.mat,0.226387
2_931.mat,0.179462
2_932.mat,0.137246
2_933.mat,0.936947
2_934.mat,2.19782e-06
2_935.mat,0.574601
2_936.mat,0.926288
2_937.mat,0.0870203
2_938.mat,0.987291
2_939.mat,0.0555208
2_940.mat,2.31422e-11
2_941.mat,6.11298e-08
2_942.mat,0.504222
2_943.mat,0.998852
2_944.mat,0.109054
2_945.mat,0.158544
2_946.mat,0.574601
2_947.mat,0.655877
2_948.mat,0.978034
2_949.mat,4.10869e-19
2_950.mat,0.0285103
2_951.mat,0.618493
2_952.mat,6.66027e-10
2_953.mat,0.888249
2_954.mat,0.246037
2_955.mat,0.944715
2_956.mat,0.97827
2_957.mat,0.185551
2_958.mat,3.18413e-05
2_959.mat,0.0101473
2_960.mat,1.38873e-09
2_961.mat,0.997307
2_962.mat,2.37227e-07
2_963.mat,0.934826
2_964.mat,0.979635
2_965.mat,8.28589e-10
2_966.mat,0.962698
2_967.mat,0.888769
2_968.mat,0.247515
2_969.mat,0.357673
2_970.mat,6.26333e-11
2_971.mat,0.124903
2_972.mat,0.617105
2_973.mat,0.344681
2_974.mat,0.162778
2_975.mat,0.997392
2_976.mat,0.531299
2_977.mat,0.893665
2_978.mat,0.124295
2_979.mat,0.970335
2_980.mat,0.499106
2_981.mat,0.00615813
2_982.mat,0.298921
2_983.mat,0.999909
2_984.mat,1.1957e-10
2_985.mat,0.000190175
2_986.mat,0.00886265
2_987.mat,0.99793
2_988.mat,0.0136502
2_989.mat,1.87689e-10
2_990.mat,0.000425668
2_991.mat,0.375582
2_992.mat,0.957901
2_993.mat,0.00114576
2_994.mat,0.658916
2_995.mat,0.966169
2_996.mat,0.0782447
2_997.mat,0.00129552
2_998.mat,0.999793
2_999.mat,0.289423
2_1000.mat,5.23312e-19
2_1001.mat,0.716304
2_1002.mat,0.670331
2_1003.mat,0.692173
2_1004.mat,0.875106
2_1005.mat,0.0383772
2_1006.mat,0.00196347
2_1007.mat,0.674171
2_1008.mat,1.95376e-10
2_1009.mat,0.816283
2_1010.mat,0.00177883
2_1011.mat,0.992791
2_1012.mat,2.37422e-05
2_1013.mat,0.574601
2_1014.mat,3.46205e-08
2_1015.mat,0.972411
2_1016.mat,0.960664
2_1017.mat,3.21653e-06
2_1018.mat,0.0037161
2_1019.mat,0.0298319
2_1020.mat,0.000825331
2_1021.mat,0.0262484
2_1022.mat,6.18301e-07
2_1023.mat,1.02972e-11
2_1024.mat,0.017261
2_1025.mat,0.98092
2_1026.mat,0.997731
2_1027.mat,0.635163
2_1028.mat,3.54643e-17
2_1029.mat,2.37251e-13
2_1030.mat,0.0105543
2_1031.mat,0.928589
2_1032.mat,0.753423
2_1033.mat,0.872978
2_1034.mat,3.35407e-12
2_1035.mat,0.246476
2_1036.mat,0.402424
2_1037.mat,0.621917
2_1038.mat,0.00240629
2_1039.mat,0.355139
2_1040.mat,0.846978
2_1041.mat,0.00739736
2_1042.mat,0.83882
2_1043.mat,0.815998
2_1044.mat,0.783862
2_1045.mat,0.998262
2_1046.mat,0.213468
2_1047.mat,0.628661
2_1048.mat,0.996451
2_1049.mat,0.592458
2_1050.mat,0.247322
2_1051.mat,1.35664e-06
2_1052.mat,0.512486
2_1053.mat,0.512725
2_1054.mat,0.772168
2_1055.mat,0.000107727
2_1056.mat,1.20028e-05
2_1057.mat,0.000922965
2_1058.mat,0.533918
2_1059.mat,0.198476
2_1060.mat,0.999624
2_1061.mat,0.986745
2_1062.mat,0.397912
2_1063.mat,0.758936
2_1064.mat,0.00837913
2_1065.mat,0.0137051
2_1066.mat,0.000155277
2_1067.mat,0.27952
2_1068.mat,0.00191668
2_1069.mat,0.626776
2_1070.mat,0.00990919
2_1071.mat,0.968312
2_1072.mat,0.888751
2_1073.mat,1.01424e-05
2_1074.mat,0.000218957
2_1075.mat,0.0170769
2_1076.mat,0.200766
2_1077.mat,0.716928
2_1078.mat,0.320426
2_1079.mat,0.476184
2_1080.mat,0.0711622
2_1081.mat,0.00737679
2_1082.mat,0.332069
2_1083.mat,0.0437972
2_1084.mat,0.117603
2_1085.mat,1.10971e-13
2_1086.mat,0.849874
2_1087.mat,0.983371
2_1088.mat,1.58983e-15
2_1089.mat,0.396657
2_1090.mat,0.79497
2_1091.mat,0.469358
2_1092.mat,0.125676
2_1093.mat,0.362556
2_1094.mat,0.000178491
2_1095.mat,0.328342
2_1096.mat,0.639632
2_1097.mat,0.575416
2_1098.mat,0.000103088
2_1099.mat,0.777204
2_1100.mat,0.0648358
2_1101.mat,0.106338
2_1102.mat,0.628288
2_1103.mat,0.0970968
2_1104.mat,0.859726
2_1105.mat,1.97045e-06
2_1106.mat,0.00409565
2_1107.mat,0.415527
2_1108.mat,0.361951
2_1109.mat,0.9945
2_1110.mat,0.784838
2_1111.mat,0.98734
2_1112.mat,0.0640988
2_1113.mat,0.293909
2_1114.mat,0.000163753
2_1115.mat,1.68928e-10
2_1116.mat,0.0617872
2_1117.mat,0.569606
2_1118.mat,0.308644
2_1119.mat,0.000338134
2_1120.mat,0.0572546
2_1121.mat,0.0182289
2_1122.mat,0.98441
2_1123.mat,0.0216928
2_1124.mat,0.00366178
2_1125.mat,0.00343351
2_1126.mat,0.866578
2_1127.mat,0.561537
2_1128.mat,0.660396
2_1129.mat,0.794235
2_1130.mat,0.0597789
2_1131.mat,0.256717
2_1132.mat,0.951657
2_1133.mat,4.71048e-17
2_1134.mat,0.792794
2_1135.mat,2.55085e-06
2_1136.mat,5.23755e-09
2_1137.mat,0.441999
2_1138.mat,3.3542e-06
2_1139.mat,2.71519e-08
2_1140.mat,0.44137
2_1141.mat,0.844784
2_1142.mat,0.992254
2_1143.mat,0.930545
2_1144.mat,0.16349
2_1145.mat,2.3863e-08
2_1146.mat,0.887523
2_1147.mat,0.767652
2_1148.mat,0.440665
2_1149.mat,0.000341464
2_1150.mat,0.0319555
2_1151.mat,0.633746
2_1152.mat,0.00169739
2_1153.mat,0.28206
2_1154.mat,0.884504
2_1155.mat,0.854473
2_1156.mat,0.81032
2_1157.mat,0.885409
2_1158.mat,0.963682
2_1159.mat,0.954408
2_1160.mat,0.0639107
2_1161.mat,0.119911
2_1162.mat,0.110098
2_1163.mat,0.00599611
2_1164.mat,0.032793
2_1165.mat,0.870335
2_1166.mat,1.15668e-16
2_1167.mat,0.731943
2_1168.mat,0.476995
2_1169.mat,0.686067
2_1170.mat,0.218834
2_1171.mat,0.920979
2_1172.mat,0.00075262
2_1173.mat,2.23521e-10
2_1174.mat,0.891936
2_1175.mat,0.846497
2_1176.mat,1.37658e-11
2_1177.mat,0.974837
2_1178.mat,0.833145
2_1179.mat,0.0102379
2_1180.mat,0.570707
2_1181.mat,7.03591e-15
2_1182.mat,2.05177e-05
2_1183.mat,0.0644551
2_1184.mat,0.876508
2_1185.mat,0.673665
2_1186.mat,5.30835e-06
2_1187.mat,0.00832916
2_1188.mat,0.0389445
2_1189.mat,0.947702
2_1190.mat,0.987818
2_1191.mat,0.553639
2_1192.mat,2.57067e-08
2_1193.mat,0.01676
2_1194.mat,0.981148
2_1195.mat,0.445954
2_1196.mat,0.199224
2_1197.mat,0.0414123
2_1198.mat,1.10117e-12
2_1199.mat,0.111932
2_1200.mat,0.9619
2_1201.mat,2.1221e-16
2_1202.mat,0.142896
2_1203.mat,5.4082e-09
2_1204.mat,0.835373
2_1205.mat,0.989743
2_1206.mat,0.000372031
2_1207.mat,0.359296
2_1208.mat,0.901983
2_1209.mat,0.898546
2_1210.mat,0.217776
2_1211.mat,5.16836e-15
2_1212.mat,0.204107
2_1213.mat,7.76547e-05
2_1214.mat,0.999427
2_1215.mat,0.97011
2_1216.mat,0.000147898
2_1217.mat,0.938105
2_1218.mat,0.366518
2_1219.mat,0.983406
2_1220.mat,1.44853e-08
2_1221.mat,0.0191131
2_1222.mat,4.485e-06
2_1223.mat,2.34208e-05
2_1224.mat,0.815069
2_1225.mat,0.224226
2_1226.mat,1.69895e-06
2_1227.mat,0.734842
2_1228.mat,0.673552
2_1229.mat,0.0025427
2_1230.mat,0.000266912
2_1231.mat,0.859984
2_1232.mat,0.595494
2_1233.mat,0.0383545
2_1234.mat,0.0578019
2_1235.mat,0.343744
2_1236.mat,2.91194e-10
2_1237.mat,9.25785e-08
2_1238.mat,2.1657e-05
2_1239.mat,0.00866518
2_1240.mat,0.888788
2_1241.mat,0.101684
2_1242.mat,0.886071
2_1243.mat,3.24907e-08
2_1244.mat,0.207536
2_1245.mat,0.945183
2_1246.mat,0.033467
2_1247.mat,0.539489
2_1248.mat,6.27069e-15
2_1249.mat,3.97474e-05
2_1250.mat,0.0011809
2_1251.mat,0.919614
2_1252.mat,0.00185309
2_1253.mat,0.995788
2_1254.mat,0.0547798
2_1255.mat,0.990688
2_1256.mat,0.766063
2_1257.mat,0.804911
2_1258.mat,1.45635e-07
2_1259.mat,0.405524
2_1260.mat,0.0116404
2_1261.mat,0.00455919
2_1262.mat,5.13217e-08
2_1263.mat,0.386707
2_1264.mat,0.804466
2_1265.mat,0.133605
2_1266.mat,0.370361
2_1267.mat,0.963936
2_1268.mat,0.726068
2_1269.mat,0.0263917
2_1270.mat,0.992938
2_1271.mat,9.11281e-07
2_1272.mat,0.377778
2_1273.mat,0.93341
2_1274.mat,0.296285
2_1275.mat,5.03308e-10
2_1276.mat,0.0131101
2_1277.mat,0.000181167
2_1278.mat,0.0679761
2_1279.mat,0.817201
2_1280.mat,0.351402
2_1281.mat,0.786054
2_1282.mat,0.225082
2_1283.mat,1.60477e-08
2_1284.mat,0.163019
2_1285.mat,0.949191
2_1286.mat,0.517501
2_1287.mat,0.828941
2_1288.mat,0.999091
2_1289.mat,0.113797
2_1290.mat,0.00762526
2_1291.mat,0.0108686
2_1292.mat,0.00567022
2_1293.mat,0.94208
2_1294.mat,0.000232222
2_1295.mat,0.949521
2_1296.mat,0.559313
2_1297.mat,0.862258
2_1298.mat,0.992228
2_1299.mat,6.83325e-15
2_1300.mat,0.843117
2_1301.mat,0.00536497
2_1302.mat,0.385094
2_1303.mat,2.7886e-10
2_1304.mat,0.990419
2_1305.mat,0.00204702
2_1306.mat,0.0844457
2_1307.mat,0.996062
2_1308.mat,0.607077
2_1309.mat,7.40522e-06
2_1310.mat,0.854642
2_1311.mat,0.00029366
2_1312.mat,0.520716
2_1313.mat,0.00706059
2_1314.mat,0.766679
2_1315.mat,7.8712e-13
2_1316.mat,0.27554
2_1317.mat,0.953681
2_1318.mat,0.0300288
2_1319.mat,4.36931e-09
2_1320.mat,5.3877e-13
2_1321.mat,0.483165
2_1322.mat,0.00112129
2_1323.mat,0.583829
2_1324.mat,0.960245
2_1325.mat,0.0176517
2_1326.mat,0.14973
2_1327.mat,4.72015e-06
2_1328.mat,0.138705
2_1329.mat,0.0252447
2_1330.mat,3.59587e-06
2_1331.mat,0.721553
2_1332.mat,2.1192e-15
2_1333.mat,0.363553
2_1334.mat,0.278223
2_1335.mat,0.119673
2_1336.mat,0.000484592
2_1337.mat,0.527744
2_1338.mat,1.39702e-12
2_1339.mat,0.0040586
2_1340.mat,0.890121
2_1341.mat,7.06666e-05
2_1342.mat,0.197956
2_1343.mat,7.41708e-14
2_1344.mat,1.02738e-07
2_1345.mat,0.000178693
2_1346.mat,0.315072
2_1347.mat,0.658711
2_1348.mat,0.368385
2_1349.mat,0.000139062
2_1350.mat,0.682003
2_1351.mat,4.98677e-17
2_1352.mat,0.288496
2_1353.mat,0.574663
2_1354.mat,0.0245152
2_1355.mat,0.0141692
2_1356.mat,4.90622e-12
2_1357.mat,0.0129936
2_1358.mat,0.679585
2_1359.mat,0.982756
2_1360.mat,0.343899
2_1361.mat,1.62037e-13
2_1362.mat,0.770591
2_1363.mat,0.786541
2_1364.mat,0.994727
2_1365.mat,2.52268e-11
2_1366.mat,1.36678e-10
2_1367.mat,1.08718e-17
2_1368.mat,0.000208035
2_1369.mat,0.556727
2_1370.mat,0.856155
2_1371.mat,0.755213
2_1372.mat,6.20163e-06
2_1373.mat,0.000201934
2_1374.mat,0.749386
2_1375.mat,0.958523
2_1376.mat,0.098347
2_1377.mat,0.630577
2_1378.mat,0.892943
2_1379.mat,9.88136e-17
2_1380.mat,0.947946
2_1381.mat,0.0528196
2_1382.mat,0.96093
2_1383.mat,3.76804e-06
2_1384.mat,0.999132
2_1385.mat,0.440325
2_1386.mat,0.0419059
2_1387.mat,0.9891
2_1388.mat,0.244115
2_1389.mat,0.878286
2_1390.mat,0.72332
2_1391.mat,0.149543
2_1392.mat,0.0584384
2_1393.mat,0.384258
2_1394.mat,0.992842
2_1395.mat,0.0502262
2_1396.mat,6.25251e-05
2_1397.mat,0.854754
2_1398.mat,0.00132475
2_1399.mat,2.20847e-09
2_1400.mat,0.00948452
2_1401.mat,3.50964e-06
2_1402.mat,0.00954068
2_1403.mat,0.00016323
2_1404.mat,0.726098
2_1405.mat,0.993823
2_1406.mat,0.00134542
2_1407.mat,0.987374
2_1408.mat,0.000123744
2_1409.mat,0.855629
2_1410.mat,0.961066
2_1411.mat,0.934335
2_1412.mat,0.59233
2_1413.mat,0.155583
2_1414.mat,0.983453
2_1415.mat,0.69781
2_1416.mat,1.08343e-11
2_1417.mat,0.30841
2_1418.mat,0.568346
2_1419.mat,0.813935
2_1420.mat,0.791903
2_1421.mat,0.530668
2_1422.mat,3.63031e-16
2_1423.mat,0.923813
2_1424.mat,0.347916
2_1425.mat,0.0483635
2_1426.mat,0.460013
2_1427.mat,0.32446
2_1428.mat,0.955718
2_1429.mat,0.301535
2_1430.mat,0.0113618
2_1431.mat,0.140549
2_1432.mat,0.529097
2_1433.mat,0.724685
2_1434.mat,0.613351
2_1435.mat,0.968419
2_1436.mat,4.08293e-11
2_1437.mat,0.0115575
2_1438.mat,1.57579e-09
2_1439.mat,0.145696
2_1440.mat,1.63603e-06
2_1441.mat,0.0765272
2_1442.mat,0.000245811
2_1443.mat,0.207155
2_1444.mat,4.56204e-10
2_1445.mat,0.587755
2_1446.mat,0.000110282
2_1447.mat,0.127156
2_1448.mat,0.608746
2_1449.mat,0.977704
2_1450.mat,0.749901
2_1451.mat,0.00927171
2_1452.mat,0.989025
2_1453.mat,5.59824e-07
2_1454.mat,0.552944
2_1455.mat,0.595644
2_1456.mat,4.77535e-08
2_1457.mat,2.59655e-05
2_1458.mat,0.731739
2_1459.mat,0.999791
2_1460.mat,0.284501
2_1461.mat,0.172174
2_1462.mat,0.00128688
2_1463.mat,0.0221433
2_1464.mat,0.871907
2_1465.mat,0.736596
2_1466.mat,0.00578785
2_1467.mat,0.886068
2_1468.mat,0.355543
2_1469.mat,0.894148
2_1470.mat,1.24911e-10
2_1471.mat,0.23526
2_1472.mat,0.00337759
2_1473.mat,0.422697
2_1474.mat,0.00485913
2_1475.mat,1.78923e-05
2_1476.mat,0.991126
2_1477.mat,0.754603
2_1478.mat,0.0884044
2_1479.mat,0.210327
2_1480.mat,0.975738
2_1481.mat,0.990313
2_1482.mat,0.0159573
2_1483.mat,0.0121932
2_1484.mat,0.251953
2_1485.mat,2.61538e-06
2_1486.mat,2.48298e-15
2_1487.mat,0.573833
2_1488.mat,0.978689
2_1489.mat,0.972548
2_1490.mat,2.59152e-05
2_1491.mat,0.697503
2_1492.mat,0.0200322
2_1493.mat,0.464238
2_1494.mat,0.30467
2_1495.mat,0.000110404
2_1496.mat,0.409125
2_1497.mat,0.586219
2_1498.mat,4.29659e-06
2_1499.mat,0.00197179
2_1500.mat,3.41492e-05
2_1501.mat,0.000204593
2_1502.mat,0.512122
2_1503.mat,0.319655
2_1504.mat,0.000170675
2_1505.mat,0.401861
2_1506.mat,0.383293
2_1507.mat,8.82559e-18
2_1508.mat,5.54649e-13
2_1509.mat,0.685298
2_1510.mat,0.369812
2_1511.mat,0.0524345
2_1512.mat,2.03669e-17
2_1513.mat,3.72999e-05
2_1514.mat,0.188681
2_1515.mat,0.00840661
2_1516.mat,0.968016
2_1517.mat,0.00594102
2_1518.mat,0.105766
2_1519.mat,0.621485
2_1520.mat,0.324525
2_1521.mat,0.00948084
2_1522.mat,0.992296
2_1523.mat,0.204036
2_1524.mat,0.962398
2_1525.mat,0.0527112
2_1526.mat,0.893334
2_1527.mat,0.139752
2_1528.mat,0.829532
2_1529.mat,0.922198
2_1530.mat,0.633955
2_1531.mat,0.398861
2_1532.mat,0.666361
2_1533.mat,0.359195
2_1534.mat,0.532565
2_1535.mat,0.0249472
2_1536.mat,0.429034
2_1537.mat,0.864652
2_1538.mat,2.01654e-06
2_1539.mat,1.91708e-07
2_1540.mat,0.410667
2_1541.mat,0.481947
2_1542.mat,0.574601
2_1543.mat,0.170523
2_1544.mat,0.0892276
2_1545.mat,0.618247
2_1546.mat,0.000912064
2_1547.mat,5.51785e-08
2_1548.mat,0.761279
2_1549.mat,0.186458
2_1550.mat,0.176242
2_1551.mat,0.217294
2_1552.mat,2.98275e-07
2_1553.mat,0.777128
2_1554.mat,0.0285686
2_1555.mat,0.286531
2_1556.mat,0.762678
2_1557.mat,0.370203
2_1558.mat,0.771445
2_1559.mat,0.288031
2_1560.mat,3.98771e-05
2_1561.mat,0.986192
2_1562.mat,0.430335
2_1563.mat,0.448942
2_1564.mat,0.992318
2_1565.mat,0.0209306
2_1566.mat,6.95972e-13
2_1567.mat,0.959824
2_1568.mat,8.12138e-14
2_1569.mat,3.16576e-07
2_1570.mat,0.942729
2_1571.mat,0.974349
2_1572.mat,0.311214
2_1573.mat,7.96013e-11
2_1574.mat,3.45369e-15
2_1575.mat,0.997775
2_1576.mat,0.454228
2_1577.mat,0.0770232
2_1578.mat,0.00885874
2_1579.mat,0.984041
2_1580.mat,0.000358516
2_1581.mat,4.4997e-15
2_1582.mat,0.00338404
2_1583.mat,0.242128
2_1584.mat,1.38438e-11
2_1585.mat,0.82896
2_1586.mat,0.986923
2_1587.mat,0.138703
2_1588.mat,0.967115
2_1589.mat,2.46906e-05
2_1590.mat,0.997931
2_1591.mat,0.949196
2_1592.mat,0.0295888
2_1593.mat,0.0387941
2_1594.mat,0.647188
2_1595.mat,6.66788e-08
2_1596.mat,0.20532
2_1597.mat,0.00595688
2_1598.mat,0.940948
2_1599.mat,0.950296
2_1600.mat,7.97595e-06
2_1601.mat,0.038473
2_1602.mat,0.74678
2_1603.mat,1.00597e-05
2_1604.mat,7.0301e-05
2_1605.mat,0.236812
2_1606.mat,0.0050278
2_1607.mat,0.989437
2_1608.mat,0.998603
2_1609.mat,0.143841
2_1610.mat,0.883416
2_1611.mat,6.42178e-14
2_1612.mat,0.00138315
2_1613.mat,0.0111999
2_1614.mat,1.12385e-15
2_1615.mat,1.26071e-06
2_1616.mat,9.35295e-18
2_1617.mat,0.484927
2_1618.mat,1.0309e-10
2_1619.mat,0.000843233
2_1620.mat,0.988584
2_1621.mat,0.0012598
2_1622.mat,0.439416
2_1623.mat,0.487147
2_1624.mat,0.574601
2_1625.mat,3.45013e-06
2_1626.mat,0.637676
2_1627.mat,1.14633e-12
2_1628.mat,0.929509
2_1629.mat,0.880724
2_1630.mat,0.0825411
2_1631.mat,0.0589828
2_1632.mat,0.136139
2_1633.mat,5.02446e-14
2_1634.mat,0.757414
2_1635.mat,9.658e-08
2_1636.mat,0.605706
2_1637.mat,0.959314
2_1638.mat,0.554268
2_1639.mat,0.00125423
2_1640.mat,0.177516
2_1641.mat,0.997627
2_1642.mat,0.407807
2_1643.mat,0.157093
2_1644.mat,0.00746772
2_1645.mat,0.000131781
2_1646.mat,0.00741064
2_1647.mat,0.752443
2_1648.mat,0.939472
2_1649.mat,0.000756558
2_1650.mat,7.6638e-05
2_1651.mat,0.989421
2_1652.mat,0.850931
2_1653.mat,0.00351778
2_1654.mat,0.948682
2_1655.mat,0.960672
2_1656.mat,0.528066
2_1657.mat,0.582475
2_1658.mat,0.00630579
2_1659.mat,0.788392
2_1660.mat,0.0154325
2_1661.mat,0.503373
2_1662.mat,0.764203
2_1663.mat,0.11331
2_1664.mat,0.851521
2_1665.mat,0.774172
2_1666.mat,1.38349e-05
2_1667.mat,0.905942
2_1668.mat,0.151451
2_1669.mat,0.574601
2_1670.mat,0.614017
2_1671.mat,0.996474
2_1672.mat,0.170801
2_1673.mat,0.000243591
2_1674.mat,0.000148814
2_1675.mat,0.000345326
2_1676.mat,0.470462
2_1677.mat,0.563647
2_1678.mat,0.996839
2_1679.mat,5.61047e-11
2_1680.mat,0.994527
2_1681.mat,0.4436
2_1682.mat,0.00210084
2_1683.mat,0.768084
2_1684.mat,1.45614e-10
2_1685.mat,0.940492
2_1686.mat,0.0957016
2_1687.mat,0.937654
2_1688.mat,0.377095
2_1689.mat,0.00212683
2_1690.mat,0.627955
2_1691.mat,0.331608
2_1692.mat,1.04194e-08
2_1693.mat,0.109312
2_1694.mat,0.99991
2_1695.mat,1.12515e-08
2_1696.mat,9.12807e-12
2_1697.mat,0.867019
2_1698.mat,0.0106083
2_1699.mat,0.800251
2_1700.mat,0.986877
2_1701.mat,0.016763
2_1702.mat,0.459223
2_1703.mat,0.0597194
2_1704.mat,0.134364
2_1705.mat,0.474285
2_1706.mat,0.251539
2_1707.mat,1.47247e-05
2_1708.mat,0.420521
2_1709.mat,0.906777
2_1710.mat,0.999517
2_1711.mat,0.000609742
2_1712.mat,3.56567e-05
2_1713.mat,0.0012888
2_1714.mat,0.000164195
2_1715.mat,9.9961e-19
2_1716.mat,0.939688
2_1717.mat,0.832889
2_1718.mat,2.3187e-10
2_1719.mat,0.0724744
2_1720.mat,4.36094e-09
2_1721.mat,0.101678
2_1722.mat,0.860961
2_1723.mat,0.741408
2_1724.mat,0.300968
2_1725.mat,0.904669
2_1726.mat,0.84369
2_1727.mat,4.0173e-10
2_1728.mat,9.29377e-19
2_1729.mat,0.307114
2_1730.mat,0.228144
2_1731.mat,4.12928e-05
2_1732.mat,0.0860335
2_1733.mat,0.780653
2_1734.mat,0.327917
2_1735.mat,0.100497
2_1736.mat,0.0385437
2_1737.mat,0.160559
2_1738.mat,0.228666
2_1739.mat,0.000261209
2_1740.mat,3.23251e-14
2_1741.mat,1.15821e-08
2_1742.mat,0.0405605
2_1743.mat,0.107485
2_1744.mat,0.000335553
2_1745.mat,1.89602e-12
2_1746.mat,0.0696688
2_1747.mat,4.94471e-06
2_1748.mat,2.3676e-12
2_1749.mat,0.0011763
2_1750.mat,0.142617
2_1751.mat,0.107976
2_1752.mat,0.63147
2_1753.mat,0.365773
2_1754.mat,0.000534637
2_1755.mat,0.827282
2_1756.mat,0.0140375
2_1757.mat,0.374881
2_1758.mat,1.11633e-07
2_1759.mat,0.870617
2_1760.mat,2.15712e-05
2_1761.mat,0.962902
2_1762.mat,0.001307
2_1763.mat,0.780324
2_1764.mat,0.0335643
2_1765.mat,0.542494
2_1766.mat,0.90262
2_1767.mat,0.402075
2_1768.mat,0.627381
2_1769.mat,1.79459e-05
2_1770.mat,0.951846
2_1771.mat,0.602933
2_1772.mat,0.289395
2_1773.mat,0.427916
2_1774.mat,0.821125
2_1775.mat,0.963908
2_1776.mat,0.887663
2_1777.mat,0.893822
2_1778.mat,2.98834e-11
2_1779.mat,0.0770937
2_1780.mat,0.00750401
2_1781.mat,0.848097
2_1782.mat,0.00371495
2_1783.mat,6.29139e-05
2_1784.mat,0.984197
2_1785.mat,0.961193
2_1786.mat,0.999512
2_1787.mat,0.439596
2_1788.mat,0.574601
2_1789.mat,0.733213
2_1790.mat,0.965724
2_1791.mat,9.9351e-06
2_1792.mat,0.99766
2_1793.mat,0.235283
2_1794.mat,0.110456
2_1795.mat,0.880744
2_1796.mat,0.916054
2_1797.mat,1.57422e-07
2_1798.mat,3.27215e-17
2_1799.mat,0.034346
2_1800.mat,6.64056e-06
2_1801.mat,0.334367
2_1802.mat,0.965124
2_1803.mat,0.945994
2_1804.mat,0.573409
2_1805.mat,0.588456
2_1806.mat,0.940961
2_1807.mat,0.937976
2_1808.mat,1.0
2_1809.mat,0.995217
2_1810.mat,0.0275259
2_1811.mat,0.00170794
2_1812.mat,0.985615
2_1813.mat,0.843918
2_1814.mat,0.785583
2_1815.mat,0.145539
2_1816.mat,0.31104
2_1817.mat,0.369638
2_1818.mat,0.103264
2_1819.mat,0.916568
2_1820.mat,0.0320716
2_1821.mat,0.215799
2_1822.mat,0.0237396
2_1823.mat,0.483819
2_1824.mat,0.413406
2_1825.mat,5.79559e-11
2_1826.mat,0.382373
2_1827.mat,0.0908971
2_1828.mat,0.967387
2_1829.mat,0.945338
2_1830.mat,0.996027
2_1831.mat,0.691953
2_1832.mat,0.943706
2_1833.mat,0.871795
2_1834.mat,0.263183
2_1835.mat,3.90911e-07
2_1836.mat,0.557385
2_1837.mat,0.527207
2_1838.mat,0.0469944
2_1839.mat,0.0270091
2_1840.mat,1.24571e-12
2_1841.mat,0.574601
2_1842.mat,2.57081e-12
2_1843.mat,0.0752165
2_1844.mat,0.511994
2_1845.mat,0.202508
2_1846.mat,0.781473
2_1847.mat,0.999903
2_1848.mat,0.0010642
2_1849.mat,0.00576397
2_1850.mat,0.105202
2_1851.mat,0.0841415
2_1852.mat,0.969618
2_1853.mat,0.219863
2_1854.mat,3.62288e-17
2_1855.mat,0.604505
2_1856.mat,0.554886
2_1857.mat,0.00261868
2_1858.mat,0.407607
2_1859.mat,0.513792
2_1860.mat,0.358853
2_1861.mat,0.00442878
2_1862.mat,1.44608e-12
2_1863.mat,0.0103709
2_1864.mat,0.00462738
2_1865.mat,0.925344
2_1866.mat,0.189788
2_1867.mat,1.90837e-08
2_1868.mat,0.378279
2_1869.mat,0.899175
2_1870.mat,0.326442
2_1871.mat,0.0226665
2_1872.mat,0.00474321
2_1873.mat,0.749275
2_1874.mat,0.0727955
2_1875.mat,0.130083
2_1876.mat,0.903686
2_1877.mat,0.00377363
2_1878.mat,0.852346
2_1879.mat,0.922437
2_1880.mat,0.757935
2_1881.mat,0.772962
2_1882.mat,0.0640747
2_1883.mat,0.988419
2_1884.mat,0.000451984
2_1885.mat,0.723618
2_1886.mat,3.80977e-05
2_1887.mat,6.3575e-06
2_1888.mat,2.55737e-11
2_1889.mat,8.50265e-09
2_1890.mat,0.849396
2_1891.mat,0.136503
2_1892.mat,0.000641021
2_1893.mat,0.183555
2_1894.mat,0.20407
2_1895.mat,0.212603
2_1896.mat,0.756708
2_1897.mat,0.57908
2_1898.mat,2.3353e-10
2_1899.mat,0.530172
2_1900.mat,0.102628
2_1901.mat,0.574601
2_1902.mat,0.912575
2_1903.mat,0.600605
2_1904.mat,0.465214
2_1905.mat,1.57421e-10
2_1906.mat,0.114745
2_1907.mat,0.934944
2_1908.mat,1.1418e-15
2_1909.mat,0.0602708
2_1910.mat,0.000140778
2_1911.mat,0.994834
2_1912.mat,0.0356535
2_1913.mat,0.262133
2_1914.mat,0.0124904
2_1915.mat,2.46923e-06
2_1916.mat,0.3734
2_1917.mat,2.56538e-08
2_1918.mat,0.204826
2_1919.mat,0.183356
2_1920.mat,0.0615594
2_1921.mat,0.888128
2_1922.mat,0.159659
2_1923.mat,0.697546
2_1924.mat,0.111745
2_1925.mat,0.00299133
2_1926.mat,0.916523
2_1927.mat,0.15194
2_1928.mat,0.164432
2_1929.mat,1.40322e-09
2_1930.mat,0.175153
2_1931.mat,0.00161256
2_1932.mat,0.80224
2_1933.mat,0.980482
2_1934.mat,0.000367255
2_1935.mat,0.738651
2_1936.mat,0.573034
2_1937.mat,0.000102708
2_1938.mat,0.157249
2_1939.mat,0.996325
2_1940.mat,0.574601
2_1941.mat,0.98569
2_1942.mat,0.544075
2_1943.mat,0.574956
2_1944.mat,0.992588
2_1945.mat,0.131639
2_1946.mat,0.969196
2_1947.mat,0.58849
2_1948.mat,0.000107824
2_1949.mat,0.00211523
2_1950.mat,0.000579931
2_1951.mat,0.63009
2_1952.mat,0.759625
2_1953.mat,0.13991
2_1954.mat,9.91624e-18
2_1955.mat,0.00176806
2_1956.mat,4.55555e-06
2_1957.mat,0.00672517
2_1958.mat,0.254638
2_1959.mat,0.990068
2_1960.mat,0.75412
2_1961.mat,1.03486e-19
2_1962.mat,0.0397929
2_1963.mat,0.900724
2_1964.mat,0.0257552
2_1965.mat,0.555041
2_1966.mat,1.73631e-08
2_1967.mat,0.341032
2_1968.mat,0.206225
2_1969.mat,3.02931e-19
2_1970.mat,0.342824
2_1971.mat,1.29721e-13
2_1972.mat,1.26862e-05
2_1973.mat,0.0323409
2_1974.mat,0.10451
2_1975.mat,0.826903
2_1976.mat,0.00103959
2_1977.mat,0.998267
2_1978.mat,3.9808e-12
2_1979.mat,0.0484764
2_1980.mat,0.573187
2_1981.mat,1.98307e-07
2_1982.mat,0.979842
2_1983.mat,0.247213
2_1984.mat,1.66632e-13
2_1985.mat,0.633716
2_1986.mat,0.696151
2_1987.mat,0.535235
2_1988.mat,0.00037101
2_1989.mat,0.86882
2_1990.mat,0.663765
2_1991.mat,0.850117
2_1992.mat,1.75918e-15
2_1993.mat,0.00787125
2_1994.mat,0.315534
2_1995.mat,0.00010073
2_1996.mat,0.505742
2_1997.mat,0.0610586
2_1998.mat,2.65677e-06
2_1999.mat,2.4226e-05
2_2000.mat,0.970807
2_2001.mat,0.13251
2_2002.mat,7.75436e-06
2_2003.mat,8.57005e-13
2_2004.mat,0.202139
2_2005.mat,0.0378271
2_2006.mat,0.621523
2_2007.mat,2.4138e-05
2_2008.mat,0.00654783
2_2009.mat,0.407678
2_2010.mat,0.574601
2_2011.mat,0.703951
2_2012.mat,7.19608e-09
2_2013.mat,6.0425e-07
2_2014.mat,0.23538
2_2015.mat,0.123199
2_2016.mat,0.152844
2_2017.mat,0.102766
2_2018.mat,0.584408
2_2019.mat,0.0103253
2_2020.mat,0.934124
2_2021.mat,1.12054e-07
2_2022.mat,0.750928
2_2023.mat,0.228754
2_2024.mat,0.0282903
2_2025.mat,0.180593
2_2026.mat,0.985758
2_2027.mat,0.910805
2_2028.mat,0.410323
2_2029.mat,5.35417e-07
2_2030.mat,7.13308e-06
2_2031.mat,0.195197
2_2032.mat,0.0310482
2_2033.mat,0.996187
2_2034.mat,0.0161599
2_2035.mat,0.81095
2_2036.mat,0.574601
2_2037.mat,0.574601
2_2038.mat,0.0956492
2_2039.mat,0.022781
2_2040.mat,0.00576058
2_2041.mat,0.0605501
2_2042.mat,0.122857
2_2043.mat,0.644361
2_2044.mat,0.473028
2_2045.mat,0.977963
2_2046.mat,0.054176
2_2047.mat,1.02993e-11
2_2048.mat,0.0475865
2_2049.mat,0.980024
2_2050.mat,0.998923
2_2051.mat,0.221461
2_2052.mat,0.152983
2_2053.mat,0.878246
2_2054.mat,4.64082e-23
2_2055.mat,0.980839
2_2056.mat,6.42964e-11
2_2057.mat,0.900742
2_2058.mat,0.00129292
2_2059.mat,0.574601
2_2060.mat,0.985269
2_2061.mat,0.104794
2_2062.mat,0.953378
2_2063.mat,0.740207
2_2064.mat,0.0618903
2_2065.mat,0.577023
2_2066.mat,0.835609
2_2067.mat,0.39631
2_2068.mat,0.968521
2_2069.mat,6.59358e-17
2_2070.mat,0.0128397
2_2071.mat,2.3236e-05
2_2072.mat,0.9055
2_2073.mat,0.0066309
2_2074.mat,0.0733892
2_2075.mat,0.96744
2_2076.mat,0.55007
2_2077.mat,0.0192441
2_2078.mat,0.954697
2_2079.mat,0.0738432
2_2080.mat,0.203436
2_2081.mat,1.09333e-18
2_2082.mat,0.970546
2_2083.mat,0.936014
2_2084.mat,0.999587
2_2085.mat,2.56093e-06
2_2086.mat,0.994679
2_2087.mat,8.40646e-09
2_2088.mat,0.909077
2_2089.mat,0.00410854
2_2090.mat,0.000655662
2_2091.mat,0.0581692
2_2092.mat,0.586016
2_2093.mat,0.519847
2_2094.mat,0.0227543
2_2095.mat,0.678971
2_2096.mat,0.944107
2_2097.mat,0.0244164
2_2098.mat,0.156727
2_2099.mat,1.57941e-17
2_2100.mat,3.02829e-05
2_2101.mat,0.302568
2_2102.mat,4.11509e-12
2_2103.mat,0.684717
2_2104.mat,0.881945
2_2105.mat,0.145346
2_2106.mat,5.6751e-09
2_2107.mat,0.888442
2_2108.mat,4.58861e-07
2_2109.mat,0.0758681
2_2110.mat,0.00401662
2_2111.mat,0.00693797
2_2112.mat,0.927736
2_2113.mat,0.918466
2_2114.mat,0.171323
2_2115.mat,0.315634
2_2116.mat,0.178289
2_2117.mat,0.998539
2_2118.mat,0.997936
2_2119.mat,0.939904
2_2120.mat,0.0255459
2_2121.mat,0.423053
2_2122.mat,1.55537e-21
2_2123.mat,0.0131783
2_2124.mat,3.03194e-11
2_2125.mat,0.240406
2_2126.mat,0.00033662
2_2127.mat,0.92027
2_2128.mat,0.0954869
2_2129.mat,0.0259313
2_2130.mat,0.992627
2_2131.mat,6.28783e-06
2_2132.mat,0.00164428
2_2133.mat,0.802087
2_2134.mat,0.819692
2_2135.mat,0.966696
2_2136.mat,0.755872
2_2137.mat,0.107683
2_2138.mat,0.847952
2_2139.mat,0.903279
2_2140.mat,1.22508e-09
2_2141.mat,4.43751e-18
2_2142.mat,0.0552317
2_2143.mat,0.616487
2_2144.mat,8.0977e-07
2_2145.mat,0.00178062
2_2146.mat,0.0555056
2_2147.mat,0.0130133
2_2148.mat,0.896869
2_2149.mat,0.847258
2_2150.mat,0.186949
2_2151.mat,5.61282e-10
2_2152.mat,0.00785707
2_2153.mat,0.939137
2_2154.mat,0.345694
2_2155.mat,0.959409
2_2156.mat,0.0254607
2_2157.mat,0.983169
2_2158.mat,0.00210507
2_2159.mat,0.993042
2_2160.mat,0.000871418
2_2161.mat,0.135639
2_2162.mat,0.0407081
2_2163.mat,0.154741
2_2164.mat,0.00010057
2_2165.mat,0.520068
2_2166.mat,1.02531e-20
2_2167.mat,0.487439
2_2168.mat,0.408582
2_2169.mat,0.0194691
2_2170.mat,0.973428
2_2171.mat,0.0029148
2_2172.mat,0.781801
2_2173.mat,0.278747
2_2174.mat,0.536799
2_2175.mat,0.931498
2_2176.mat,0.130057
2_2177.mat,0.162609
2_2178.mat,5.73243e-06
2_2179.mat,0.981954
2_2180.mat,0.00112406
2_2181.mat,1.84718e-05
2_2182.mat,0.470965
2_2183.mat,4.13063e-06
2_2184.mat,0.560441
2_2185.mat,0.890214
2_2186.mat,0.969957
2_2187.mat,0.295191
2_2188.mat,0.183798
2_2189.mat,1.54024e-10
2_2190.mat,1.09564e-05
2_2191.mat,0.0109928
2_2192.mat,2.45583e-11
2_2193.mat,0.260109
2_2194.mat,0.926864
2_2195.mat,2.279e-05
2_2196.mat,0.0651202
2_2197.mat,0.0007554
2_2198.mat,0.00121049
2_2199.mat,0.951628
2_2200.mat,0.999604
2_2201.mat,0.917396
2_2202.mat,0.351306
2_2203.mat,0.0146914
2_2204.mat,2.06103e-08
2_2205.mat,0.821122
2_2206.mat,0.00996397
2_2207.mat,0.324183
2_2208.mat,0.000880723
2_2209.mat,0.988572
2_2210.mat,0.970808
2_2211.mat,0.907423
2_2212.mat,0.0439481
2_2213.mat,2.33086e-14
2_2214.mat,0.30445
2_2215.mat,0.00807061
2_2216.mat,0.4058
2_2217.mat,2.45865e-09
2_2218.mat,8.24499e-12
2_2219.mat,0.998799
2_2220.mat,1.04992e-05
2_2221.mat,0.397651
2_2222.mat,0.988402
2_2223.mat,0.852159
2_2224.mat,0.982842
2_2225.mat,0.520108
2_2226.mat,0.774943
2_2227.mat,2.88574e-08
2_2228.mat,5.8818e-14
2_2229.mat,0.972269
2_2230.mat,0.000392647
2_2231.mat,0.000103822
2_2232.mat,0.345015
2_2233.mat,2.09025e-11
2_2234.mat,6.38244e-05
2_2235.mat,0.154646
2_2236.mat,0.339294
2_2237.mat,0.000393013
2_2238.mat,0.975204
2_2239.mat,3.15436e-06
2_2240.mat,0.00917949
2_2241.mat,0.821891
2_2242.mat,8.36969e-09
2_2243.mat,2.57732e-14
2_2244.mat,1.59406e-16
2_2245.mat,0.915285
2_2246.mat,0.187134
2_2247.mat,0.0515451
2_2248.mat,0.913174
2_2249.mat,0.694996
2_2250.mat,0.0194376
2_2251.mat,0.90458
2_2252.mat,1.89329e-05
2_2253.mat,0.477549
2_2254.mat,0.559155
2_2255.mat,0.956866
2_2256.mat,0.994343
