3_1.mat,3.8316161536e-20
3_2.mat,1.0
3_3.mat,5.28199822892e-08
3_4.mat,1.02269570509e-41
3_5.mat,0.426900403881
3_6.mat,0.999976974357
3_7.mat,0.760164515676
3_8.mat,0.573055206002
3_9.mat,1.0
3_10.mat,0.9917283969
3_11.mat,5.89117724968e-28
3_12.mat,4.01611184516e-43
3_13.mat,1.1782296756e-73
3_14.mat,0.962291224701
3_15.mat,3.82927503756e-137
3_16.mat,1.0
3_17.mat,0.978035862584
3_18.mat,0.999235770464
3_19.mat,0.999972369278
3_20.mat,0.354160653502
3_21.mat,1.0
3_22.mat,0.999949344132
3_23.mat,1.99683125975e-82
3_24.mat,5.7899866993e-16
3_25.mat,5.24048374129e-66
3_26.mat,0.999585601918
3_27.mat,7.00281868641e-09
3_28.mat,0.802740749386
3_29.mat,1.45672872099e-45
3_30.mat,1.0
3_31.mat,1.0
3_32.mat,1.58571583092e-24
3_33.mat,6.83959926048e-34
3_34.mat,5.46083103462e-83
3_35.mat,0.998858428242
3_36.mat,0.937677849094
3_37.mat,0.079850992372
3_38.mat,0.999995394838
3_39.mat,6.40083412172e-79
3_40.mat,9.82772704439e-19
3_41.mat,8.77122961106e-84
3_42.mat,0.983637736269
3_43.mat,2.36310454036e-55
3_44.mat,0.999106909356
3_45.mat,0.0265857592572
3_46.mat,5.89825241625e-88
3_47.mat,1.09285282585e-32
3_48.mat,0.0374337632404
3_49.mat,3.06503751128e-103
3_50.mat,2.23426226789e-25
3_51.mat,3.17043062476e-61
3_52.mat,2.20921564247e-159
3_53.mat,0.0451615859996
3_54.mat,4.44116546231e-08
3_55.mat,1.0
3_56.mat,1.50652800623e-33
3_57.mat,0.212680764922
3_58.mat,1.0
3_59.mat,3.53451585293e-49
3_60.mat,1.31037805892e-13
3_61.mat,0.999571790964
3_62.mat,4.91382179317e-42
3_63.mat,0.999056288908
3_64.mat,1.0
3_65.mat,0.00200181864064
3_66.mat,0.997106630459
3_67.mat,1.07328230104e-19
3_68.mat,2.58701306519e-107
3_69.mat,9.42979453357e-17
3_70.mat,4.43772524439e-113
3_71.mat,8.42530667672e-18
3_72.mat,1.08386058444e-124
3_73.mat,0.000406979581714
3_74.mat,0.872011682115
3_75.mat,1.01727014531e-47
3_76.mat,0.720616001081
3_77.mat,1.05553687129e-24
3_78.mat,1.5798280133e-104
3_79.mat,1.0
3_80.mat,4.20021849434e-76
3_81.mat,0.591253458535
3_82.mat,4.87868423387e-66
3_83.mat,0.0399566445033
3_84.mat,1.0
3_85.mat,8.76088513527e-61
3_86.mat,2.91641745185e-05
3_87.mat,1.08039093923e-42
3_88.mat,1.8864720138e-30
3_89.mat,1.0
3_90.mat,0.657960712535
3_91.mat,0.0821388346946
3_92.mat,7.88101708308e-28
3_93.mat,2.98169011901e-21
3_94.mat,8.5522533864e-07
3_95.mat,0.989552414521
3_96.mat,0.0132557949646
3_97.mat,0.993738556526
3_98.mat,0.444052934305
3_99.mat,1.0
3_100.mat,1.0
3_101.mat,0.113093595663
3_102.mat,1.0
3_103.mat,5.07980517098e-35
3_104.mat,2.84343372004e-34
3_105.mat,1.0
3_106.mat,6.79067681815e-21
3_107.mat,1.0
3_108.mat,2.55952359518e-51
3_109.mat,2.40382703979e-81
3_110.mat,3.73012214621e-59
3_111.mat,1.3238611538e-92
3_112.mat,0.284656512304
3_113.mat,0.00660173316564
3_114.mat,1.68666212067e-40
3_115.mat,1.17308720859e-42
3_116.mat,8.12122654709e-155
3_117.mat,0.99800751711
3_118.mat,4.66452090362e-19
3_119.mat,3.06378090113e-37
3_120.mat,1.0
3_121.mat,2.40776624051e-32
3_122.mat,0.999226565668
3_123.mat,0.999976974357
3_124.mat,8.01907738282e-26
3_125.mat,0.999986184564
3_126.mat,0.00409125021089
3_127.mat,0.999995394838
3_128.mat,0.999976974357
3_129.mat,2.21132586711e-12
3_130.mat,1.0
3_131.mat,1.0
3_132.mat,3.85379363962e-19
3_133.mat,1.0
3_134.mat,1.0
3_135.mat,3.51930408958e-44
3_136.mat,2.29109637135e-83
3_137.mat,7.19667717757e-75
3_138.mat,7.13168843134e-18
3_139.mat,4.59236279155e-09
3_140.mat,1.00327711667e-31
3_141.mat,0.000307384862316
3_142.mat,7.55502970507e-31
3_143.mat,1.46576760926e-75
3_144.mat,1.31867837793e-06
3_145.mat,1.11593435338e-13
3_146.mat,3.01959532974e-56
3_147.mat,0.899215810163
3_148.mat,4.52034611588e-62
3_149.mat,8.99333990956e-37
3_150.mat,0.0410712226743
3_151.mat,1.0
3_152.mat,2.62913011091e-16
3_153.mat,0.99732260135
3_154.mat,1.04146472978e-66
3_155.mat,0.999834224631
3_156.mat,0.0219647924126
3_157.mat,3.88926389073e-20
3_158.mat,9.75348403395e-119
3_159.mat,1.0
3_160.mat,2.59149119397e-15
3_161.mat,1.0
3_162.mat,7.69421846947e-30
3_163.mat,0.379795910174
3_164.mat,1.0
3_165.mat,4.43923174577e-23
3_166.mat,0.832779122771
3_167.mat,1.61004393328e-64
3_168.mat,0.999797388582
3_169.mat,0.996702357882
3_170.mat,2.57151071878e-20
3_171.mat,6.06669460473e-98
3_172.mat,0.999534962484
3_173.mat,0.948768111713
3_174.mat,1.0
3_175.mat,1.0
3_176.mat,0.999903295087
3_177.mat,0.999944739153
3_178.mat,2.91039986889e-56
3_179.mat,7.26908757367e-89
3_180.mat,1.0
3_181.mat,6.78911518844e-66
3_182.mat,8.43926989507e-68
3_183.mat,1.84099421318e-92
3_184.mat,3.34045613596e-67
3_185.mat,2.685275721e-118
3_186.mat,0.999995394838
3_187.mat,3.71235512291e-36
3_188.mat,5.62901227024e-87
3_189.mat,0.96754414862
3_190.mat,0.999880271187
3_191.mat,1.0
3_192.mat,8.32795864301e-79
3_193.mat,3.92911457765e-11
3_194.mat,0.999995394838
3_195.mat,1.0
3_196.mat,0.999631639509
3_197.mat,0.00179800546411
3_198.mat,0.999889480697
3_199.mat,1.13158659019e-74
3_200.mat,6.14352502423e-72
3_201.mat,0.330526996005
3_202.mat,4.50506880646e-10
3_203.mat,1.05965260232e-16
3_204.mat,5.52520145201e-76
3_205.mat,1.0
3_206.mat,0.997230694368
3_207.mat,1.47991903853e-162
3_208.mat,2.64419478815e-57
3_209.mat,5.21167016858e-53
3_210.mat,0.163733307035
3_211.mat,0.0
3_212.mat,3.74735978393e-42
3_213.mat,1.4736160486e-23
3_214.mat,1.0
3_215.mat,1.0
3_216.mat,2.69144448773e-44
3_217.mat,8.32037869789e-53
3_218.mat,0.000185687728671
3_219.mat,2.89147289225e-07
3_220.mat,0.321569933844
3_221.mat,4.57991928461e-24
3_222.mat,0.000328261707583
3_223.mat,1.0
3_224.mat,6.08719403914e-142
3_225.mat,1.0
3_226.mat,2.47849969899e-89
3_227.mat,0.999848038424
3_228.mat,4.61187097728e-52
3_229.mat,4.56714090212e-19
3_230.mat,1.42605431806e-09
3_231.mat,1.68098850821e-14
3_232.mat,0.0129108228265
3_233.mat,2.0161805561e-47
3_234.mat,2.3408950014e-131
3_235.mat,9.77187943309e-15
3_236.mat,1.59703321287e-09
3_237.mat,1.0
3_238.mat,1.0
3_239.mat,0.0830264523462
3_240.mat,1.32222116514e-07
3_241.mat,7.66321638372e-119
3_242.mat,2.35396441137e-75
3_243.mat,4.83892584837e-07
3_244.mat,4.27998997025e-76
3_245.mat,5.87251691342e-126
3_246.mat,1.0
3_247.mat,0.978760199702
3_248.mat,2.81787104478e-09
3_249.mat,8.81950712236e-50
3_250.mat,1.0
3_251.mat,0.255122111174
3_252.mat,0.999429086523
3_253.mat,1.13502818622e-90
3_254.mat,0.303171912902
3_255.mat,5.46702460682e-99
3_256.mat,4.15322289722e-81
3_257.mat,1.0
3_258.mat,6.92616415743e-102
3_259.mat,1.99708208144e-07
3_260.mat,1.26448422012e-51
3_261.mat,0.000198632738554
3_262.mat,3.99416575773e-57
3_263.mat,1.0
3_264.mat,0.00215251057438
3_265.mat,1.0
3_266.mat,0.962121427413
3_267.mat,0.000494743319304
3_268.mat,9.20059732239e-48
3_269.mat,9.6072732758e-25
3_270.mat,4.09830160533e-114
3_271.mat,1.78703422355e-22
3_272.mat,0.964567877163
3_273.mat,6.42644794526e-151
3_274.mat,1.0
3_275.mat,4.85747858823e-29
3_276.mat,7.29876327936e-48
3_277.mat,0.999976974357
3_278.mat,0.243109881416
3_279.mat,0.268150750474
3_280.mat,1.0
3_281.mat,0.112699523413
3_282.mat,9.65194613389e-78
3_283.mat,6.7119958064e-43
3_284.mat,1.0
3_285.mat,1.57862294747e-86
3_286.mat,3.12780528754e-102
3_287.mat,1.0
3_288.mat,0.999958554141
3_289.mat,2.37047112835e-09
3_290.mat,5.94929795595e-130
3_291.mat,6.81727527924e-94
3_292.mat,2.57009401035e-07
3_293.mat,1.0
3_294.mat,1.0
3_295.mat,0.932037978665
3_296.mat,1.0
3_297.mat,0.00866535090139
3_298.mat,2.10989879315e-15
3_299.mat,4.91847007893e-42
3_300.mat,0.998817019427
3_301.mat,2.47574393661e-29
3_302.mat,0.975887958676
3_303.mat,1.15596830564e-14
3_304.mat,0.00170131382692
3_305.mat,0.207835134954
3_306.mat,1.0
3_307.mat,0.99974674075
3_308.mat,1.08097524623e-41
3_309.mat,1.0
3_310.mat,0.999866457046
3_311.mat,0.999258782746
3_312.mat,2.73284325158e-31
3_313.mat,0.999926319402
3_314.mat,0.000277980712672
3_315.mat,1.08969855597e-98
3_316.mat,0.615534361364
3_317.mat,4.68133633713e-22
3_318.mat,8.93849134816e-40
3_319.mat,1.63896286144e-37
3_320.mat,0.992359948809
3_321.mat,0.998260431391
3_322.mat,1.46065810679e-115
3_323.mat,2.46009413994e-29
3_324.mat,5.63842844142e-86
3_325.mat,7.5507755732e-30
3_326.mat,6.53539434156e-53
3_327.mat,0.997708683091
3_328.mat,3.7752538554e-74
3_329.mat,1.03493030158e-35
3_330.mat,0.959456900087
3_331.mat,1.0
3_332.mat,1.0
3_333.mat,1.0
3_334.mat,1.50401025289e-57
3_335.mat,7.27849526551e-40
3_336.mat,4.59046192268e-43
3_337.mat,1.36587049848e-23
3_338.mat,0.999120715281
3_339.mat,4.92956539958e-45
3_340.mat,1.62018804574e-66
3_341.mat,0.999811201976
3_342.mat,6.00679390822e-17
3_343.mat,4.75616611847e-88
3_344.mat,0.999958554141
3_345.mat,0.0418567377618
3_346.mat,2.49300718143e-55
3_347.mat,3.02744546184e-48
3_348.mat,2.37174297613e-17
3_349.mat,6.2728360146e-33
3_350.mat,0.972305814916
3_351.mat,0.990703939086
3_352.mat,1.04733794871e-10
3_353.mat,1.87153756181e-19
3_354.mat,0.0198873678702
3_355.mat,3.30290790651e-08
3_356.mat,0.987690263223
3_357.mat,0.999953949128
3_358.mat,0.883337958744
3_359.mat,0.996064052397
3_360.mat,0.235892620948
3_361.mat,0.967952600752
3_362.mat,3.71452391744e-68
3_363.mat,3.91011704021e-46
3_364.mat,0.99996315917
3_365.mat,0.975743390665
3_366.mat,3.24859973649e-43
3_367.mat,0.407159944979
3_368.mat,1.0
3_369.mat,0.176855025066
3_370.mat,9.85842876546e-106
3_371.mat,1.0
3_372.mat,0.996996361573
3_373.mat,1.38755379515e-09
3_374.mat,1.08396268542e-14
3_375.mat,0.998771011208
3_376.mat,0.989360595675
3_377.mat,5.37296894838e-66
3_378.mat,1.0
3_379.mat,9.48265135793e-57
3_380.mat,1.93261487085e-190
3_381.mat,1.0
3_382.mat,0.999986184564
3_383.mat,0.99996315917
3_384.mat,0.993229991916
3_385.mat,0.946295761579
3_386.mat,0.000248561986855
3_387.mat,0.0172339819658
3_388.mat,1.0
3_389.mat,0.683592112301
3_390.mat,0.309295010368
3_391.mat,4.8861441174e-51
3_392.mat,1.11607753419e-64
3_393.mat,1.52874056472e-28
3_394.mat,1.2034608938e-18
3_395.mat,1.11849401426e-19
3_396.mat,7.009258464e-23
3_397.mat,1.94780368683e-13
3_398.mat,2.26053737826e-124
3_399.mat,1.34527712001e-23
3_400.mat,0.999986184564
3_401.mat,1.06712168322e-165
3_402.mat,0.0681251894003
3_403.mat,0.996472714727
3_404.mat,0.391374503928
3_405.mat,1.0
3_406.mat,1.0676448457e-10
3_407.mat,0.999986184564
3_408.mat,0.999415277262
3_409.mat,0.027066853844
3_410.mat,0.319804195738
3_411.mat,0.993404072173
3_412.mat,4.08577473872e-58
3_413.mat,1.03147626033e-24
3_414.mat,1.27555747569e-37
3_415.mat,1.0
3_416.mat,8.77302448272e-25
3_417.mat,3.83785590807e-07
3_418.mat,3.71103140172e-89
3_419.mat,9.60053705211e-107
3_420.mat,0.991980064647
3_421.mat,2.90879055648e-86
3_422.mat,3.14430936076e-104
3_423.mat,0.9901143372
3_424.mat,0.999972369278
3_425.mat,1.0
3_426.mat,6.2110276001e-82
3_427.mat,5.16146496874e-46
3_428.mat,1.1660675886e-67
3_429.mat,1.0
3_430.mat,0.51390714155
3_431.mat,0.0719608664456
3_432.mat,5.85254591286e-30
3_433.mat,1.92656976865e-31
3_434.mat,2.15886363153e-78
3_435.mat,1.26565341982e-07
3_436.mat,7.29661985538e-06
3_437.mat,1.98130804745e-75
3_438.mat,0.000421912812124
3_439.mat,1.31257823255e-32
3_440.mat,0.156577648815
3_441.mat,0.999659262861
3_442.mat,2.96124043569e-22
3_443.mat,1.20363460246e-69
3_444.mat,4.15842299744e-28
3_445.mat,1.0
3_446.mat,0.999120715281
3_447.mat,1.19211735148e-39
3_448.mat,0.797446291501
3_449.mat,1.04228176723e-23
3_450.mat,0.994439885114
3_451.mat,1.0
3_452.mat,6.43737988091e-07
3_453.mat,0.985034156905
3_454.mat,2.02724679178e-112
3_455.mat,1.0
3_456.mat,0.999511945224
3_457.mat,1.32542774928e-49
3_458.mat,0.999226565668
3_459.mat,2.04514807779e-43
3_460.mat,1.3349195816e-46
3_461.mat,0.0404772599182
3_462.mat,0.998361611151
3_463.mat,5.03309502964e-14
3_464.mat,2.15556649441e-88
3_465.mat,1.0
3_466.mat,5.11149866603e-33
3_467.mat,0.855390618052
3_468.mat,0.0170817357255
3_469.mat,0.732006328966
3_470.mat,0.999944739153
3_471.mat,0.99980199303
3_472.mat,3.62171183194e-36
3_473.mat,5.75711562873e-71
3_474.mat,9.93235067575e-34
3_475.mat,1.0
3_476.mat,2.85740468772e-69
3_477.mat,0.992840688318
3_478.mat,2.15148092841e-32
3_479.mat,9.31321503607e-140
3_480.mat,1.54904347002e-28
3_481.mat,0.999728323854
3_482.mat,1.0
3_483.mat,1.0
3_484.mat,5.43832356773e-11
3_485.mat,0.984392611532
3_486.mat,0.915311925028
3_487.mat,0.809322354127
3_488.mat,0.774227992065
3_489.mat,1.0
3_490.mat,2.29635364581e-38
3_491.mat,6.44567187076e-51
3_492.mat,0.999981579452
3_493.mat,1.0
3_494.mat,3.8216523106e-18
3_495.mat,0.574895043069
3_496.mat,0.999981579452
3_497.mat,1.0
3_498.mat,1.0
3_499.mat,1.0
3_500.mat,2.63533601585e-45
3_501.mat,9.78733391838e-59
3_502.mat,1.32266265148e-23
3_503.mat,3.65104618613e-64
3_504.mat,1.0
3_505.mat,0.999378453297
3_506.mat,2.2981628885e-23
3_507.mat,5.14167037288e-150
3_508.mat,1.04467830526e-05
3_509.mat,1.07747224817e-60
3_510.mat,1.0
3_511.mat,4.4172606243e-72
3_512.mat,0.995063613542
3_513.mat,1.0
3_514.mat,1.54772615915e-20
3_515.mat,1.93570216075e-13
3_516.mat,2.95057159211e-57
3_517.mat,1.2301842307e-27
3_518.mat,1.0
3_519.mat,2.96332540648e-17
3_520.mat,0.792424834342
3_521.mat,0.937450166477
3_522.mat,1.84757463951e-32
3_523.mat,1.0
3_524.mat,0.924353078017
3_525.mat,0.999613224273
3_526.mat,0.999981579452
3_527.mat,2.40349689073e-45
3_528.mat,4.2187014157e-177
3_529.mat,9.61761696418e-65
3_530.mat,0.645772159781
3_531.mat,2.02127285787e-98
3_532.mat,0.341566962301
3_533.mat,0.999659262861
3_534.mat,1.0
3_535.mat,0.99996315917
3_536.mat,2.64300231174e-38
3_537.mat,2.07728360109e-32
3_538.mat,0.996757478403
3_539.mat,1.68021392985e-64
3_540.mat,2.91689349365e-80
3_541.mat,0.689179671992
3_542.mat,0.999995394838
3_543.mat,2.33601406914e-102
3_544.mat,1.0
3_545.mat,0.00129164843823
3_546.mat,7.25321555034e-72
3_547.mat,1.0
3_548.mat,8.8055128944e-45
3_549.mat,1.64290292386e-51
3_550.mat,0.000338621291971
3_551.mat,0.988223981706
3_552.mat,8.31580257147e-103
3_553.mat,1.0
3_554.mat,0.979983470818
3_555.mat,3.01992760453e-08
3_556.mat,4.30631280869e-38
3_557.mat,0.121852563118
3_558.mat,0.00144764371771
3_559.mat,1.0
3_560.mat,1.91585183579e-26
3_561.mat,0.958044417413
3_562.mat,1.66613857837e-22
3_563.mat,0.999525755531
3_564.mat,0.00551162428161
3_565.mat,0.900967304946
3_566.mat,2.96185537259e-133
3_567.mat,1.0
3_568.mat,0.694228258509
3_569.mat,5.57604004003e-53
3_570.mat,6.70513560427e-91
3_571.mat,3.61177336639e-16
3_572.mat,1.0
3_573.mat,1.0
3_574.mat,3.10531282693e-05
3_575.mat,9.40110230937e-46
3_576.mat,1.46195641161e-38
3_577.mat,1.0
3_578.mat,3.66747696867e-11
3_579.mat,1.0
3_580.mat,5.52972205598e-111
3_581.mat,1.60186194412e-28
3_582.mat,2.75365611281e-61
3_583.mat,1.13888436268e-15
3_584.mat,1.35518411984e-15
3_585.mat,2.22158742278e-80
3_586.mat,0.999921714506
3_587.mat,5.88017592435e-26
3_588.mat,4.71438810867e-61
3_589.mat,0.42766959676
3_590.mat,0.69946238834
3_591.mat,0.494818299931
3_592.mat,1.0
3_593.mat,2.97269652843e-60
3_594.mat,8.63789040742e-69
3_595.mat,1.13682229574e-60
3_596.mat,1.0
3_597.mat,6.04615524935e-21
3_598.mat,2.97796455041e-27
3_599.mat,1.0694835475e-19
3_600.mat,4.21534242968e-57
3_601.mat,6.43619935766e-20
3_602.mat,0.97000138333
3_603.mat,1.78355559351e-39
3_604.mat,0.993312448008
3_605.mat,8.3202608663e-145
3_606.mat,0.999682282777
3_607.mat,0.775759461733
3_608.mat,5.23692623754e-36
3_609.mat,1.76033914494e-67
3_610.mat,0.342654774702
3_611.mat,1.80877194682e-107
3_612.mat,0.999627035675
3_613.mat,2.45343689436e-47
3_614.mat,1.848921118e-24
3_615.mat,1.0
3_616.mat,0.0874123298411
3_617.mat,0.82181419387
3_618.mat,2.57437324776e-66
3_619.mat,3.01154828104e-75
3_620.mat,1.62348866158e-41
3_621.mat,7.90015468265e-62
3_622.mat,0.999323219341
3_623.mat,0.999990789693
3_624.mat,5.11878780195e-57
3_625.mat,0.73005322221
3_626.mat,6.43549669628e-19
3_627.mat,2.45442641344e-27
3_628.mat,1.1159449783e-31
3_629.mat,0.910107056188
3_630.mat,9.21118143309e-63
3_631.mat,2.09627528528e-57
3_632.mat,0.999981579452
3_633.mat,1.0
3_634.mat,0.999894085477
3_635.mat,1.0
3_636.mat,1.2558740025e-97
3_637.mat,5.82171454473e-48
3_638.mat,5.86695085885e-61
3_639.mat,1.0
3_640.mat,2.66086541732e-23
3_641.mat,2.49398781013e-42
3_642.mat,1.61537746061e-47
3_643.mat,1.0
3_644.mat,0.999360041712
3_645.mat,9.53157888604e-07
3_646.mat,1.43745762989e-87
3_647.mat,0.771397630921
3_648.mat,8.24974566455e-14
3_649.mat,0.999723719672
3_650.mat,1.78506470197e-11
3_651.mat,0.999986184564
3_652.mat,4.26369666e-60
3_653.mat,1.29043183731e-56
3_654.mat,9.93423141497e-35
3_655.mat,8.35966301858e-33
3_656.mat,7.06737616627e-07
3_657.mat,0.999571790964
3_658.mat,0.99980199303
3_659.mat,6.88834665174e-22
3_660.mat,0.135134793778
3_661.mat,1.56987329758e-54
3_662.mat,0.999907899917
3_663.mat,1.60568700877e-20
3_664.mat,1.00712894409e-07
3_665.mat,0.999622431858
3_666.mat,5.3770573593e-37
3_667.mat,1.93873911759e-68
3_668.mat,1.01894351507e-22
3_669.mat,5.78950150001e-66
3_670.mat,3.5130977829e-119
3_671.mat,1.76010505095e-100
3_672.mat,4.49486521392e-62
3_673.mat,1.0
3_674.mat,1.40313259177e-06
3_675.mat,4.36882344603e-28
3_676.mat,0.999539565986
3_677.mat,2.94884933646e-05
3_678.mat,1.98083627318e-45
3_679.mat,6.24771991581e-16
3_680.mat,4.77038698323e-89
3_681.mat,0.811212783443
3_682.mat,1.07299195171e-32
3_683.mat,0.530412356115
3_684.mat,1.0
3_685.mat,1.70073807145e-46
3_686.mat,7.03040984562e-98
3_687.mat,1.0
3_688.mat,1.16781274659e-95
3_689.mat,1.69158116475e-106
3_690.mat,3.83708429539e-50
3_691.mat,3.78820233138e-52
3_692.mat,4.61148204078e-49
3_693.mat,3.0658824031e-131
3_694.mat,0.863152618906
3_695.mat,3.95158925947e-101
3_696.mat,5.86570546519e-45
3_697.mat,6.7636264621e-20
3_698.mat,0.999995394838
3_699.mat,1.22914943349e-37
3_700.mat,0.0085552322515
3_701.mat,2.65773471046e-54
3_702.mat,5.80225638505e-46
3_703.mat,0.961710436373
3_704.mat,3.85715573098e-19
3_705.mat,1.68676877625e-41
3_706.mat,1.0
3_707.mat,0.806251927758
3_708.mat,1.50003085828e-09
3_709.mat,0.378160585388
3_710.mat,4.71024640149e-63
3_711.mat,1.46977295365e-66
3_712.mat,1.0
3_713.mat,5.62248252022e-54
3_714.mat,7.78724332874e-112
3_715.mat,0.871842078854
3_716.mat,1.40344408369e-49
3_717.mat,0.658541625551
3_718.mat,1.0
3_719.mat,1.0
3_720.mat,1.0
3_721.mat,3.70242350645e-164
3_722.mat,2.68627156243e-91
3_723.mat,0.964312718421
3_724.mat,1.04483056247e-56
3_725.mat,0.0015644573951
3_726.mat,1.20977273566e-11
3_727.mat,0.590545736858
3_728.mat,5.50835195861e-70
3_729.mat,0.582080570828
3_730.mat,0.99867439935
3_731.mat,5.15296444271e-50
3_732.mat,4.12615418522e-30
3_733.mat,0.999990789693
3_734.mat,1.0
3_735.mat,0.0450512590451
3_736.mat,1.0
3_737.mat,1.58172771873e-59
3_738.mat,2.83191379727e-66
3_739.mat,0.9648723462
3_740.mat,2.15892993661e-27
3_741.mat,6.19175735464e-29
3_742.mat,1.85892975341e-62
3_743.mat,0.939571040418
3_744.mat,5.27317278315e-46
3_745.mat,9.39706001988e-05
3_746.mat,0.215854590381
3_747.mat,3.51994864114e-42
3_748.mat,1.0
3_749.mat,1.59756629963e-40
3_750.mat,7.54877665778e-34
3_751.mat,5.02785215179e-33
3_752.mat,2.59940855943e-50
3_753.mat,5.08136712844e-25
3_754.mat,1.91604352148e-53
3_755.mat,0.000277375159752
3_756.mat,0.994604959903
3_757.mat,1.0
3_758.mat,3.1681502295e-51
3_759.mat,5.50293935192e-42
3_760.mat,2.95097234713e-42
3_761.mat,1.0
3_762.mat,1.03717571494e-66
3_763.mat,1.0
3_764.mat,1.26384295957e-60
3_765.mat,2.67527458336e-21
3_766.mat,3.66985274275e-40
3_767.mat,1.74259189674e-60
3_768.mat,0.999728323854
3_769.mat,1.0
3_770.mat,1.0
3_771.mat,3.71709108776e-54
3_772.mat,8.78371381948e-97
3_773.mat,1.0
3_774.mat,1.0
3_775.mat,0.000722446750116
3_776.mat,0.998311020267
3_777.mat,0.999198951677
3_778.mat,4.93958355985e-112
3_779.mat,2.39310953778e-52
3_780.mat,2.39072383437e-74
3_781.mat,0.999935529244
3_782.mat,1.47629735218e-54
3_783.mat,5.66578241326e-68
3_784.mat,0.703044658467
3_785.mat,0.999599413021
3_786.mat,1.27768740896e-43
3_787.mat,1.95378970201e-21
3_788.mat,2.62774337325e-54
3_789.mat,0.034009083523
3_790.mat,1.0
3_791.mat,7.56441577645e-30
3_792.mat,0.0730719552927
3_793.mat,1.58333903244e-23
3_794.mat,5.27165458114e-64
3_795.mat,0.999640847227
3_796.mat,2.64308226384e-64
3_797.mat,0.921744890011
3_798.mat,1.24539545041e-75
3_799.mat,3.7880844219e-05
3_800.mat,2.29514135665e-49
3_801.mat,5.86089234772e-16
3_802.mat,1.76596514499e-46
3_803.mat,1.76382590838e-72
3_804.mat,3.74767992174e-26
3_805.mat,1.09821726794e-98
3_806.mat,1.0
3_807.mat,0.266534159219
3_808.mat,9.88314401943e-29
3_809.mat,2.36385689659e-11
3_810.mat,1.0
3_811.mat,7.75320709795e-82
3_812.mat,2.27015722302e-39
3_813.mat,6.45925449926e-25
3_814.mat,0.999995394838
3_815.mat,0.994247324969
3_816.mat,4.85176378242e-43
3_817.mat,1.48673781325e-51
3_818.mat,2.90574205393e-60
3_819.mat,0.988611867479
3_820.mat,2.82661980528e-06
3_821.mat,1.31132978614e-27
3_822.mat,9.38959767651e-08
3_823.mat,1.0
3_824.mat,3.45184661361e-53
3_825.mat,0.21941349816
3_826.mat,4.10725272767e-11
3_827.mat,4.62549789586e-35
3_828.mat,0.994935173836
3_829.mat,1.73463097263e-106
3_830.mat,1.45768417764e-35
3_831.mat,8.15839787347e-129
3_832.mat,1.0
3_833.mat,1.10320293156e-44
3_834.mat,4.65470130862e-42
3_835.mat,1.0
3_836.mat,0.999990789693
3_837.mat,3.57488389367e-28
3_838.mat,8.14536992152e-167
3_839.mat,1.0
3_840.mat,1.55197398996e-31
3_841.mat,0.999926319402
3_842.mat,8.17356503574e-63
3_843.mat,8.97051635433e-192
3_844.mat,5.2355394746e-155
3_845.mat,1.0
3_846.mat,1.0
3_847.mat,4.80624177466e-06
3_848.mat,5.16660882645e-18
3_849.mat,0.994659989599
3_850.mat,4.22281305567e-29
3_851.mat,0.812257122685
3_852.mat,0.671046118327
3_853.mat,1.97102247772e-46
3_854.mat,0.992030404196
3_855.mat,6.59998353619e-93
3_856.mat,0.984997748411
3_857.mat,0.999452102289
3_858.mat,0.999696094926
3_859.mat,1.03101350877e-18
3_860.mat,0.961080814683
3_861.mat,1.02655061443e-23
3_862.mat,2.82382182686e-39
3_863.mat,2.38210239505e-63
3_864.mat,2.91272946799e-52
3_865.mat,0.0458531469994
3_866.mat,0.157336220729
3_867.mat,0.986236228362
3_868.mat,1.0
3_869.mat,0.0
3_870.mat,2.24040353801e-42
3_871.mat,2.3919609428e-38
3_872.mat,4.1398046579e-102
3_873.mat,1.23024981545e-25
3_874.mat,1.0
3_875.mat,0.978905117507
3_876.mat,8.17166061044e-151
3_877.mat,2.30367529702e-12
3_878.mat,0.021650889098
3_879.mat,0.00167028254526
3_880.mat,9.26875976869e-25
3_881.mat,0.00195269046429
3_882.mat,6.39213045766e-45
3_883.mat,0.963619132907
3_884.mat,1.0
3_885.mat,1.0
3_886.mat,9.9060032644e-34
3_887.mat,0.895023941621
3_888.mat,1.0
3_889.mat,2.01130500539e-43
3_890.mat,0.99996315917
3_891.mat,3.65028162745e-26
3_892.mat,1.0
3_893.mat,0.948189305808
3_894.mat,3.92498372211e-47
3_895.mat,0.998513395844
3_896.mat,1.0
3_897.mat,3.4221700755e-55
3_898.mat,1.3545241088e-43
3_899.mat,1.22327369181e-63
3_900.mat,1.48584818785e-09
3_901.mat,2.69459981119e-12
3_902.mat,1.0
3_903.mat,0.00166747804878
3_904.mat,0.878663029796
3_905.mat,1.40049416681e-27
3_906.mat,6.08381387946e-17
3_907.mat,0.552954503866
3_908.mat,0.955566490769
3_909.mat,2.95605541144e-44
3_910.mat,1.32374917972e-19
3_911.mat,1.21329610017e-56
3_912.mat,0.98848408018
3_913.mat,0.0183486087226
3_914.mat,0.999373850376
3_915.mat,1.0
3_916.mat,0.999990789693
3_917.mat,2.35642031534e-32
3_918.mat,0.999967764215
3_919.mat,0.999912504763
3_920.mat,0.999967764215
3_921.mat,0.999958554141
3_922.mat,0.295011196135
3_923.mat,8.37720709585e-54
3_924.mat,0.976272048884
3_925.mat,0.00920345731397
3_926.mat,9.10571050211e-38
3_927.mat,1.0
3_928.mat,8.29805698338e-71
3_929.mat,4.37448689557e-35
3_930.mat,0.993701896405
3_931.mat,1.43304309527e-35
3_932.mat,0.999300205898
3_933.mat,1.0
3_934.mat,0.998748007721
3_935.mat,0.995806983807
3_936.mat,0.976457358229
3_937.mat,1.70552919334e-36
3_938.mat,4.26542979268e-31
3_939.mat,0.994907652731
3_940.mat,7.31613838238e-47
3_941.mat,0.999953949128
3_942.mat,3.88299493227e-179
3_943.mat,2.03087889186e-64
3_944.mat,2.0324578492e-52
3_945.mat,3.26047445534e-33
3_946.mat,0.225294893786
3_947.mat,2.12314257634e-18
3_948.mat,6.86592839174e-25
3_949.mat,3.8876461815e-18
3_950.mat,0.918534770628
3_951.mat,0.985052361547
3_952.mat,9.63573075142e-57
3_953.mat,0.998168456757
3_954.mat,6.50542314762e-20
3_955.mat,8.08297323231e-71
3_956.mat,0.999995394838
3_957.mat,1.0
3_958.mat,0.997189338389
3_959.mat,9.56309309198e-74
3_960.mat,1.0
3_961.mat,1.10469156845e-14
3_962.mat,1.53436920512e-66
3_963.mat,1.70469494672e-55
3_964.mat,1.0
3_965.mat,0.999986184564
3_966.mat,1.8841422763e-74
3_967.mat,0.998370809709
3_968.mat,0.0100033251068
3_969.mat,1.0
3_970.mat,2.89798258877e-70
3_971.mat,1.0
3_972.mat,0.252577882794
3_973.mat,5.63589829541e-136
3_974.mat,1.07332173119e-74
3_975.mat,0.999921714506
3_976.mat,1.0
3_977.mat,4.53538605248e-88
3_978.mat,3.21196761534e-46
3_979.mat,1.05369502981e-42
3_980.mat,6.9049364853e-30
3_981.mat,0.494207976904
3_982.mat,0.999682282777
3_983.mat,0.644432493388
3_984.mat,4.51444479797e-19
3_985.mat,1.1300377792e-35
3_986.mat,0.996440567991
3_987.mat,6.17177254763e-57
3_988.mat,1.65242628389e-87
3_989.mat,0.99940146815
3_990.mat,0.117170434756
3_991.mat,1.7238370712e-59
3_992.mat,3.65226538137e-40
3_993.mat,8.06082694079e-59
3_994.mat,7.47237150871e-95
3_995.mat,0.994641646102
3_996.mat,7.12206326466e-70
3_997.mat,0.998660598253
3_998.mat,1.0
3_999.mat,3.32222321768e-109
3_1000.mat,4.40568208599e-37
3_1001.mat,0.781312898377
3_1002.mat,1.24566961884e-19
3_1003.mat,6.6895173366e-97
3_1004.mat,1.0
3_1005.mat,1.0
3_1006.mat,2.29414425963e-105
3_1007.mat,0.998563994756
3_1008.mat,0.914530142234
3_1009.mat,0.999972369278
3_1010.mat,1.0
3_1011.mat,4.54720937627e-64
3_1012.mat,2.53326515542e-73
3_1013.mat,0.0429113689977
3_1014.mat,3.13294450053e-11
3_1015.mat,5.93311442633e-53
3_1016.mat,1.0
3_1017.mat,0.0407664360585
3_1018.mat,1.63700091544e-146
3_1019.mat,1.08247948176e-64
3_1020.mat,0.948383683059
3_1021.mat,1.11049960722e-100
3_1022.mat,0.999116113289
3_1023.mat,0.980128530392
3_1024.mat,7.92204971532e-47
3_1025.mat,0.993229991916
3_1026.mat,0.999834224631
3_1027.mat,0.997088251648
3_1028.mat,3.81381799914e-21
3_1029.mat,0.888981111593
3_1030.mat,0.978696803444
3_1031.mat,1.13404501407e-73
3_1032.mat,3.93543105032e-08
3_1033.mat,0.999912504763
3_1034.mat,0.996385461189
3_1035.mat,1.75678922768e-66
3_1036.mat,1.45354105207e-50
3_1037.mat,1.26113039529e-105
3_1038.mat,1.21322389942e-83
3_1039.mat,0.971441151393
3_1040.mat,0.68826140612
3_1041.mat,0.925280091332
3_1042.mat,1.0
3_1043.mat,0.322818466187
3_1044.mat,0.999332424834
3_1045.mat,0.422500296276
3_1046.mat,1.0
3_1047.mat,6.80654336238e-07
3_1048.mat,0.584375370542
3_1049.mat,4.25610857824e-39
3_1050.mat,7.80677041212e-31
3_1051.mat,4.133552699e-166
3_1052.mat,0.27341352847
3_1053.mat,0.999834224631
3_1054.mat,4.96701488619e-60
3_1055.mat,1.05717671668e-43
3_1056.mat,1.0
3_1057.mat,6.52001868134e-59
3_1058.mat,0.984583675938
3_1059.mat,0.0561966811719
3_1060.mat,1.0
3_1061.mat,6.3089430022e-85
3_1062.mat,1.30279479952e-89
3_1063.mat,2.44047217771e-08
3_1064.mat,3.59307946235e-27
3_1065.mat,4.41322531546e-44
3_1066.mat,6.15357314554e-58
3_1067.mat,1.81788120694e-98
3_1068.mat,0.737832125094
3_1069.mat,2.93680442403e-76
3_1070.mat,9.65721815949e-85
3_1071.mat,7.09733072964e-50
3_1072.mat,0.175089444216
3_1073.mat,1.37490958212e-10
3_1074.mat,6.66959707586e-116
3_1075.mat,1.0
3_1076.mat,1.86020682604e-79
3_1077.mat,1.0
3_1078.mat,2.1319930245e-15
3_1079.mat,3.77187738441e-15
3_1080.mat,1.53974530662e-06
3_1081.mat,4.40020001267e-42
3_1082.mat,0.232128678791
3_1083.mat,2.34655497242e-21
3_1084.mat,2.40510044806e-57
3_1085.mat,0.79488820955
3_1086.mat,0.999622431858
3_1087.mat,1.0
3_1088.mat,0.054756788085
3_1089.mat,0.999986184564
3_1090.mat,2.81900603833e-98
3_1091.mat,0.000164040924091
3_1092.mat,0.999944739153
3_1093.mat,1.31614035524e-07
3_1094.mat,0.000115039774592
3_1095.mat,1.28604414068e-44
3_1096.mat,0.999668470777
3_1097.mat,4.1229785428e-80
3_1098.mat,1.57172889896e-26
3_1099.mat,1.0
3_1100.mat,0.999502738436
3_1101.mat,8.29746962825e-36
3_1102.mat,1.0
3_1103.mat,0.999958554141
3_1104.mat,1.06710682848e-40
3_1105.mat,1.88848863265e-48
3_1106.mat,2.42940590882e-74
3_1107.mat,0.000690253137975
3_1108.mat,0.907159114641
3_1109.mat,0.999576394599
3_1110.mat,3.27066195013e-09
3_1111.mat,2.74124044011e-57
3_1112.mat,5.01046709276e-59
3_1113.mat,1.74157608105e-05
3_1114.mat,2.94586285746e-23
3_1115.mat,1.83931703399e-115
3_1116.mat,0.986915176998
3_1117.mat,0.035336309569
3_1118.mat,6.25590697365e-29
3_1119.mat,1.0
3_1120.mat,1.0
3_1121.mat,4.18323865401e-37
3_1122.mat,0.647530092707
3_1123.mat,1.18323945247e-08
3_1124.mat,8.18235534489e-12
3_1125.mat,1.15792622855e-32
3_1126.mat,2.55558870038e-35
3_1127.mat,1.0
3_1128.mat,6.52073169412e-57
3_1129.mat,1.0
3_1130.mat,3.02452078947e-45
3_1131.mat,3.37189484345e-119
3_1132.mat,1.51378987761e-102
3_1133.mat,1.36457961175e-63
3_1134.mat,1.44051640299e-08
3_1135.mat,9.48301029398e-08
3_1136.mat,6.12033376845e-64
3_1137.mat,7.3410633096e-121
3_1138.mat,2.77067174105e-23
3_1139.mat,1.0
3_1140.mat,0.00173692452198
3_1141.mat,7.68184206128e-67
3_1142.mat,0.0679134947591
3_1143.mat,0.0202876048934
3_1144.mat,1.24254768378e-65
3_1145.mat,1.37342502194e-174
3_1146.mat,0.999990789693
3_1147.mat,2.51229822741e-10
3_1148.mat,0.891289183366
3_1149.mat,3.64340154243e-17
3_1150.mat,1.0
3_1151.mat,1.0
3_1152.mat,7.22907841298e-33
3_1153.mat,5.16344963887e-61
3_1154.mat,0.857368839822
3_1155.mat,8.68994883461e-05
3_1156.mat,0.998490397002
3_1157.mat,1.84416557312e-10
3_1158.mat,0.400896502881
3_1159.mat,3.30561240668e-56
3_1160.mat,0.999604016755
3_1161.mat,1.0
3_1162.mat,7.21907917645e-10
3_1163.mat,3.1742850771e-05
3_1164.mat,0.999765157911
3_1165.mat,8.22663154092e-28
3_1166.mat,1.0
3_1167.mat,0.000346805218339
3_1168.mat,1.0
3_1169.mat,0.999995394838
3_1170.mat,4.98272158298e-80
3_1171.mat,0.999742136501
3_1172.mat,0.999981579452
3_1173.mat,1.19311768754e-78
3_1174.mat,1.51326476874e-131
3_1175.mat,0.846037756235
3_1176.mat,1.0
3_1177.mat,1.0876677797e-12
3_1178.mat,0.991883967426
3_1179.mat,0.999990789693
3_1180.mat,1.0
3_1181.mat,1.0
3_1182.mat,0.999944739153
3_1183.mat,0.998554794805
3_1184.mat,1.0
3_1185.mat,1.38643602347e-05
3_1186.mat,7.43676929204e-37
3_1187.mat,1.0
3_1188.mat,0.999981579452
3_1189.mat,0.999990789693
3_1190.mat,1.0
3_1191.mat,1.0
3_1192.mat,0.999995394838
3_1193.mat,1.0
3_1194.mat,0.999783575338
3_1195.mat,4.4093510373e-67
3_1196.mat,4.83362467792e-22
3_1197.mat,0.0293477466416
3_1198.mat,0.936154951197
3_1199.mat,9.58502110404e-55
3_1200.mat,0.505778436551
3_1201.mat,0.943740433144
3_1202.mat,5.92119132442e-14
3_1203.mat,1.66399221993e-37
3_1204.mat,1.0
3_1205.mat,6.03968264926e-125
3_1206.mat,6.37361461963e-23
3_1207.mat,1.0
3_1208.mat,1.0
3_1209.mat,0.997538608861
3_1210.mat,0.999981579452
3_1211.mat,3.86441918409e-42
3_1212.mat,0.999976974357
3_1213.mat,1.0
3_1214.mat,6.39309061703e-52
3_1215.mat,2.79124261213e-135
3_1216.mat,1.0
3_1217.mat,6.4431740816e-134
3_1218.mat,0.325416783187
3_1219.mat,5.73612080341e-81
3_1220.mat,0.000425960882162
3_1221.mat,0.016671236808
3_1222.mat,0.000612751915328
3_1223.mat,1.25101798813e-26
3_1224.mat,1.20829481067e-66
3_1225.mat,1.0
3_1226.mat,0.998338615046
3_1227.mat,1.21755710943e-52
3_1228.mat,0.412073781231
3_1229.mat,1.60604576834e-106
3_1230.mat,3.60288553559e-23
3_1231.mat,1.0
3_1232.mat,0.148903405838
3_1233.mat,5.04429978102e-27
3_1234.mat,1.6079813673e-39
3_1235.mat,5.77459620485e-81
3_1236.mat,2.48514574627e-06
3_1237.mat,1.00610496134e-35
3_1238.mat,1.01950051011e-06
3_1239.mat,1.59239866759e-132
3_1240.mat,0.995146188778
3_1241.mat,0.999972369278
3_1242.mat,2.01399430763e-63
3_1243.mat,0.999949344132
3_1244.mat,2.24019655263e-80
3_1245.mat,0.168784830537
3_1246.mat,0.973495710904
3_1247.mat,0.999986184564
3_1248.mat,8.60140049257e-36
3_1249.mat,2.8679572152e-52
3_1250.mat,0.999930924315
3_1251.mat,1.0
3_1252.mat,1.0
3_1253.mat,0.000175781468988
3_1254.mat,0.924721197156
3_1255.mat,4.12991380691e-44
3_1256.mat,1.01823078028e-38
3_1257.mat,3.41305351808e-34
3_1258.mat,0.453871471717
3_1259.mat,0.00351269108633
3_1260.mat,0.999995394838
3_1261.mat,0.999806597495
3_1262.mat,6.92342780435e-54
3_1263.mat,2.90915907169e-10
3_1264.mat,2.21290777197e-47
3_1265.mat,1.63384852945e-24
3_1266.mat,0.989867608686
3_1267.mat,1.23290020035e-18
3_1268.mat,4.06235580959e-16
3_1269.mat,0.99958099825
3_1270.mat,8.06936303427e-17
3_1271.mat,0.64054676297
3_1272.mat,1.0
3_1273.mat,1.0
3_1274.mat,1.46965562254e-51
3_1275.mat,8.01011798349e-14
3_1276.mat,2.87347480032e-44
3_1277.mat,1.59678256523e-64
3_1278.mat,0.999995394838
3_1279.mat,1.0
3_1280.mat,1.0
3_1281.mat,4.27328892435e-06
3_1282.mat,1.0
3_1283.mat,0.999986184564
3_1284.mat,4.71426886624e-05
3_1285.mat,1.96400039388e-06
3_1286.mat,2.88166984731e-83
3_1287.mat,1.92401810132e-74
3_1288.mat,0.997331792413
3_1289.mat,7.23397132086e-06
3_1290.mat,0.912672287618
3_1291.mat,0.00534320145402
3_1292.mat,4.12489662553e-26
3_1293.mat,3.6209854997e-51
3_1294.mat,8.47113115809e-36
3_1295.mat,0.336064432046
3_1296.mat,5.7821795126e-56
3_1297.mat,1.51867707038e-90
3_1298.mat,7.65532975963e-22
3_1299.mat,9.53358274405e-33
3_1300.mat,0.673972813707
3_1301.mat,0.999217360938
3_1302.mat,1.25053249733e-26
3_1303.mat,0.057265977566
3_1304.mat,1.0
3_1305.mat,0.999714511357
3_1306.mat,5.17538758254e-18
3_1307.mat,1.0
3_1308.mat,0.707438183226
3_1309.mat,0.977796018464
3_1310.mat,1.31754868237e-77
3_1311.mat,1.98348001804e-30
3_1312.mat,2.38420780213e-42
3_1313.mat,2.10746159509e-42
3_1314.mat,0.956918273249
3_1315.mat,1.0
3_1316.mat,1.26959746102e-20
3_1317.mat,4.70729899392e-90
3_1318.mat,6.51688253844e-81
3_1319.mat,5.90644311582e-21
3_1320.mat,1.0
3_1321.mat,6.33892046702e-72
3_1322.mat,0.999995394838
3_1323.mat,1.55930955224e-25
3_1324.mat,1.16971520789e-27
3_1325.mat,1.0
3_1326.mat,1.0
3_1327.mat,5.78842297753e-39
3_1328.mat,0.799682164071
3_1329.mat,0.939764033239
3_1330.mat,0.887164022567
3_1331.mat,0.999917109626
3_1332.mat,7.99161958984e-55
3_1333.mat,0.998867630383
3_1334.mat,1.27393718156e-25
3_1335.mat,0.996316581043
3_1336.mat,1.0
3_1337.mat,1.94719995454e-72
3_1338.mat,2.86586193512e-130
3_1339.mat,0.00129081648011
3_1340.mat,6.20763331998e-117
3_1341.mat,1.05862203711e-17
3_1342.mat,4.51749366187e-32
3_1343.mat,1.0
3_1344.mat,0.00316610198915
3_1345.mat,2.26696523647e-53
3_1346.mat,0.927010438083
3_1347.mat,0.999990789693
3_1348.mat,2.25265726379e-52
3_1349.mat,6.80493922524e-99
3_1350.mat,6.45760902542e-16
3_1351.mat,2.88736177861e-58
3_1352.mat,3.85058562276e-51
3_1353.mat,0.0830710951665
3_1354.mat,0.999986184564
3_1355.mat,1.92019741162e-32
3_1356.mat,1.00447871169e-28
3_1357.mat,1.0
3_1358.mat,1.20223850219e-52
3_1359.mat,1.90837821309e-08
3_1360.mat,4.20719192614e-49
3_1361.mat,1.0
3_1362.mat,6.24065724973e-34
3_1363.mat,2.02249820234e-110
3_1364.mat,1.00958139839e-38
3_1365.mat,0.999990789693
3_1366.mat,0.449875576501
3_1367.mat,5.37922726633e-28
3_1368.mat,4.38354204579e-78
3_1369.mat,1.0284396573e-91
3_1370.mat,0.999958554141
3_1371.mat,0.731833195199
3_1372.mat,3.67721506311e-61
3_1373.mat,0.576500088363
3_1374.mat,5.1405723861e-35
3_1375.mat,1.14292368922e-81
3_1376.mat,0.970581588712
3_1377.mat,1.0
3_1378.mat,1.0
3_1379.mat,0.999995394838
3_1380.mat,2.13904944273e-78
3_1381.mat,0.999825015519
3_1382.mat,1.03330045562e-09
3_1383.mat,1.0
3_1384.mat,1.06014424686e-07
3_1385.mat,1.0
3_1386.mat,4.04176694575e-10
3_1387.mat,3.05902451589e-59
3_1388.mat,0.993614832863
3_1389.mat,5.11713207337e-08
3_1390.mat,9.64326029693e-59
3_1391.mat,1.0
3_1392.mat,1.24873543714e-63
3_1393.mat,0.922215926396
3_1394.mat,0.375915935384
3_1395.mat,1.59026988871e-06
3_1396.mat,1.0
3_1397.mat,1.0
3_1398.mat,0.999502738436
3_1399.mat,0.0579310036485
3_1400.mat,2.292847894e-90
3_1401.mat,0.922345602502
3_1402.mat,0.234738318763
3_1403.mat,0.99994013419
3_1404.mat,0.400896502881
3_1405.mat,1.0
3_1406.mat,2.06865362187e-37
3_1407.mat,1.0
3_1408.mat,1.0
3_1409.mat,5.1076620538e-48
3_1410.mat,2.58600188223e-07
3_1411.mat,1.0
3_1412.mat,0.00133943126701
3_1413.mat,1.98882136553e-162
3_1414.mat,3.06842606568e-24
3_1415.mat,1.83996201475e-48
3_1416.mat,1.24604110592e-32
3_1417.mat,5.25427221409e-05
3_1418.mat,1.0
3_1419.mat,1.50242207809e-30
3_1420.mat,0.9593543623
3_1421.mat,1.52648335278e-95
3_1422.mat,1.7000417642e-18
3_1423.mat,8.53607789354e-27
3_1424.mat,1.00616517308e-08
3_1425.mat,1.0
3_1426.mat,1.1325042019e-81
3_1427.mat,0.0775374094227
3_1428.mat,4.29307864534e-32
3_1429.mat,0.00051185187635
3_1430.mat,0.206433383653
3_1431.mat,1.0
3_1432.mat,0.999438292779
3_1433.mat,0.999953949128
3_1434.mat,6.16519355078e-71
3_1435.mat,1.49513134997e-11
3_1436.mat,2.3436227967e-83
3_1437.mat,5.35197337244e-06
3_1438.mat,0.99832941672
3_1439.mat,0.999894085477
3_1440.mat,1.0
3_1441.mat,0.999866457046
3_1442.mat,3.79794393445e-30
3_1443.mat,5.01946587459e-130
3_1444.mat,0.999990789693
3_1445.mat,1.0
3_1446.mat,0.15668769051
3_1447.mat,0.99137614603
3_1448.mat,2.1742063002e-34
3_1449.mat,0.996771258906
3_1450.mat,1.0
3_1451.mat,1.45506768433e-55
3_1452.mat,0.000108014477605
3_1453.mat,1.09699236495e-34
3_1454.mat,8.42038664226e-10
3_1455.mat,1.57375427674e-63
3_1456.mat,0.119950733484
3_1457.mat,1.0
3_1458.mat,4.28464719287e-92
3_1459.mat,4.06052057867e-75
3_1460.mat,1.47281565544e-23
3_1461.mat,6.09327410224e-70
3_1462.mat,1.77806547202e-23
3_1463.mat,0.997667311594
3_1464.mat,8.6363301657e-102
3_1465.mat,2.15723643073e-67
3_1466.mat,2.53284640107e-39
3_1467.mat,3.94691889977e-44
3_1468.mat,1.0
3_1469.mat,0.194936514076
3_1470.mat,2.52335222325e-74
3_1471.mat,2.39971931157e-67
3_1472.mat,0.999995394838
3_1473.mat,0.930021797081
3_1474.mat,0.999820410988
3_1475.mat,0.990854811616
3_1476.mat,3.59659231439e-104
3_1477.mat,0.000576583062731
3_1478.mat,0.997184743363
3_1479.mat,0.928921525856
3_1480.mat,0.999990789693
3_1481.mat,2.56688402816e-43
3_1482.mat,0.499393161131
3_1483.mat,0.00130552545756
3_1484.mat,1.0
3_1485.mat,1.0
3_1486.mat,5.51146359085e-07
3_1487.mat,1.0
3_1488.mat,1.0
3_1489.mat,1.0
3_1490.mat,0.995114075548
3_1491.mat,1.0
3_1492.mat,3.8460793491e-07
3_1493.mat,2.87683011872e-40
3_1494.mat,0.928213195399
3_1495.mat,2.7900939731e-08
3_1496.mat,2.45348909249e-75
3_1497.mat,1.0
3_1498.mat,5.12817503782e-22
3_1499.mat,0.0677711582159
3_1500.mat,1.38401608953e-45
3_1501.mat,2.11441829545e-87
3_1502.mat,5.60823516399e-59
3_1503.mat,0.999990789693
3_1504.mat,0.99881241853
3_1505.mat,1.60500276666e-09
3_1506.mat,2.96016491085e-76
3_1507.mat,1.0
3_1508.mat,2.71337492898e-33
3_1509.mat,0.980645441741
3_1510.mat,3.72711508659e-56
3_1511.mat,1.0
3_1512.mat,0.000467568278487
3_1513.mat,1.0
3_1514.mat,2.52796920616e-28
3_1515.mat,0.999995394838
3_1516.mat,2.87482153218e-111
3_1517.mat,0.672509907476
3_1518.mat,2.07266390479e-74
3_1519.mat,3.40794685628e-196
3_1520.mat,4.00734730261e-102
3_1521.mat,1.62129844446e-75
3_1522.mat,0.994880132221
3_1523.mat,5.57334161924e-64
3_1524.mat,1.0
3_1525.mat,1.0
3_1526.mat,6.66459291114e-89
3_1527.mat,1.29970974192e-25
3_1528.mat,0.97857454831
3_1529.mat,0.997405323304
3_1530.mat,0.981575512238
3_1531.mat,8.19557236767e-73
3_1532.mat,0.995490310007
3_1533.mat,4.90588871526e-68
3_1534.mat,0.999083899812
3_1535.mat,5.99156085479e-120
3_1536.mat,5.67326068989e-50
3_1537.mat,6.89381774157e-115
3_1538.mat,2.8352472574e-79
3_1539.mat,2.28255995611e-14
3_1540.mat,0.833090430844
3_1541.mat,0.998205245814
3_1542.mat,0.90499778689
3_1543.mat,9.21131510532e-09
3_1544.mat,6.11971556262e-94
3_1545.mat,1.28293059163e-50
3_1546.mat,2.12960981791e-54
3_1547.mat,0.0148272366366
3_1548.mat,0.999990789693
3_1549.mat,1.6644995075e-16
3_1550.mat,5.79417421749e-37
3_1551.mat,1.02835349391e-145
3_1552.mat,0.999673074761
3_1553.mat,4.91552237207e-92
3_1554.mat,4.77655321578e-132
3_1555.mat,1.00915010066e-66
3_1556.mat,3.47132820488e-100
3_1557.mat,0.669722766433
3_1558.mat,0.951958705831
3_1559.mat,2.5166261179e-47
3_1560.mat,2.30902800263e-77
3_1561.mat,1.0
3_1562.mat,0.999935529244
3_1563.mat,1.21005908182e-09
3_1564.mat,3.36456261847e-94
3_1565.mat,8.71402239205e-31
3_1566.mat,0.999995394838
3_1567.mat,0.999995394838
3_1568.mat,1.77380134647e-66
3_1569.mat,6.23337220366e-26
3_1570.mat,0.940817267722
3_1571.mat,6.26853870168e-87
3_1572.mat,1.32038011408e-54
3_1573.mat,0.999442895933
3_1574.mat,0.900059417671
3_1575.mat,2.47744139512e-11
3_1576.mat,8.87092581944e-80
3_1577.mat,0.999424483419
3_1578.mat,1.62577763162e-42
3_1579.mat,0.986231672895
3_1580.mat,0.999986184564
3_1581.mat,1.0
3_1582.mat,8.86517939916e-06
3_1583.mat,1.0
3_1584.mat,3.65009106373e-24
3_1585.mat,1.59187517908e-121
3_1586.mat,0.999903295087
3_1587.mat,1.13201429254e-25
3_1588.mat,3.23174231939e-41
3_1589.mat,4.4523294809e-51
3_1590.mat,0.999189747146
3_1591.mat,1.0
3_1592.mat,8.91223482326e-19
3_1593.mat,1.0
3_1594.mat,1.08031907125e-31
3_1595.mat,1.0
3_1596.mat,0.999995394838
3_1597.mat,1.0
3_1598.mat,1.69476900725e-48
3_1599.mat,1.00255936804e-68
3_1600.mat,0.999866457046
3_1601.mat,5.18796542545e-83
3_1602.mat,3.51776435293e-75
3_1603.mat,0.00660806631841
3_1604.mat,1.61706238557e-39
3_1605.mat,0.000554159778061
3_1606.mat,2.00488663183e-45
3_1607.mat,6.34475492627e-68
3_1608.mat,1.0
3_1609.mat,0.999958554141
3_1610.mat,6.32936344467e-48
3_1611.mat,1.71150578683e-13
3_1612.mat,1.0
3_1613.mat,0.291424497779
3_1614.mat,0.99389437385
3_1615.mat,0.000205543976504
3_1616.mat,8.01787557148e-08
3_1617.mat,9.62344439162e-28
3_1618.mat,1.38980064735e-41
3_1619.mat,1.25572936151e-13
3_1620.mat,3.14500985208e-97
3_1621.mat,4.18694419299e-80
3_1622.mat,6.60777616356e-94
3_1623.mat,2.85341382001e-125
3_1624.mat,1.0
3_1625.mat,1.71641109542e-06
3_1626.mat,0.0034492915576
3_1627.mat,0.132979200206
3_1628.mat,0.986937966853
3_1629.mat,0.989451934352
3_1630.mat,6.13557120858e-20
3_1631.mat,0.00531154664392
3_1632.mat,0.168933579733
3_1633.mat,0.605983351868
3_1634.mat,1.38834442659e-19
3_1635.mat,0.400896502881
3_1636.mat,6.91349862238e-15
3_1637.mat,3.22049429755e-36
3_1638.mat,0.999986184564
3_1639.mat,0.99480674711
3_1640.mat,6.89695329815e-79
3_1641.mat,3.10605908704e-16
3_1642.mat,7.31322575751e-119
3_1643.mat,0.596810031493
3_1644.mat,0.163657368756
3_1645.mat,0.97953933042
3_1646.mat,1.0
3_1647.mat,0.0232491845941
3_1648.mat,0.00245247799768
3_1649.mat,1.55096770345e-55
3_1650.mat,1.0
3_1651.mat,4.60365358256e-62
3_1652.mat,6.86307662333e-179
3_1653.mat,4.43883484956e-72
3_1654.mat,0.999949344132
3_1655.mat,6.26878785838e-12
3_1656.mat,0.996041097732
3_1657.mat,5.27326143848e-27
3_1658.mat,2.22265106363e-61
3_1659.mat,5.42921290934e-141
3_1660.mat,0.00486383674052
3_1661.mat,0.0811438440786
3_1662.mat,0.906237818804
3_1663.mat,1.85091678036e-90
3_1664.mat,1.85108868952e-45
3_1665.mat,0.329268683982
3_1666.mat,2.99183553158e-30
3_1667.mat,3.05687145664e-60
3_1668.mat,0.959987558722
3_1669.mat,1.0
3_1670.mat,7.15984523802e-37
3_1671.mat,0.999958554141
3_1672.mat,6.20729066175e-32
3_1673.mat,2.54239953125e-108
3_1674.mat,2.29278997258e-128
3_1675.mat,6.77291796929e-20
3_1676.mat,2.176904262e-30
3_1677.mat,1.67971052135e-88
3_1678.mat,1.1236977152e-24
3_1679.mat,1.12396498424e-82
3_1680.mat,0.282104744972
3_1681.mat,8.46815291441e-37
3_1682.mat,6.32369326504e-21
3_1683.mat,2.40516433145e-43
3_1684.mat,0.999875666456
3_1685.mat,1.65620676072e-57
3_1686.mat,3.70954831229e-28
3_1687.mat,9.15066078016e-22
3_1688.mat,2.00119505725e-30
3_1689.mat,3.61848378547e-46
3_1690.mat,5.30414835365e-37
3_1691.mat,0.324944711278
3_1692.mat,0.136124659788
3_1693.mat,1.0
3_1694.mat,0.255125272351
3_1695.mat,0.87900850094
3_1696.mat,0.000114270951181
3_1697.mat,1.52071196198e-80
3_1698.mat,0.00547606471545
3_1699.mat,1.0
3_1700.mat,6.01216454713e-48
3_1701.mat,1.62739533941e-42
3_1702.mat,5.48663170739e-183
3_1703.mat,8.49327090289e-45
3_1704.mat,0.250122029444
3_1705.mat,0.17803145208
3_1706.mat,1.0
3_1707.mat,0.928274016993
3_1708.mat,1.0
3_1709.mat,1.0
3_1710.mat,1.49828384313e-15
3_1711.mat,3.81243509096e-21
3_1712.mat,2.24815581689e-49
3_1713.mat,1.0
3_1714.mat,5.43683104802e-16
3_1715.mat,0.985471141012
3_1716.mat,1.0
3_1717.mat,0.417628731531
3_1718.mat,0.999659262861
3_1719.mat,7.66404392028e-69
3_1720.mat,2.98571506704e-64
3_1721.mat,1.8123837033e-150
3_1722.mat,0.982106642404
3_1723.mat,1.6826427961e-18
3_1724.mat,0.991078867646
3_1725.mat,1.0
3_1726.mat,1.8691304474e-27
3_1727.mat,1.0
3_1728.mat,1.0
3_1729.mat,1.0
3_1730.mat,1.0
3_1731.mat,4.13668285501e-44
3_1732.mat,1.83944696473e-22
3_1733.mat,1.0
3_1734.mat,6.34569538054e-47
3_1735.mat,0.99996315917
3_1736.mat,7.00230851017e-58
3_1737.mat,0.995182890605
3_1738.mat,0.997961538085
3_1739.mat,1.32112637496e-08
3_1740.mat,4.2477503966e-92
3_1741.mat,1.0
3_1742.mat,1.0
3_1743.mat,0.999861852365
3_1744.mat,2.72231251442e-08
3_1745.mat,0.42623858349
3_1746.mat,1.0
3_1747.mat,2.48495534326e-80
3_1748.mat,0.998766410478
3_1749.mat,1.0
3_1750.mat,4.37715300521e-51
3_1751.mat,1.67311956455e-54
3_1752.mat,1.60387079083e-11
3_1753.mat,0.498580765652
3_1754.mat,4.22932524546e-87
3_1755.mat,1.0
3_1756.mat,0.0237262143669
3_1757.mat,0.999709907224
3_1758.mat,1.06273684581e-19
3_1759.mat,2.16196591067e-51
3_1760.mat,1.70345901474e-20
3_1761.mat,2.88312489557e-48
3_1762.mat,3.19196343553e-118
3_1763.mat,1.33914604993e-17
3_1764.mat,4.0009641171e-51
3_1765.mat,0.96332839072
3_1766.mat,2.94606978712e-77
3_1767.mat,1.0
3_1768.mat,1.42380033972e-123
3_1769.mat,0.0867303733692
3_1770.mat,1.0
3_1771.mat,7.83699632026e-88
3_1772.mat,2.26428246273e-32
3_1773.mat,1.08464134269e-10
3_1774.mat,5.66084980975e-09
3_1775.mat,1.7549950487e-46
3_1776.mat,0.00214188676389
3_1777.mat,2.80992149253e-95
3_1778.mat,0.981915954414
3_1779.mat,3.05797247719e-30
3_1780.mat,0.922496909333
3_1781.mat,1.0
3_1782.mat,2.59590796413e-126
3_1783.mat,2.23485893604e-66
3_1784.mat,4.5475566516e-72
3_1785.mat,6.36026689691e-21
3_1786.mat,0.999949344132
3_1787.mat,5.11743657707e-110
3_1788.mat,4.27010769819e-28
3_1789.mat,1.0
3_1790.mat,0.791381341033
3_1791.mat,1.0
3_1792.mat,0.9727293594
3_1793.mat,8.26893426129e-05
3_1794.mat,1.0
3_1795.mat,1.29419555188e-39
3_1796.mat,1.0
3_1797.mat,2.56143473394e-63
3_1798.mat,0.913457117062
3_1799.mat,9.94289255266e-20
3_1800.mat,1.58693811648e-45
3_1801.mat,0.000107884417586
3_1802.mat,9.38197087876e-19
3_1803.mat,1.0
3_1804.mat,9.18218484395e-62
3_1805.mat,0.99996315917
3_1806.mat,2.10537695037e-64
3_1807.mat,1.59372628926e-71
3_1808.mat,0.999465911948
3_1809.mat,1.67474724585e-68
3_1810.mat,1.85791035593e-73
3_1811.mat,8.81658967606e-09
3_1812.mat,0.320979247398
3_1813.mat,0.986067687066
3_1814.mat,1.0
3_1815.mat,7.15403515706e-139
3_1816.mat,0.999976974357
3_1817.mat,0.995127838262
3_1818.mat,2.54181054379e-05
3_1819.mat,0.999935529244
3_1820.mat,0.00182918627726
3_1821.mat,0.400896502881
3_1822.mat,9.1713367188e-62
3_1823.mat,4.7781429501e-38
3_1824.mat,0.998987264261
3_1825.mat,2.73388478808e-126
3_1826.mat,1.50653294886e-06
3_1827.mat,8.85135224166e-06
3_1828.mat,1.22760933836e-47
3_1829.mat,0.995545378047
3_1830.mat,0.998563994756
3_1831.mat,3.30275217914e-13
3_1832.mat,6.78199575745e-27
3_1833.mat,6.66672462944e-22
3_1834.mat,3.26611968458e-20
3_1835.mat,6.2035571678e-120
3_1836.mat,1.78385098597e-23
3_1837.mat,3.76875292647e-11
3_1838.mat,0.138622699775
3_1839.mat,1.0
3_1840.mat,0.0068923112828
3_1841.mat,1.0
3_1842.mat,0.00188470216227
3_1843.mat,7.32767956676e-127
3_1844.mat,2.76784894537e-207
3_1845.mat,1.71288368511e-61
3_1846.mat,0.832360198031
3_1847.mat,6.71639459348e-07
3_1848.mat,0.999755949297
3_1849.mat,6.93850470638e-65
3_1850.mat,2.0075699812e-43
3_1851.mat,8.34943475596e-56
3_1852.mat,3.52970963697e-89
3_1853.mat,3.14001867349e-08
3_1854.mat,0.999995394838
3_1855.mat,0.000578557194089
3_1856.mat,1.83165248117e-88
3_1857.mat,4.38698456918e-22
3_1858.mat,1.27581788338e-98
3_1859.mat,0.918750229732
3_1860.mat,5.21085845727e-53
3_1861.mat,0.00811598527153
3_1862.mat,0.0246956248939
3_1863.mat,1.0
3_1864.mat,1.0
3_1865.mat,3.64203350695e-28
3_1866.mat,6.70375609493e-49
3_1867.mat,0.993766052311
3_1868.mat,1.14468361235e-150
3_1869.mat,1.56541291623e-51
3_1870.mat,0.251863562898
3_1871.mat,1.94081431295e-34
3_1872.mat,0.961317443129
3_1873.mat,0.999912504763
3_1874.mat,7.8375518781e-127
3_1875.mat,8.77438069509e-36
3_1876.mat,9.46403523326e-44
3_1877.mat,5.01886726002e-50
3_1878.mat,0.00577800726685
3_1879.mat,3.71171082632e-105
3_1880.mat,1.47509176943e-76
3_1881.mat,2.59712495769e-21
3_1882.mat,0.810857087885
3_1883.mat,1.2123077493e-15
3_1884.mat,0.999498135067
3_1885.mat,0.000614709496716
3_1886.mat,8.98002527686e-104
3_1887.mat,1.94663561684e-57
3_1888.mat,1.0
3_1889.mat,2.29724357902e-14
3_1890.mat,2.6140507384e-25
3_1891.mat,1.0
3_1892.mat,3.2252221272e-44
3_1893.mat,6.71434393374e-14
3_1894.mat,3.57738109962e-27
3_1895.mat,1.0
3_1896.mat,7.77491903092e-115
3_1897.mat,0.974939537081
3_1898.mat,0.999990789693
3_1899.mat,0.029407988917
3_1900.mat,0.470330190665
3_1901.mat,0.999926319402
3_1902.mat,3.08977815561e-08
3_1903.mat,1.9997921456e-96
3_1904.mat,0.712467479546
3_1905.mat,0.998720404084
3_1906.mat,0.998449000132
3_1907.mat,2.1617945321e-08
3_1908.mat,0.000811605131124
3_1909.mat,1.0
3_1910.mat,0.999769762243
3_1911.mat,3.62034685765e-31
3_1912.mat,0.688447045499
3_1913.mat,1.0
3_1914.mat,0.336152691538
3_1915.mat,1.0
3_1916.mat,2.45261531478e-22
3_1917.mat,9.07082510034e-34
3_1918.mat,1.0
3_1919.mat,1.72705057075e-91
3_1920.mat,0.724007337867
3_1921.mat,9.33767706635e-13
3_1922.mat,0.996569159806
3_1923.mat,5.60321618568e-72
3_1924.mat,6.71766066275e-25
3_1925.mat,0.00438168580241
3_1926.mat,5.96108406403e-22
3_1927.mat,1.42019957565e-90
3_1928.mat,4.60513404782e-111
3_1929.mat,1.02766585695e-36
3_1930.mat,1.0
3_1931.mat,1.0
3_1932.mat,6.70403760633e-70
3_1933.mat,7.83051037246e-134
3_1934.mat,3.98984808064e-75
3_1935.mat,0.99126179993
3_1936.mat,2.81996877647e-14
3_1937.mat,6.6291321668e-06
3_1938.mat,4.6958453352e-45
3_1939.mat,7.51046579813e-146
3_1940.mat,1.55538893227e-33
3_1941.mat,1.1229670077e-56
3_1942.mat,1.0
3_1943.mat,1.0
3_1944.mat,8.3528688061e-49
3_1945.mat,9.89493820394e-15
3_1946.mat,1.17285787562e-15
3_1947.mat,1.0
3_1948.mat,4.60255426019e-77
3_1949.mat,1.40473156778e-16
3_1950.mat,0.996550788752
3_1951.mat,5.19464500398e-53
3_1952.mat,2.93363365278e-38
3_1953.mat,1.0
3_1954.mat,1.0
3_1955.mat,6.60845649106e-96
3_1956.mat,1.0
3_1957.mat,1.0
3_1958.mat,1.27707158779e-113
3_1959.mat,1.00783612019e-57
3_1960.mat,4.22720839517e-61
3_1961.mat,5.67625237215e-24
3_1962.mat,4.66334636048e-57
3_1963.mat,9.67204470225e-37
3_1964.mat,0.208417344763
3_1965.mat,5.55167663958e-72
3_1966.mat,0.999378453297
3_1967.mat,2.75470063522e-39
3_1968.mat,0.928521679982
3_1969.mat,0.0466707649731
3_1970.mat,1.0
3_1971.mat,3.87709360125e-54
3_1972.mat,1.07609995448e-72
3_1973.mat,1.54852242484e-95
3_1974.mat,0.943370799377
3_1975.mat,7.30929456874e-72
3_1976.mat,8.61900438771e-31
3_1977.mat,1.84740227829e-17
3_1978.mat,7.32125000553e-107
3_1979.mat,0.999995394838
3_1980.mat,4.63100414068e-56
3_1981.mat,3.95000959901e-31
3_1982.mat,8.08949243812e-86
3_1983.mat,1.0
3_1984.mat,0.993743139115
3_1985.mat,1.49834739846e-17
3_1986.mat,2.75491167991e-79
3_1987.mat,2.19346762776e-18
3_1988.mat,1.79802647566e-25
3_1989.mat,2.46243082423e-64
3_1990.mat,1.7026039573e-92
3_1991.mat,2.27778157112e-28
3_1992.mat,8.89939904819e-29
3_1993.mat,9.21772556406e-14
3_1994.mat,0.999981579452
3_1995.mat,0.998071890531
3_1996.mat,9.22171322734e-143
3_1997.mat,4.14932189681e-63
3_1998.mat,0.00748289200735
3_1999.mat,1.0
3_2000.mat,0.123726782162
3_2001.mat,1.20502422184e-16
3_2002.mat,0.998191449793
3_2003.mat,0.999921714506
3_2004.mat,1.0
3_2005.mat,4.12667287383e-09
3_2006.mat,0.999562583745
3_2007.mat,1.96002270513e-18
3_2008.mat,1.0
3_2009.mat,0.480895530336
3_2010.mat,4.11030714866e-89
3_2011.mat,8.67307180086e-09
3_2012.mat,0.99994013419
3_2013.mat,1.0
3_2014.mat,1.0
3_2015.mat,1.0
3_2016.mat,1.11705300837e-85
3_2017.mat,2.28011870035e-73
3_2018.mat,1.0
3_2019.mat,9.02337253079e-92
3_2020.mat,1.42008285784e-25
3_2021.mat,0.999765157911
3_2022.mat,0.792420995998
3_2023.mat,0.0540721534908
3_2024.mat,1.67054294575e-05
3_2025.mat,2.26290180959e-75
3_2026.mat,1.65244199338e-08
3_2027.mat,4.05118426055e-71
3_2028.mat,1.09140242212e-09
3_2029.mat,0.999811201976
3_2030.mat,0.937975653218
3_2031.mat,2.24002741988e-121
3_2032.mat,1.79611324391e-23
3_2033.mat,1.49351837043e-91
3_2034.mat,2.97974446612e-51
3_2035.mat,5.59152409433e-38
3_2036.mat,0.784335404397
3_2037.mat,1.28164962154e-20
3_2038.mat,2.18242000629e-84
3_2039.mat,0.647897209626
3_2040.mat,1.11799869422e-27
3_2041.mat,7.57578435123e-129
3_2042.mat,0.0119479403844
3_2043.mat,2.58628690367e-64
3_2044.mat,0.998642197023
3_2045.mat,2.75287433239e-80
3_2046.mat,1.0
3_2047.mat,0.490872279205
3_2048.mat,0.999696094926
3_2049.mat,0.998628396275
3_2050.mat,0.852761259583
3_2051.mat,3.93798599252e-07
3_2052.mat,0.0215267264435
3_2053.mat,1.14095312937e-39
3_2054.mat,8.89186268224e-38
3_2055.mat,0.999272590314
3_2056.mat,1.0
3_2057.mat,2.29008418778e-43
3_2058.mat,1.31241806946e-17
3_2059.mat,0.999659262861
3_2060.mat,1.0
3_2061.mat,9.38995322074e-48
3_2062.mat,0.999995394838
3_2063.mat,1.85767747784e-36
3_2064.mat,1.0
3_2065.mat,0.999972369278
3_2066.mat,1.0
3_2067.mat,0.277041459376
3_2068.mat,8.36602415642e-38
3_2069.mat,8.0532195981e-20
3_2070.mat,7.72641159244e-07
3_2071.mat,1.0
3_2072.mat,0.933826221386
3_2073.mat,0.873216193969
3_2074.mat,2.80492239576e-59
3_2075.mat,0.999447499103
3_2076.mat,9.9674981825e-95
3_2077.mat,0.337282049854
3_2078.mat,0.996123736463
3_2079.mat,5.65077646297e-41
3_2080.mat,0.00311152647225
3_2081.mat,1.89292591883e-38
3_2082.mat,2.67904665689e-39
3_2083.mat,0.000240524309912
3_2084.mat,5.56251316459e-33
3_2085.mat,1.0
3_2086.mat,2.85859222409e-59
3_2087.mat,1.0
3_2088.mat,0.999912504763
3_2089.mat,1.0
3_2090.mat,3.63150511618e-31
3_2091.mat,1.0
3_2092.mat,0.00611000565782
3_2093.mat,0.00253007062035
3_2094.mat,0.000226540632308
3_2095.mat,2.25951612468e-183
3_2096.mat,2.13213719121e-39
3_2097.mat,5.51277225261e-67
3_2098.mat,3.00629345145e-06
3_2099.mat,1.0
3_2100.mat,3.93635075739e-26
3_2101.mat,0.99904248368
3_2102.mat,0.0303024201341
3_2103.mat,9.58089600094e-49
3_2104.mat,0.112191828368
3_2105.mat,1.85214607932e-14
3_2106.mat,6.3018206825e-19
3_2107.mat,4.47194584118e-45
3_2108.mat,0.859628788526
3_2109.mat,5.57679041463e-09
3_2110.mat,3.09626998659e-140
3_2111.mat,6.28756475961e-51
3_2112.mat,1.17412577826e-37
3_2113.mat,1.21143754482e-56
3_2114.mat,0.99969149086
3_2115.mat,1.76734546581e-31
3_2116.mat,1.44136047777e-50
3_2117.mat,1.51273851252e-14
3_2118.mat,1.0
3_2119.mat,2.00802569653e-11
3_2120.mat,1.0
3_2121.mat,4.54685259553e-37
3_2122.mat,2.70827490836e-59
3_2123.mat,5.74962889605e-56
3_2124.mat,2.51655836248e-37
3_2125.mat,1.0
3_2126.mat,9.71026866098e-64
3_2127.mat,2.46752294615e-36
3_2128.mat,0.00753350387053
3_2129.mat,1.51669723711e-162
3_2130.mat,1.0
3_2131.mat,9.55218849482e-65
3_2132.mat,3.47685820235e-16
3_2133.mat,5.00756168885e-75
3_2134.mat,0.983737753921
3_2135.mat,0.999986184564
3_2136.mat,0.00160748389693
3_2137.mat,2.69055618261e-104
3_2138.mat,4.35919025738e-104
3_2139.mat,0.048458527379
3_2140.mat,1.3453033387e-31
3_2141.mat,2.70936768657e-45
3_2142.mat,0.974145225387
3_2143.mat,1.0
3_2144.mat,1.53024477257e-49
3_2145.mat,0.0208193989032
3_2146.mat,3.36014709693e-35
3_2147.mat,1.0
3_2148.mat,1.0
3_2149.mat,0.999930924315
3_2150.mat,1.6763194585e-22
3_2151.mat,0.329637476743
3_2152.mat,2.28324772935e-113
3_2153.mat,0.00366818685911
3_2154.mat,1.0
3_2155.mat,3.96508963188e-115
3_2156.mat,7.94048461357e-41
3_2157.mat,1.0
3_2158.mat,0.990086920543
3_2159.mat,2.57193569601e-20
3_2160.mat,1.47917676166e-58
3_2161.mat,1.18544840708e-66
3_2162.mat,0.00192327727327
3_2163.mat,0.919039006959
3_2164.mat,5.62962956689e-32
3_2165.mat,1.0
3_2166.mat,0.852988940789
3_2167.mat,4.4233329048e-91
3_2168.mat,1.0
3_2169.mat,0.99881241853
3_2170.mat,3.80406765607e-42
3_2171.mat,2.65543851541e-44
3_2172.mat,0.351508065208
3_2173.mat,1.11507685193e-24
3_2174.mat,2.13824400255e-40
3_2175.mat,0.999949344132
3_2176.mat,9.30607247081e-23
3_2177.mat,1.0
3_2178.mat,2.34147735953e-05
3_2179.mat,7.9264763161e-101
3_2180.mat,0.994788401494
3_2181.mat,3.97368046275e-50
3_2182.mat,5.65669179178e-36
3_2183.mat,0.999972369278
3_2184.mat,3.30125995161e-38
3_2185.mat,0.999838829212
3_2186.mat,1.0
3_2187.mat,0.998242035933
3_2188.mat,1.13046375334e-29
3_2189.mat,1.0
3_2190.mat,5.39156051452e-25
3_2191.mat,6.35348642031e-42
3_2192.mat,2.81777204336e-160
3_2193.mat,6.67883110424e-32
3_2194.mat,4.43271444673e-32
3_2195.mat,3.98276458311e-73
3_2196.mat,0.999967764215
3_2197.mat,0.643887448394
3_2198.mat,9.13469793282e-34
3_2199.mat,5.46492359833e-60
3_2200.mat,0.999249577783
3_2201.mat,6.86134898802e-14
3_2202.mat,0.995091138024
3_2203.mat,0.999967764215
3_2204.mat,5.01758940753e-13
3_2205.mat,0.999834224631
3_2206.mat,1.0
3_2207.mat,3.11737387029e-25
3_2208.mat,0.683527151176
3_2209.mat,0.0149057803755
3_2210.mat,9.35020156284e-23
3_2211.mat,4.55089168379e-05
3_2212.mat,5.8835992968e-63
3_2213.mat,1.00968716727e-56
3_2214.mat,2.80975540275e-130
3_2215.mat,2.80679038385e-20
3_2216.mat,8.71700755135e-08
3_2217.mat,1.0
3_2218.mat,0.999171338284
3_2219.mat,3.13285376016e-32
3_2220.mat,8.42864507946e-62
3_2221.mat,4.2774302305e-21
3_2222.mat,5.06343045363e-65
3_2223.mat,0.991170330484
3_2224.mat,8.72571277568e-33
3_2225.mat,3.70099978918e-19
3_2226.mat,2.18680333257e-07
3_2227.mat,0.717169661899
3_2228.mat,2.70076662011e-51
3_2229.mat,6.06158552085e-91
3_2230.mat,1.37161549411e-39
3_2231.mat,1.78000656212e-62
3_2232.mat,0.999995394838
3_2233.mat,1.0
3_2234.mat,1.0
3_2235.mat,9.27136366162e-61
3_2236.mat,0.957795062941
3_2237.mat,1.0
3_2238.mat,4.37949751485e-53
3_2239.mat,1.0
3_2240.mat,1.0
3_2241.mat,1.21365814967e-98
3_2242.mat,0.045042718541
3_2243.mat,1.14286036692e-33
3_2244.mat,2.12440030376e-05
3_2245.mat,1.36966028149e-22
3_2246.mat,7.07143633588e-52
3_2247.mat,1.0
3_2248.mat,1.30343091254e-52
3_2249.mat,0.999995394838
3_2250.mat,0.999848038424
3_2251.mat,9.46238833897e-103
3_2252.mat,0.992813212579
3_2253.mat,0.902296487109
3_2254.mat,0.732858036431
3_2255.mat,6.06271745718e-121
3_2256.mat,2.96044024961e-10
3_2257.mat,0.00447423581683
3_2258.mat,0.00048124419041
3_2259.mat,1.09788341452e-112
3_2260.mat,0.138646232295
3_2261.mat,3.3945475082e-92
3_2262.mat,1.0
3_2263.mat,1.0
3_2264.mat,1.80856597918e-63
3_2265.mat,4.14765306976e-42
3_2266.mat,1.1548072601e-71
3_2267.mat,0.913585828017
3_2268.mat,3.77837097226e-10
3_2269.mat,0.990397677454
3_2270.mat,3.76972961193e-108
3_2271.mat,9.23609577504e-05
3_2272.mat,1.0
3_2273.mat,4.87060778584e-31
3_2274.mat,1.0
3_2275.mat,0.994343601392
3_2276.mat,1.0
3_2277.mat,8.91001813942e-20
3_2278.mat,3.5200652158e-12
3_2279.mat,0.362487142651
3_2280.mat,1.19987751295e-29
3_2281.mat,8.51939790021e-113
3_2282.mat,0.999866457046
3_2283.mat,1.36142072184e-127
3_2284.mat,0.999995394838
3_2285.mat,2.9384979346e-97
3_2286.mat,1.0
