3_1.mat,7.88738e-05
3_2.mat,0.991513
3_3.mat,0.999905
3_4.mat,2.9445e-12
3_5.mat,0.975327
3_6.mat,0.999746
3_7.mat,0.998014
3_8.mat,0.970878
3_9.mat,0.988004
3_10.mat,1.0
3_11.mat,0.338038
3_12.mat,0.0245179
3_13.mat,2.95931e-17
3_14.mat,0.994862
3_15.mat,8.61233e-27
3_16.mat,1.0
3_17.mat,1.0
3_18.mat,0.999978
3_19.mat,1.0
3_20.mat,0.999834
3_21.mat,0.999996
3_22.mat,0.999764
3_23.mat,8.85505e-10
3_24.mat,0.121748
3_25.mat,3.0912e-07
3_26.mat,0.999936
3_27.mat,7.42282e-07
3_28.mat,0.993464
3_29.mat,5.52838e-11
3_30.mat,0.999944
3_31.mat,0.999995
3_32.mat,0.941372
3_33.mat,3.3407e-06
3_34.mat,3.84481e-13
3_35.mat,0.98823
3_36.mat,0.999966
3_37.mat,0.795504
3_38.mat,0.00891115
3_39.mat,4.4586e-06
3_40.mat,4.3907e-09
3_41.mat,1.7562e-07
3_42.mat,0.999958
3_43.mat,4.09554e-06
3_44.mat,0.999999
3_45.mat,0.886856
3_46.mat,9.06991e-07
3_47.mat,1.42231e-07
3_48.mat,0.999292
3_49.mat,5.02254e-29
3_50.mat,0.819221
3_51.mat,0.0799685
3_52.mat,3.73191e-11
3_53.mat,3.15561e-08
3_54.mat,0.229917
3_55.mat,0.999951
3_56.mat,0.0144862
3_57.mat,2.56364e-06
3_58.mat,0.99972
3_59.mat,0.433932
3_60.mat,0.246657
3_61.mat,0.999969
3_62.mat,0.00351338
3_63.mat,1.0
3_64.mat,0.997361
3_65.mat,2.35138e-06
3_66.mat,0.999998
3_67.mat,0.000274494
3_68.mat,4.31912e-23
3_69.mat,0.999997
3_70.mat,0.0379101
3_71.mat,1.52522e-07
3_72.mat,2.03386e-18
3_73.mat,0.999623
3_74.mat,0.47428
3_75.mat,1.02237e-05
3_76.mat,0.717777
3_77.mat,0.00150497
3_78.mat,0.0249847
3_79.mat,0.999587
3_80.mat,3.74184e-10
3_81.mat,0.880231
3_82.mat,1.48885e-11
3_83.mat,0.994789
3_84.mat,0.999998
3_85.mat,6.23863e-06
3_86.mat,0.000659203
3_87.mat,7.3097e-06
3_88.mat,0.841941
3_89.mat,1.0
3_90.mat,0.99994
3_91.mat,0.077514
3_92.mat,0.00221086
3_93.mat,0.0741192
3_94.mat,0.991882
3_95.mat,0.999859
3_96.mat,0.0426063
3_97.mat,0.999983
3_98.mat,0.995411
3_99.mat,0.985567
3_100.mat,0.951565
3_101.mat,0.999946
3_102.mat,0.991545
3_103.mat,0.000369869
3_104.mat,6.66274e-07
3_105.mat,0.995844
3_106.mat,0.973518
3_107.mat,0.999968
3_108.mat,0.213279
3_109.mat,2.27471e-11
3_110.mat,2.81503e-12
3_111.mat,4.01997e-17
3_112.mat,0.0516827
3_113.mat,0.917083
3_114.mat,0.990653
3_115.mat,0.000706743
3_116.mat,8.92657e-08
3_117.mat,0.999997
3_118.mat,0.999601
3_119.mat,4.43288e-09
3_120.mat,0.996684
3_121.mat,9.64772e-07
3_122.mat,0.254584
3_123.mat,0.998543
3_124.mat,3.75361e-07
3_125.mat,0.585377
3_126.mat,0.0619451
3_127.mat,0.999997
3_128.mat,0.999995
3_129.mat,0.0336368
3_130.mat,0.999968
3_131.mat,0.995449
3_132.mat,0.949253
3_133.mat,0.999996
3_134.mat,0.999999
3_135.mat,0.159756
3_136.mat,2.3034e-06
3_137.mat,8.48569e-14
3_138.mat,0.0881947
3_139.mat,2.48657e-05
3_140.mat,0.455489
3_141.mat,0.98808
3_142.mat,1.0
3_143.mat,1.58722e-06
3_144.mat,0.441061
3_145.mat,1.0
3_146.mat,5.15753e-08
3_147.mat,0.893857
3_148.mat,6.40849e-10
3_149.mat,3.48682e-11
3_150.mat,0.980401
3_151.mat,0.998933
3_152.mat,1.53303e-06
3_153.mat,0.992598
3_154.mat,8.77818e-19
3_155.mat,0.983866
3_156.mat,8.9592e-09
3_157.mat,0.204228
3_158.mat,3.03281e-22
3_159.mat,0.999971
3_160.mat,7.85622e-08
3_161.mat,0.999837
3_162.mat,0.000430641
3_163.mat,0.89885
3_164.mat,0.596369
3_165.mat,3.05986e-07
3_166.mat,0.997214
3_167.mat,8.4968e-16
3_168.mat,1.0
3_169.mat,0.966081
3_170.mat,0.00576323
3_171.mat,3.89903e-12
3_172.mat,0.973125
3_173.mat,0.999998
3_174.mat,0.999998
3_175.mat,0.999977
3_176.mat,0.998001
3_177.mat,0.977022
3_178.mat,1.17537e-05
3_179.mat,0.999992
3_180.mat,0.995411
3_181.mat,0.0010948
3_182.mat,0.182161
3_183.mat,5.50313e-22
3_184.mat,2.75938e-05
3_185.mat,1.91376e-09
3_186.mat,0.739472
3_187.mat,3.83411e-06
3_188.mat,0.177647
3_189.mat,0.999462
3_190.mat,0.781301
3_191.mat,0.99999
3_192.mat,1.98432e-18
3_193.mat,3.71472e-08
3_194.mat,0.983349
3_195.mat,0.998632
3_196.mat,0.999611
3_197.mat,0.000479762
3_198.mat,0.988865
3_199.mat,2.54275e-13
3_200.mat,0.0434899
3_201.mat,0.171621
3_202.mat,0.902768
3_203.mat,0.999754
3_204.mat,5.54428e-09
3_205.mat,0.999978
3_206.mat,0.999998
3_207.mat,9.52789e-09
3_208.mat,0.00153664
3_209.mat,6.23169e-13
3_210.mat,0.176555
3_211.mat,8.33733e-06
3_212.mat,8.89042e-09
3_213.mat,0.814144
3_214.mat,1.0
3_215.mat,0.991279
3_216.mat,2.73208e-12
3_217.mat,7.38673e-06
3_218.mat,0.00285817
3_219.mat,0.999782
3_220.mat,0.681863
3_221.mat,1.51536e-10
3_222.mat,1.0
3_223.mat,0.0813129
3_224.mat,1.5093e-09
3_225.mat,0.999981
3_226.mat,1.80523e-15
3_227.mat,0.994335
3_228.mat,0.999965
3_229.mat,0.768456
3_230.mat,0.989792
3_231.mat,3.98992e-09
3_232.mat,0.998937
3_233.mat,2.45324e-05
3_234.mat,0.00159489
3_235.mat,1.25593e-09
3_236.mat,7.58328e-07
3_237.mat,0.802156
3_238.mat,1.0
3_239.mat,1.0
3_240.mat,1.53158e-07
3_241.mat,0.999895
3_242.mat,1.20967e-08
3_243.mat,0.999975
3_244.mat,0.531552
3_245.mat,0.0155329
3_246.mat,0.973919
3_247.mat,0.99924
3_248.mat,0.959605
3_249.mat,2.33369e-11
3_250.mat,0.999922
3_251.mat,0.510994
3_252.mat,0.0653148
3_253.mat,3.71099e-24
3_254.mat,0.996949
3_255.mat,0.000708023
3_256.mat,6.74391e-11
3_257.mat,1.0
3_258.mat,6.5395e-23
3_259.mat,8.68067e-05
3_260.mat,1.77153e-12
3_261.mat,1.0
3_262.mat,2.39282e-07
3_263.mat,0.996608
3_264.mat,0.518624
3_265.mat,1.0
3_266.mat,1.0
3_267.mat,0.980333
3_268.mat,1.38456e-07
3_269.mat,5.1646e-06
3_270.mat,0.999781
3_271.mat,1.40302e-09
3_272.mat,1.856e-05
3_273.mat,0.992061
3_274.mat,0.999991
3_275.mat,0.0238808
3_276.mat,1.02916e-08
3_277.mat,0.99992
3_278.mat,0.998436
3_279.mat,0.995331
3_280.mat,0.99998
3_281.mat,0.999765
3_282.mat,0.654453
3_283.mat,6.41613e-12
3_284.mat,0.999998
3_285.mat,1.55662e-08
3_286.mat,2.01356e-14
3_287.mat,0.997512
3_288.mat,0.962924
3_289.mat,1.0
3_290.mat,0.0119889
3_291.mat,3.62704e-16
3_292.mat,1.79577e-05
3_293.mat,0.979704
3_294.mat,0.998193
3_295.mat,0.0111412
3_296.mat,0.989616
3_297.mat,0.989065
3_298.mat,0.951356
3_299.mat,2.07459e-08
3_300.mat,0.999958
3_301.mat,9.08542e-08
3_302.mat,0.999997
3_303.mat,0.0442075
3_304.mat,0.157089
3_305.mat,0.747757
3_306.mat,0.999996
3_307.mat,1.0
3_308.mat,5.1511e-06
3_309.mat,0.998116
3_310.mat,0.126642
3_311.mat,0.999999
3_312.mat,0.00781389
3_313.mat,0.99998
3_314.mat,0.999694
3_315.mat,4.35724e-12
3_316.mat,0.990738
3_317.mat,1.47259e-08
3_318.mat,4.66183e-06
3_319.mat,7.76679e-08
3_320.mat,0.893655
3_321.mat,0.999549
3_322.mat,0.000110776
3_323.mat,2.86069e-07
3_324.mat,1.29526e-13
3_325.mat,0.0140796
3_326.mat,0.0175591
3_327.mat,0.999878
3_328.mat,2.57905e-06
3_329.mat,1.76263e-06
3_330.mat,0.529468
3_331.mat,0.999998
3_332.mat,0.999844
3_333.mat,1.0
3_334.mat,1.80996e-15
3_335.mat,0.0907708
3_336.mat,0.99372
3_337.mat,0.345827
3_338.mat,1.0
3_339.mat,1.33555e-10
3_340.mat,5.96503e-13
3_341.mat,0.999958
3_342.mat,6.84368e-06
3_343.mat,0.000105676
3_344.mat,0.994933
3_345.mat,0.99848
3_346.mat,0.0366959
3_347.mat,1.17194e-05
3_348.mat,0.758315
3_349.mat,0.993622
3_350.mat,0.189275
3_351.mat,0.999998
3_352.mat,0.948094
3_353.mat,0.953795
3_354.mat,0.00121997
3_355.mat,0.997475
3_356.mat,0.999239
3_357.mat,0.999966
3_358.mat,0.015377
3_359.mat,0.538572
3_360.mat,0.000164078
3_361.mat,0.438774
3_362.mat,0.0663411
3_363.mat,2.19834e-10
3_364.mat,0.999997
3_365.mat,0.355253
3_366.mat,0.999899
3_367.mat,0.510969
3_368.mat,0.999965
3_369.mat,0.999761
3_370.mat,3.48077e-14
3_371.mat,0.996893
3_372.mat,0.999997
3_373.mat,0.996774
3_374.mat,0.99592
3_375.mat,0.767357
3_376.mat,0.919644
3_377.mat,0.432326
3_378.mat,0.999985
3_379.mat,1.21801e-07
3_380.mat,1.80407e-08
3_381.mat,0.515602
3_382.mat,0.928446
3_383.mat,0.893311
3_384.mat,1.0
3_385.mat,0.963784
3_386.mat,0.161459
3_387.mat,0.945647
3_388.mat,0.882019
3_389.mat,0.971778
3_390.mat,0.999979
3_391.mat,0.00564408
3_392.mat,2.33527e-09
3_393.mat,0.953476
3_394.mat,0.00270853
3_395.mat,0.63989
3_396.mat,5.46739e-11
3_397.mat,0.000323065
3_398.mat,0.992092
3_399.mat,9.24178e-13
3_400.mat,0.999986
3_401.mat,1.98736e-20
3_402.mat,0.000172351
3_403.mat,0.797249
3_404.mat,0.630313
3_405.mat,1.0
3_406.mat,0.0751938
3_407.mat,0.999636
3_408.mat,0.999956
3_409.mat,0.999892
3_410.mat,0.977243
3_411.mat,0.999975
3_412.mat,4.29588e-05
3_413.mat,0.386253
3_414.mat,4.81191e-06
3_415.mat,0.999297
3_416.mat,0.982035
3_417.mat,0.999881
3_418.mat,3.13677e-12
3_419.mat,0.875149
3_420.mat,0.769735
3_421.mat,8.12763e-19
3_422.mat,7.66318e-26
3_423.mat,0.122087
3_424.mat,0.977581
3_425.mat,0.998359
3_426.mat,0.340568
3_427.mat,0.121627
3_428.mat,2.29597e-05
3_429.mat,0.766932
3_430.mat,0.684671
3_431.mat,0.99993
3_432.mat,0.00111876
3_433.mat,0.00124962
3_434.mat,0.000107738
3_435.mat,0.00299513
3_436.mat,0.513529
3_437.mat,1.00477e-10
3_438.mat,0.852141
3_439.mat,2.76206e-06
3_440.mat,0.999831
3_441.mat,0.670161
3_442.mat,0.871931
3_443.mat,0.000423418
3_444.mat,0.0615281
3_445.mat,0.972897
3_446.mat,0.997052
3_447.mat,9.27595e-06
3_448.mat,0.0733805
3_449.mat,0.0166193
3_450.mat,0.999825
3_451.mat,1.0
3_452.mat,0.999528
3_453.mat,0.984671
3_454.mat,0.618747
3_455.mat,1.0
3_456.mat,0.999529
3_457.mat,9.96622e-09
3_458.mat,0.984867
3_459.mat,7.67802e-07
3_460.mat,1.65874e-07
3_461.mat,0.995395
3_462.mat,0.999992
3_463.mat,0.000257613
3_464.mat,7.72839e-08
3_465.mat,0.294766
3_466.mat,3.19529e-06
3_467.mat,0.999965
3_468.mat,0.989352
3_469.mat,0.999731
3_470.mat,0.9986
3_471.mat,0.999491
3_472.mat,5.36556e-09
3_473.mat,4.28245e-07
3_474.mat,6.20519e-08
3_475.mat,1.0
3_476.mat,1.60726e-08
3_477.mat,1.0
3_478.mat,1.4792e-06
3_479.mat,0.490779
3_480.mat,0.00238746
3_481.mat,0.999994
3_482.mat,0.999852
3_483.mat,0.999429
3_484.mat,0.828556
3_485.mat,0.998872
3_486.mat,0.999607
3_487.mat,0.148378
3_488.mat,0.999852
3_489.mat,0.932149
3_490.mat,3.25595e-09
3_491.mat,8.77368e-05
3_492.mat,0.99932
3_493.mat,0.999999
3_494.mat,0.0149756
3_495.mat,0.997761
3_496.mat,0.999998
3_497.mat,0.999992
3_498.mat,0.999778
3_499.mat,0.996643
3_500.mat,0.921159
3_501.mat,8.34847e-09
3_502.mat,4.34265e-05
3_503.mat,1.97807e-17
3_504.mat,0.986515
3_505.mat,0.987726
3_506.mat,1.04552e-10
3_507.mat,2.79308e-12
3_508.mat,0.964027
3_509.mat,1.27439e-05
3_510.mat,0.303576
3_511.mat,1.43054e-11
3_512.mat,0.957081
3_513.mat,0.999995
3_514.mat,0.00215287
3_515.mat,1.26806e-07
3_516.mat,0.0530002
3_517.mat,6.47262e-08
3_518.mat,0.998549
3_519.mat,0.97044
3_520.mat,0.999333
3_521.mat,0.872384
3_522.mat,1.78521e-10
3_523.mat,0.998796
3_524.mat,0.99994
3_525.mat,0.99986
3_526.mat,0.983194
3_527.mat,0.172059
3_528.mat,4.59366e-08
3_529.mat,7.91078e-12
3_530.mat,1.59671e-06
3_531.mat,3.10881e-12
3_532.mat,1.0
3_533.mat,0.997413
3_534.mat,0.837548
3_535.mat,0.97305
3_536.mat,0.781777
3_537.mat,3.04294e-05
3_538.mat,0.0118202
3_539.mat,9.57033e-09
3_540.mat,0.000164605
3_541.mat,0.616719
3_542.mat,1.0
3_543.mat,0.701013
3_544.mat,0.999968
3_545.mat,0.0368692
3_546.mat,1.61212e-08
3_547.mat,0.999958
3_548.mat,0.000218827
3_549.mat,1.44937e-09
3_550.mat,0.00668275
3_551.mat,0.98667
3_552.mat,3.61607e-05
3_553.mat,0.998959
3_554.mat,0.982966
3_555.mat,0.989027
3_556.mat,0.000123257
3_557.mat,0.00976834
3_558.mat,0.993219
3_559.mat,0.999999
3_560.mat,2.93783e-07
3_561.mat,0.999415
3_562.mat,0.0618642
3_563.mat,0.999974
3_564.mat,0.00070639
3_565.mat,0.984423
3_566.mat,9.24046e-10
3_567.mat,0.912623
3_568.mat,0.763215
3_569.mat,2.11246e-05
3_570.mat,0.999762
3_571.mat,0.999591
3_572.mat,0.999919
3_573.mat,0.989988
3_574.mat,0.00856239
3_575.mat,0.313557
3_576.mat,0.994566
3_577.mat,0.999851
3_578.mat,0.933632
3_579.mat,0.99995
3_580.mat,4.98764e-18
3_581.mat,8.43623e-13
3_582.mat,3.19345e-14
3_583.mat,0.0628018
3_584.mat,0.60008
3_585.mat,2.17642e-06
3_586.mat,0.991377
3_587.mat,0.999903
3_588.mat,2.36506e-11
3_589.mat,0.233523
3_590.mat,0.556929
3_591.mat,0.985904
3_592.mat,0.414868
3_593.mat,5.15651e-10
3_594.mat,6.41926e-05
3_595.mat,0.442453
3_596.mat,0.999959
3_597.mat,0.00024288
3_598.mat,0.999889
3_599.mat,0.921405
3_600.mat,2.02723e-11
3_601.mat,1.0
3_602.mat,9.43174e-08
3_603.mat,3.67297e-17
3_604.mat,0.999923
3_605.mat,1.247e-05
3_606.mat,0.102669
3_607.mat,0.753614
3_608.mat,1.79508e-07
3_609.mat,2.36541e-16
3_610.mat,0.188838
3_611.mat,1.19599e-25
3_612.mat,0.997456
3_613.mat,2.29989e-07
3_614.mat,0.000594537
3_615.mat,0.999635
3_616.mat,0.79834
3_617.mat,0.40999
3_618.mat,6.74585e-10
3_619.mat,0.000553041
3_620.mat,0.00243897
3_621.mat,3.12613e-11
3_622.mat,0.999684
3_623.mat,0.194171
3_624.mat,5.95153e-09
3_625.mat,0.999999
3_626.mat,1.27269e-07
3_627.mat,1.62864e-05
3_628.mat,0.340926
3_629.mat,0.0322001
3_630.mat,1.6803e-12
3_631.mat,6.9117e-06
3_632.mat,1.0
3_633.mat,0.999955
3_634.mat,0.126293
3_635.mat,0.999995
3_636.mat,2.95307e-17
3_637.mat,1.15784e-09
3_638.mat,0.00133571
3_639.mat,0.996817
3_640.mat,0.304235
3_641.mat,0.0005142
3_642.mat,1.24954e-12
3_643.mat,0.997814
3_644.mat,0.978789
3_645.mat,5.05345e-05
3_646.mat,4.30266e-09
3_647.mat,0.980492
3_648.mat,2.50063e-07
3_649.mat,0.99933
3_650.mat,0.999754
3_651.mat,1.0
3_652.mat,0.0481095
3_653.mat,1.78083e-09
3_654.mat,5.35327e-08
3_655.mat,0.691327
3_656.mat,0.995755
3_657.mat,0.993463
3_658.mat,0.999206
3_659.mat,7.8666e-06
3_660.mat,0.789079
3_661.mat,0.984795
3_662.mat,0.999423
3_663.mat,9.07236e-09
3_664.mat,0.620625
3_665.mat,0.307216
3_666.mat,5.99881e-10
3_667.mat,0.00575347
3_668.mat,0.975705
3_669.mat,3.07755e-09
3_670.mat,6.11932e-10
3_671.mat,3.02155e-12
3_672.mat,0.000789233
3_673.mat,1.0
3_674.mat,0.0125753
3_675.mat,0.123416
3_676.mat,0.63768
3_677.mat,0.644057
3_678.mat,8.1025e-18
3_679.mat,0.0677035
3_680.mat,1.07492e-09
3_681.mat,0.999428
3_682.mat,8.49628e-08
3_683.mat,0.999977
3_684.mat,0.999992
3_685.mat,0.999706
3_686.mat,0.000154112
3_687.mat,0.583741
3_688.mat,3.45766e-09
3_689.mat,0.715943
3_690.mat,0.940406
3_691.mat,5.63988e-05
3_692.mat,9.69726e-06
3_693.mat,1.20402e-23
3_694.mat,0.997967
3_695.mat,8.3302e-19
3_696.mat,7.2262e-06
3_697.mat,1.4927e-06
3_698.mat,0.774618
3_699.mat,0.00608361
3_700.mat,0.999666
3_701.mat,0.0239164
3_702.mat,4.53509e-08
3_703.mat,0.999933
3_704.mat,0.294163
3_705.mat,1.82574e-09
3_706.mat,0.943295
3_707.mat,1.0
3_708.mat,0.999732
3_709.mat,0.991536
3_710.mat,2.13851e-06
3_711.mat,8.58332e-06
3_712.mat,0.893013
3_713.mat,2.26226e-07
3_714.mat,5.23725e-13
3_715.mat,0.990455
3_716.mat,4.9808e-08
3_717.mat,0.998766
3_718.mat,0.999991
3_719.mat,1.0
3_720.mat,0.999281
3_721.mat,8.19448e-13
3_722.mat,2.38375e-07
3_723.mat,0.87761
3_724.mat,1.71745e-08
3_725.mat,1.0
3_726.mat,0.00352485
3_727.mat,3.31033e-05
3_728.mat,3.92007e-10
3_729.mat,0.999611
3_730.mat,1.0
3_731.mat,0.00620972
3_732.mat,0.000214146
3_733.mat,0.00220683
3_734.mat,0.974297
3_735.mat,1.12978e-06
3_736.mat,0.999991
3_737.mat,1.97031e-08
3_738.mat,2.7942e-11
3_739.mat,0.894064
3_740.mat,0.0178886
3_741.mat,0.000265721
3_742.mat,0.796864
3_743.mat,0.999358
3_744.mat,6.07708e-06
3_745.mat,1.6832e-11
3_746.mat,0.663422
3_747.mat,0.0261143
3_748.mat,0.999925
3_749.mat,1.35962e-07
3_750.mat,0.000718101
3_751.mat,0.930308
3_752.mat,0.00826341
3_753.mat,0.000160318
3_754.mat,7.85962e-10
3_755.mat,0.948824
3_756.mat,1.0
3_757.mat,0.999997
3_758.mat,2.87646e-16
3_759.mat,0.247759
3_760.mat,0.000111073
3_761.mat,0.992066
3_762.mat,1.36892e-09
3_763.mat,0.999808
3_764.mat,8.78263e-06
3_765.mat,0.998275
3_766.mat,0.00325372
3_767.mat,0.0541432
3_768.mat,0.763741
3_769.mat,0.999757
3_770.mat,0.999861
3_771.mat,0.568911
3_772.mat,5.39621e-17
3_773.mat,0.999993
3_774.mat,0.999981
3_775.mat,0.176172
3_776.mat,0.999627
3_777.mat,0.999994
3_778.mat,1.68039e-10
3_779.mat,1.3091e-07
3_780.mat,8.39793e-12
3_781.mat,0.999504
3_782.mat,6.50109e-09
3_783.mat,2.26688e-10
3_784.mat,0.978737
3_785.mat,0.999741
3_786.mat,0.730554
3_787.mat,5.54318e-14
3_788.mat,0.98864
3_789.mat,9.89142e-06
3_790.mat,0.999986
3_791.mat,0.00135049
3_792.mat,0.00312225
3_793.mat,0.62977
3_794.mat,0.999078
3_795.mat,0.999858
3_796.mat,6.26806e-09
3_797.mat,0.895643
3_798.mat,9.79943e-10
3_799.mat,4.59655e-05
3_800.mat,2.30901e-17
3_801.mat,0.0161032
3_802.mat,1.31081e-07
3_803.mat,0.0526585
3_804.mat,0.00743679
3_805.mat,6.40985e-14
3_806.mat,0.999976
3_807.mat,0.997047
3_808.mat,2.37957e-10
3_809.mat,0.999871
3_810.mat,0.999997
3_811.mat,0.000256919
3_812.mat,0.000156178
3_813.mat,0.00184044
3_814.mat,0.215801
3_815.mat,0.999973
3_816.mat,7.0391e-06
3_817.mat,1.35168e-08
3_818.mat,1.33277e-19
3_819.mat,0.108908
3_820.mat,0.991475
3_821.mat,0.491864
3_822.mat,0.173159
3_823.mat,0.99998
3_824.mat,9.35783e-16
3_825.mat,0.50667
3_826.mat,3.17828e-08
3_827.mat,0.488536
3_828.mat,0.999875
3_829.mat,4.89537e-15
3_830.mat,4.87001e-06
3_831.mat,1.45917e-21
3_832.mat,0.958031
3_833.mat,9.1655e-07
3_834.mat,2.9753e-09
3_835.mat,0.995576
3_836.mat,1.0
3_837.mat,0.0782294
3_838.mat,2.53936e-12
3_839.mat,0.987183
3_840.mat,5.33477e-12
3_841.mat,0.946692
3_842.mat,0.0307944
3_843.mat,2.20432e-15
3_844.mat,0.255586
3_845.mat,1.0
3_846.mat,0.999972
3_847.mat,0.2488
3_848.mat,0.00175888
3_849.mat,0.998529
3_850.mat,0.0302355
3_851.mat,0.999999
3_852.mat,0.589976
3_853.mat,1.96791e-11
3_854.mat,0.95709
3_855.mat,0.216867
3_856.mat,0.986658
3_857.mat,0.998773
3_858.mat,1.0
3_859.mat,1.55823e-07
3_860.mat,0.422594
3_861.mat,2.07591e-08
3_862.mat,3.61158e-07
3_863.mat,1.09018e-06
3_864.mat,0.0297885
3_865.mat,0.270105
3_866.mat,0.43847
3_867.mat,0.995875
3_868.mat,1.0
3_869.mat,4.0277e-11
3_870.mat,0.936247
3_871.mat,3.1715e-06
3_872.mat,0.00098818
3_873.mat,0.0199522
3_874.mat,0.999998
3_875.mat,0.999999
3_876.mat,1.53438e-10
3_877.mat,0.00182119
3_878.mat,0.0843484
3_879.mat,0.981429
3_880.mat,0.251439
3_881.mat,0.809322
3_882.mat,2.65552e-10
3_883.mat,0.988564
3_884.mat,0.990048
3_885.mat,0.999999
3_886.mat,0.00713343
3_887.mat,4.33376e-06
3_888.mat,0.999933
3_889.mat,7.32524e-11
3_890.mat,0.999999
3_891.mat,9.13134e-08
3_892.mat,0.999082
3_893.mat,0.284102
3_894.mat,0.998793
3_895.mat,1.0
3_896.mat,0.997039
3_897.mat,2.70111e-10
3_898.mat,5.31411e-12
3_899.mat,1.30724e-17
3_900.mat,0.00454092
3_901.mat,0.000330069
3_902.mat,0.84543
3_903.mat,0.61749
3_904.mat,1.0
3_905.mat,3.79549e-06
3_906.mat,0.999713
3_907.mat,0.992755
3_908.mat,0.999959
3_909.mat,2.38209e-05
3_910.mat,0.0347212
3_911.mat,8.71897e-12
3_912.mat,0.680211
3_913.mat,5.60569e-06
3_914.mat,0.995906
3_915.mat,0.999981
3_916.mat,0.998227
3_917.mat,0.00460559
3_918.mat,0.475484
3_919.mat,1.0
3_920.mat,0.991883
3_921.mat,0.998832
3_922.mat,0.999212
3_923.mat,1.99006e-06
3_924.mat,0.964287
3_925.mat,5.44466e-06
3_926.mat,1.85579e-06
3_927.mat,0.999108
3_928.mat,1.65049e-13
3_929.mat,0.00424802
3_930.mat,0.999919
3_931.mat,9.10199e-06
3_932.mat,0.999999
3_933.mat,0.999992
3_934.mat,0.998336
3_935.mat,1.0
3_936.mat,0.999993
3_937.mat,0.000559405
3_938.mat,0.000272431
3_939.mat,0.00295912
3_940.mat,1.65721e-11
3_941.mat,0.985386
3_942.mat,2.42723e-11
3_943.mat,6.06963e-09
3_944.mat,2.67874e-14
3_945.mat,0.799543
3_946.mat,0.981818
3_947.mat,6.08868e-10
3_948.mat,0.00178
3_949.mat,0.0885743
3_950.mat,0.530196
3_951.mat,1.0
3_952.mat,1.78666e-13
3_953.mat,0.0212167
3_954.mat,0.0162954
3_955.mat,5.49997e-10
3_956.mat,0.99996
3_957.mat,0.999989
3_958.mat,0.999999
3_959.mat,0.117123
3_960.mat,0.981315
3_961.mat,0.999997
3_962.mat,9.08557e-05
3_963.mat,1.71523e-08
3_964.mat,0.998383
3_965.mat,0.997405
3_966.mat,1.28317e-15
3_967.mat,0.996981
3_968.mat,0.992105
3_969.mat,0.999922
3_970.mat,0.00410639
3_971.mat,0.999991
3_972.mat,0.702436
3_973.mat,9.1575e-20
3_974.mat,0.801328
3_975.mat,1.0
3_976.mat,0.991435
3_977.mat,7.65681e-06
3_978.mat,5.60682e-06
3_979.mat,1.68563e-08
3_980.mat,0.998454
3_981.mat,0.000199914
3_982.mat,0.998646
3_983.mat,0.499417
3_984.mat,2.40887e-08
3_985.mat,0.00101782
3_986.mat,0.998646
3_987.mat,0.000719257
3_988.mat,1.48897e-06
3_989.mat,0.0202313
3_990.mat,0.999953
3_991.mat,2.22874e-05
3_992.mat,3.61154e-09
3_993.mat,6.04254e-13
3_994.mat,1.56499e-18
3_995.mat,0.99835
3_996.mat,0.00191637
3_997.mat,0.48853
3_998.mat,0.883822
3_999.mat,4.61865e-10
3_1000.mat,3.8963e-11
3_1001.mat,0.275355
3_1002.mat,0.748038
3_1003.mat,3.25594e-08
3_1004.mat,0.999977
3_1005.mat,0.999402
3_1006.mat,1.01777e-10
3_1007.mat,0.684923
3_1008.mat,0.0200114
3_1009.mat,0.999987
3_1010.mat,0.999788
3_1011.mat,1.68044e-05
3_1012.mat,0.0015734
3_1013.mat,0.997878
3_1014.mat,8.81764e-08
3_1015.mat,0.00184862
3_1016.mat,0.993682
3_1017.mat,0.999871
3_1018.mat,1.07646e-23
3_1019.mat,0.0796656
3_1020.mat,0.999847
3_1021.mat,5.58956e-12
3_1022.mat,0.581599
3_1023.mat,1.0
3_1024.mat,4.83398e-06
3_1025.mat,0.998547
3_1026.mat,0.999998
3_1027.mat,0.927456
3_1028.mat,0.000190027
3_1029.mat,0.999999
3_1030.mat,0.999994
3_1031.mat,7.13634e-11
3_1032.mat,0.996987
3_1033.mat,0.823256
3_1034.mat,0.99975
3_1035.mat,1.72899e-05
3_1036.mat,4.29892e-13
3_1037.mat,1.24528e-21
3_1038.mat,4.31995e-16
3_1039.mat,1.0
3_1040.mat,1.0
3_1041.mat,0.999965
3_1042.mat,0.993249
3_1043.mat,0.999986
3_1044.mat,0.999933
3_1045.mat,0.956817
3_1046.mat,0.998913
3_1047.mat,0.975605
3_1048.mat,0.999961
3_1049.mat,7.78541e-07
3_1050.mat,1.95842e-05
3_1051.mat,1.15389e-11
3_1052.mat,0.603931
3_1053.mat,0.999956
3_1054.mat,3.13856e-06
3_1055.mat,6.09386e-05
3_1056.mat,0.691376
3_1057.mat,0.00046851
3_1058.mat,0.990457
3_1059.mat,0.999833
3_1060.mat,0.999894
3_1061.mat,2.18968e-11
3_1062.mat,0.00217938
3_1063.mat,0.554263
3_1064.mat,4.92956e-13
3_1065.mat,4.0374e-10
3_1066.mat,2.39484e-05
3_1067.mat,1.21621e-13
3_1068.mat,0.999963
3_1069.mat,2.71774e-11
3_1070.mat,4.32159e-08
3_1071.mat,1.32847e-06
3_1072.mat,0.236109
3_1073.mat,0.0104588
3_1074.mat,4.57173e-26
3_1075.mat,1.0
3_1076.mat,8.92697e-28
3_1077.mat,1.0
3_1078.mat,0.930199
3_1079.mat,0.970768
3_1080.mat,0.014217
3_1081.mat,0.000107074
3_1082.mat,0.999993
3_1083.mat,3.45546e-06
3_1084.mat,0.0953093
3_1085.mat,0.997199
3_1086.mat,1.0
3_1087.mat,0.999813
3_1088.mat,0.904977
3_1089.mat,0.999999
3_1090.mat,8.08456e-10
3_1091.mat,0.00429204
3_1092.mat,0.7499
3_1093.mat,9.90026e-05
3_1094.mat,0.661044
3_1095.mat,0.516626
3_1096.mat,0.999958
3_1097.mat,1.09986e-09
3_1098.mat,6.46186e-06
3_1099.mat,0.997664
3_1100.mat,0.999998
3_1101.mat,9.03254e-16
3_1102.mat,0.999213
3_1103.mat,0.996013
3_1104.mat,0.809126
3_1105.mat,1.64272e-15
3_1106.mat,4.71025e-13
3_1107.mat,0.0397491
3_1108.mat,0.705378
3_1109.mat,0.999995
3_1110.mat,0.999999
3_1111.mat,0.0602983
3_1112.mat,3.29046e-06
3_1113.mat,0.538127
3_1114.mat,0.895451
3_1115.mat,0.99923
3_1116.mat,1.0
3_1117.mat,0.783265
3_1118.mat,5.70144e-05
3_1119.mat,0.999989
3_1120.mat,0.99996
3_1121.mat,3.26371e-08
3_1122.mat,0.996427
3_1123.mat,0.99556
3_1124.mat,0.0338256
3_1125.mat,1.25078e-09
3_1126.mat,0.9763
3_1127.mat,1.0
3_1128.mat,3.99231e-24
3_1129.mat,0.991538
3_1130.mat,1.89506e-06
3_1131.mat,0.929246
3_1132.mat,1.18419e-21
3_1133.mat,1.98e-08
3_1134.mat,0.995999
3_1135.mat,0.00711621
3_1136.mat,2.0054e-06
3_1137.mat,1.19617e-15
3_1138.mat,1.90575e-09
3_1139.mat,0.999887
3_1140.mat,0.0335128
3_1141.mat,1.02518e-07
3_1142.mat,0.997645
3_1143.mat,0.546216
3_1144.mat,2.05778e-06
3_1145.mat,3.97082e-07
3_1146.mat,0.991888
3_1147.mat,0.20506
3_1148.mat,0.997696
3_1149.mat,0.00974012
3_1150.mat,0.974198
3_1151.mat,0.999116
3_1152.mat,0.0111108
3_1153.mat,5.14868e-08
3_1154.mat,1.0
3_1155.mat,0.0370093
3_1156.mat,0.984223
3_1157.mat,0.191905
3_1158.mat,0.557508
3_1159.mat,1.3874e-05
3_1160.mat,0.995253
3_1161.mat,0.999999
3_1162.mat,0.999929
3_1163.mat,0.00113103
3_1164.mat,0.60162
3_1165.mat,0.967211
3_1166.mat,0.999994
3_1167.mat,0.998527
3_1168.mat,1.0
3_1169.mat,1.0
3_1170.mat,1.56148e-07
3_1171.mat,0.726655
3_1172.mat,0.658814
3_1173.mat,0.801533
3_1174.mat,2.44128e-29
3_1175.mat,0.994548
3_1176.mat,0.999475
3_1177.mat,0.00616132
3_1178.mat,0.99301
3_1179.mat,1.0
3_1180.mat,0.999921
3_1181.mat,0.9959
3_1182.mat,0.999918
3_1183.mat,0.999937
3_1184.mat,0.996518
3_1185.mat,0.995885
3_1186.mat,1.66507e-07
3_1187.mat,0.993789
3_1188.mat,0.999263
3_1189.mat,0.995043
3_1190.mat,0.999547
3_1191.mat,0.946236
3_1192.mat,0.990552
3_1193.mat,0.999936
3_1194.mat,0.811971
3_1195.mat,6.6075e-10
3_1196.mat,0.989037
3_1197.mat,0.649867
3_1198.mat,0.996256
3_1199.mat,1.7545e-06
3_1200.mat,0.999735
3_1201.mat,0.00212242
3_1202.mat,0.0889057
3_1203.mat,0.957972
3_1204.mat,0.998889
3_1205.mat,3.11229e-16
3_1206.mat,2.11391e-09
3_1207.mat,0.992212
3_1208.mat,0.999997
3_1209.mat,1.0
3_1210.mat,0.981962
3_1211.mat,0.000106196
3_1212.mat,0.295
3_1213.mat,0.314418
3_1214.mat,2.13841e-06
3_1215.mat,1.62684e-08
3_1216.mat,0.999983
3_1217.mat,7.84519e-12
3_1218.mat,0.236513
3_1219.mat,2.92203e-07
3_1220.mat,0.725266
3_1221.mat,0.999257
3_1222.mat,0.99938
3_1223.mat,0.000108611
3_1224.mat,9.82799e-08
3_1225.mat,0.999942
3_1226.mat,0.999999
3_1227.mat,1.60834e-09
3_1228.mat,0.0152312
3_1229.mat,0.000805963
3_1230.mat,7.78146e-09
3_1231.mat,0.997919
3_1232.mat,0.222416
3_1233.mat,3.81566e-09
3_1234.mat,3.1099e-11
3_1235.mat,0.00018165
3_1236.mat,0.0201443
3_1237.mat,0.882226
3_1238.mat,5.25063e-06
3_1239.mat,3.99356e-06
3_1240.mat,0.981975
3_1241.mat,0.999666
3_1242.mat,0.0398058
3_1243.mat,0.99716
3_1244.mat,0.000304262
3_1245.mat,1.0
3_1246.mat,0.999435
3_1247.mat,0.381786
3_1248.mat,0.00038959
3_1249.mat,4.53012e-15
3_1250.mat,0.997836
3_1251.mat,0.997021
3_1252.mat,0.999983
3_1253.mat,5.59221e-06
3_1254.mat,0.0602732
3_1255.mat,6.78019e-11
3_1256.mat,2.02781e-13
3_1257.mat,0.0377535
3_1258.mat,0.954914
3_1259.mat,0.999998
3_1260.mat,0.99984
3_1261.mat,0.999981
3_1262.mat,1.05026e-05
3_1263.mat,9.57244e-06
3_1264.mat,1.12122e-11
3_1265.mat,0.276977
3_1266.mat,0.998066
3_1267.mat,5.86762e-06
3_1268.mat,0.978719
3_1269.mat,1.0
3_1270.mat,2.34021e-05
3_1271.mat,0.975656
3_1272.mat,0.999723
3_1273.mat,0.999927
3_1274.mat,1.52706e-11
3_1275.mat,2.13129e-05
3_1276.mat,1.23649e-11
3_1277.mat,0.0461632
3_1278.mat,0.774482
3_1279.mat,0.883943
3_1280.mat,0.9978
3_1281.mat,7.84982e-11
3_1282.mat,0.999055
3_1283.mat,0.99996
3_1284.mat,0.00509285
3_1285.mat,0.999998
3_1286.mat,2.11815e-10
3_1287.mat,0.996811
3_1288.mat,0.999992
3_1289.mat,0.165533
3_1290.mat,0.999584
3_1291.mat,0.00596666
3_1292.mat,6.99392e-09
3_1293.mat,7.05106e-06
3_1294.mat,0.966938
3_1295.mat,0.964122
3_1296.mat,1.93577e-05
3_1297.mat,1.1767e-07
3_1298.mat,0.997572
3_1299.mat,0.000261009
3_1300.mat,0.999999
3_1301.mat,0.999752
3_1302.mat,1.55104e-09
3_1303.mat,0.103694
3_1304.mat,0.989595
3_1305.mat,0.999383
3_1306.mat,0.0373938
3_1307.mat,0.993261
3_1308.mat,0.0756916
3_1309.mat,0.999999
3_1310.mat,5.47125e-05
3_1311.mat,1.52425e-10
3_1312.mat,6.78647e-07
3_1313.mat,1.44739e-06
3_1314.mat,0.999823
3_1315.mat,0.999988
3_1316.mat,0.993478
3_1317.mat,2.94303e-14
3_1318.mat,2.33315e-05
3_1319.mat,0.000318891
3_1320.mat,0.998939
3_1321.mat,1.35316e-19
3_1322.mat,0.99929
3_1323.mat,0.00710749
3_1324.mat,7.37142e-09
3_1325.mat,0.999397
3_1326.mat,0.99676
3_1327.mat,0.0588173
3_1328.mat,0.987533
3_1329.mat,0.999986
3_1330.mat,0.999998
3_1331.mat,0.977393
3_1332.mat,1.17647e-06
3_1333.mat,0.999943
3_1334.mat,0.999994
3_1335.mat,0.953093
3_1336.mat,0.990831
3_1337.mat,1.48837e-07
3_1338.mat,0.000408621
3_1339.mat,1.91307e-15
3_1340.mat,1.14817e-05
3_1341.mat,0.888513
3_1342.mat,1.27009e-06
3_1343.mat,0.999738
3_1344.mat,0.265179
3_1345.mat,0.134777
3_1346.mat,0.999926
3_1347.mat,0.997943
3_1348.mat,3.48851e-11
3_1349.mat,1.03676e-08
3_1350.mat,4.20636e-06
3_1351.mat,1.2508e-06
3_1352.mat,0.998117
3_1353.mat,0.988014
3_1354.mat,0.999981
3_1355.mat,2.41678e-07
3_1356.mat,0.999999
3_1357.mat,0.81796
3_1358.mat,0.00874739
3_1359.mat,0.999985
3_1360.mat,2.35485e-11
3_1361.mat,0.999983
3_1362.mat,0.429825
3_1363.mat,0.00171436
3_1364.mat,0.0231144
3_1365.mat,0.63741
3_1366.mat,0.985677
3_1367.mat,8.52044e-08
3_1368.mat,1.61974e-12
3_1369.mat,3.77449e-12
3_1370.mat,0.999972
3_1371.mat,0.603372
3_1372.mat,6.89549e-09
3_1373.mat,0.0366617
3_1374.mat,0.999001
3_1375.mat,6.13818e-11
3_1376.mat,1.0
3_1377.mat,0.977204
3_1378.mat,0.999821
3_1379.mat,0.990847
3_1380.mat,0.438307
3_1381.mat,0.999998
3_1382.mat,2.66824e-06
3_1383.mat,0.999263
3_1384.mat,0.996674
3_1385.mat,0.997497
3_1386.mat,0.603732
3_1387.mat,2.84098e-10
3_1388.mat,1.0
3_1389.mat,0.980912
3_1390.mat,1.04102e-26
3_1391.mat,0.977315
3_1392.mat,0.000306233
3_1393.mat,0.630533
3_1394.mat,1.0
3_1395.mat,0.542603
3_1396.mat,1.0
3_1397.mat,0.999556
3_1398.mat,0.999996
3_1399.mat,0.437874
3_1400.mat,1.12224e-14
3_1401.mat,0.999119
3_1402.mat,0.995764
3_1403.mat,0.999872
3_1404.mat,0.557508
3_1405.mat,0.999946
3_1406.mat,0.0122821
3_1407.mat,0.997117
3_1408.mat,0.999908
3_1409.mat,7.16704e-11
3_1410.mat,9.78557e-09
3_1411.mat,0.435601
3_1412.mat,0.999982
3_1413.mat,1.14173e-12
3_1414.mat,0.147067
3_1415.mat,4.78757e-07
3_1416.mat,1.1014e-05
3_1417.mat,0.862945
3_1418.mat,0.99997
3_1419.mat,0.999656
3_1420.mat,0.999995
3_1421.mat,1.64214e-17
3_1422.mat,0.747639
3_1423.mat,0.980071
3_1424.mat,0.0126893
3_1425.mat,0.999775
3_1426.mat,0.999263
3_1427.mat,0.0249236
3_1428.mat,0.68054
3_1429.mat,0.10683
3_1430.mat,0.999383
3_1431.mat,0.792132
3_1432.mat,0.0227128
3_1433.mat,0.99221
3_1434.mat,2.6213e-08
3_1435.mat,0.957218
3_1436.mat,3.94655e-08
3_1437.mat,0.973201
3_1438.mat,0.891391
3_1439.mat,0.998442
3_1440.mat,1.0
3_1441.mat,0.999994
3_1442.mat,3.56879e-07
3_1443.mat,1.23989e-08
3_1444.mat,0.999695
3_1445.mat,0.999993
3_1446.mat,0.997981
3_1447.mat,0.999582
3_1448.mat,1.36135e-06
3_1449.mat,0.99988
3_1450.mat,0.329986
3_1451.mat,0.00337599
3_1452.mat,0.469282
3_1453.mat,2.37847e-09
3_1454.mat,0.998911
3_1455.mat,0.0896495
3_1456.mat,0.994152
3_1457.mat,0.999741
3_1458.mat,2.24501e-33
3_1459.mat,2.57551e-15
3_1460.mat,0.000273964
3_1461.mat,0.000168088
3_1462.mat,0.000630535
3_1463.mat,0.999985
3_1464.mat,0.00530977
3_1465.mat,3.41839e-09
3_1466.mat,2.58532e-08
3_1467.mat,0.996966
3_1468.mat,0.999922
3_1469.mat,0.000136843
3_1470.mat,4.45286e-13
3_1471.mat,0.294575
3_1472.mat,0.9662
3_1473.mat,0.635804
3_1474.mat,0.975648
3_1475.mat,0.705872
3_1476.mat,0.000857383
3_1477.mat,0.195065
3_1478.mat,1.0
3_1479.mat,0.929369
3_1480.mat,0.999414
3_1481.mat,2.1271e-05
3_1482.mat,0.0280278
3_1483.mat,0.00104181
3_1484.mat,0.998764
3_1485.mat,0.999655
3_1486.mat,0.786725
3_1487.mat,0.999989
3_1488.mat,0.999623
3_1489.mat,0.899468
3_1490.mat,0.999349
3_1491.mat,1.0
3_1492.mat,0.0213335
3_1493.mat,0.000443521
3_1494.mat,0.871441
3_1495.mat,0.0856059
3_1496.mat,1.91316e-10
3_1497.mat,0.999368
3_1498.mat,0.0231311
3_1499.mat,0.996131
3_1500.mat,9.24727e-08
3_1501.mat,6.74305e-13
3_1502.mat,6.15319e-07
3_1503.mat,0.999997
3_1504.mat,0.999995
3_1505.mat,0.999989
3_1506.mat,9.3687e-06
3_1507.mat,0.995024
3_1508.mat,3.90964e-09
3_1509.mat,1.0
3_1510.mat,2.20026e-14
3_1511.mat,0.999968
3_1512.mat,0.951829
3_1513.mat,0.833503
3_1514.mat,0.0103277
3_1515.mat,1.0
3_1516.mat,0.000984068
3_1517.mat,0.0170934
3_1518.mat,1.34888e-12
3_1519.mat,2.40707e-14
3_1520.mat,5.07549e-15
3_1521.mat,7.49883e-06
3_1522.mat,0.960138
3_1523.mat,0.000140826
3_1524.mat,0.992146
3_1525.mat,0.572671
3_1526.mat,2.36449e-10
3_1527.mat,0.382179
3_1528.mat,0.997099
3_1529.mat,0.99937
3_1530.mat,0.433646
3_1531.mat,1.23696e-08
3_1532.mat,0.941226
3_1533.mat,3.98252e-15
3_1534.mat,0.999997
3_1535.mat,1.3966e-06
3_1536.mat,1.16834e-07
3_1537.mat,4.37342e-05
3_1538.mat,6.42034e-16
3_1539.mat,0.0015394
3_1540.mat,0.957689
3_1541.mat,1.0
3_1542.mat,0.999996
3_1543.mat,0.0858159
3_1544.mat,0.00321525
3_1545.mat,1.48346e-14
3_1546.mat,3.00599e-12
3_1547.mat,0.994825
3_1548.mat,0.998353
3_1549.mat,0.000192205
3_1550.mat,3.60481e-11
3_1551.mat,1.10907e-17
3_1552.mat,1.0
3_1553.mat,1.58852e-07
3_1554.mat,0.000211986
3_1555.mat,2.45429e-11
3_1556.mat,4.403e-18
3_1557.mat,0.868024
3_1558.mat,0.999929
3_1559.mat,0.0461262
3_1560.mat,1.30276e-05
3_1561.mat,0.999999
3_1562.mat,0.999999
3_1563.mat,0.29304
3_1564.mat,5.15849e-19
3_1565.mat,1.03216e-11
3_1566.mat,0.999997
3_1567.mat,0.967747
3_1568.mat,1.90692e-15
3_1569.mat,0.00105688
3_1570.mat,0.999999
3_1571.mat,4.95136e-19
3_1572.mat,2.44818e-05
3_1573.mat,0.999935
3_1574.mat,0.997214
3_1575.mat,0.0387031
3_1576.mat,1.61109e-17
3_1577.mat,0.986704
3_1578.mat,6.17405e-05
3_1579.mat,0.997472
3_1580.mat,1.0
3_1581.mat,0.966441
3_1582.mat,2.76124e-07
3_1583.mat,0.94523
3_1584.mat,0.890208
3_1585.mat,5.54561e-23
3_1586.mat,0.734015
3_1587.mat,0.0189891
3_1588.mat,2.82715e-17
3_1589.mat,1.48028e-15
3_1590.mat,0.99999
3_1591.mat,0.999963
3_1592.mat,0.111857
3_1593.mat,0.999965
3_1594.mat,1.88023e-05
3_1595.mat,0.998947
3_1596.mat,1.0
3_1597.mat,0.999993
3_1598.mat,0.896736
3_1599.mat,0.00876763
3_1600.mat,0.999514
3_1601.mat,1.92262e-14
3_1602.mat,1.49573e-06
3_1603.mat,0.0132588
3_1604.mat,6.89477e-12
3_1605.mat,0.994686
3_1606.mat,3.81255e-05
3_1607.mat,7.7478e-14
3_1608.mat,0.998503
3_1609.mat,0.99999
3_1610.mat,4.5382e-06
3_1611.mat,4.50722e-05
3_1612.mat,0.999987
3_1613.mat,0.993219
3_1614.mat,0.957677
3_1615.mat,1.0
3_1616.mat,0.99242
3_1617.mat,0.217164
3_1618.mat,0.957199
3_1619.mat,0.0664682
3_1620.mat,8.30901e-06
3_1621.mat,3.70251e-21
3_1622.mat,1.81562e-09
3_1623.mat,0.152089
3_1624.mat,0.999169
3_1625.mat,1.78919e-09
3_1626.mat,0.999475
3_1627.mat,0.994857
3_1628.mat,0.531429
3_1629.mat,0.999904
3_1630.mat,1.30755e-12
3_1631.mat,0.990205
3_1632.mat,0.00102698
3_1633.mat,0.860434
3_1634.mat,0.00641429
3_1635.mat,0.557508
3_1636.mat,4.6592e-07
3_1637.mat,0.805212
3_1638.mat,0.986281
3_1639.mat,0.999499
3_1640.mat,0.395601
3_1641.mat,5.18051e-07
3_1642.mat,1.55289e-29
3_1643.mat,0.0900679
3_1644.mat,0.79019
3_1645.mat,0.999872
3_1646.mat,0.998874
3_1647.mat,0.999999
3_1648.mat,0.989473
3_1649.mat,4.53171e-13
3_1650.mat,0.999983
3_1651.mat,1.6351e-15
3_1652.mat,2.3834e-06
3_1653.mat,0.0146368
3_1654.mat,0.999831
3_1655.mat,5.11254e-09
3_1656.mat,0.507635
3_1657.mat,0.0039515
3_1658.mat,4.98074e-13
3_1659.mat,3.21239e-24
3_1660.mat,0.999998
3_1661.mat,0.0865883
3_1662.mat,0.999933
3_1663.mat,5.36258e-10
3_1664.mat,1.59567e-11
3_1665.mat,0.483179
3_1666.mat,1.24341e-07
3_1667.mat,6.94059e-15
3_1668.mat,1.0
3_1669.mat,0.994391
3_1670.mat,0.000213429
3_1671.mat,0.604768
3_1672.mat,1.44332e-07
3_1673.mat,6.04597e-12
3_1674.mat,0.982726
3_1675.mat,0.958861
3_1676.mat,8.93887e-15
3_1677.mat,9.26127e-07
3_1678.mat,0.977231
3_1679.mat,3.87929e-11
3_1680.mat,0.241607
3_1681.mat,4.53575e-06
3_1682.mat,0.000275733
3_1683.mat,1.20787e-07
3_1684.mat,0.99984
3_1685.mat,0.173465
3_1686.mat,0.230053
3_1687.mat,0.0580528
3_1688.mat,0.01928
3_1689.mat,1.33313e-10
3_1690.mat,0.108939
3_1691.mat,0.98478
3_1692.mat,1.0
3_1693.mat,0.999882
3_1694.mat,0.999719
3_1695.mat,0.965659
3_1696.mat,4.61644e-08
3_1697.mat,3.14625e-11
3_1698.mat,0.0183347
3_1699.mat,0.999988
3_1700.mat,0.000447241
3_1701.mat,2.04031e-06
3_1702.mat,2.25284e-23
3_1703.mat,8.94788e-05
3_1704.mat,0.64503
3_1705.mat,0.943578
3_1706.mat,0.999109
3_1707.mat,0.896903
3_1708.mat,0.999999
3_1709.mat,0.997285
3_1710.mat,0.0018071
3_1711.mat,0.830493
3_1712.mat,2.4001e-17
3_1713.mat,0.999955
3_1714.mat,0.00952526
3_1715.mat,0.999609
3_1716.mat,0.999958
3_1717.mat,0.990132
3_1718.mat,0.999982
3_1719.mat,9.8598e-08
3_1720.mat,5.37951e-09
3_1721.mat,2.34272e-08
3_1722.mat,0.87051
3_1723.mat,0.99984
3_1724.mat,0.999687
3_1725.mat,1.0
3_1726.mat,3.85664e-08
3_1727.mat,0.999891
3_1728.mat,0.999999
3_1729.mat,0.997809
3_1730.mat,0.999951
3_1731.mat,0.00859354
3_1732.mat,9.34732e-07
3_1733.mat,0.995976
3_1734.mat,0.49028
3_1735.mat,0.117926
3_1736.mat,0.00141064
3_1737.mat,0.999211
3_1738.mat,0.999985
3_1739.mat,0.999542
3_1740.mat,3.07929e-09
3_1741.mat,0.999999
3_1742.mat,0.999993
3_1743.mat,0.998975
3_1744.mat,0.255347
3_1745.mat,0.993539
3_1746.mat,0.99981
3_1747.mat,0.00909111
3_1748.mat,0.999954
3_1749.mat,0.99942
3_1750.mat,9.17741e-20
3_1751.mat,1.9774e-10
3_1752.mat,0.870965
3_1753.mat,0.967058
3_1754.mat,6.49906e-10
3_1755.mat,0.999621
3_1756.mat,0.978322
3_1757.mat,0.784633
3_1758.mat,0.718211
3_1759.mat,2.4703e-10
3_1760.mat,0.966372
3_1761.mat,0.999419
3_1762.mat,1.1894e-13
3_1763.mat,0.261423
3_1764.mat,0.0301613
3_1765.mat,0.999048
3_1766.mat,0.000558708
3_1767.mat,0.999922
3_1768.mat,4.34781e-07
3_1769.mat,0.000811566
3_1770.mat,0.934808
3_1771.mat,8.6377e-14
3_1772.mat,0.002418
3_1773.mat,0.0109176
3_1774.mat,0.999969
3_1775.mat,0.168912
3_1776.mat,0.790553
3_1777.mat,4.57022e-12
3_1778.mat,0.9997
3_1779.mat,0.948534
3_1780.mat,0.982945
3_1781.mat,0.826184
3_1782.mat,1.67716e-08
3_1783.mat,0.000185312
3_1784.mat,3.42939e-17
3_1785.mat,2.22939e-05
3_1786.mat,0.999983
3_1787.mat,6.60265e-05
3_1788.mat,7.22247e-10
3_1789.mat,0.999996
3_1790.mat,0.999995
3_1791.mat,0.999721
3_1792.mat,0.981038
3_1793.mat,0.720571
3_1794.mat,0.999908
3_1795.mat,7.06165e-10
3_1796.mat,0.62779
3_1797.mat,0.992999
3_1798.mat,0.999999
3_1799.mat,0.827264
3_1800.mat,0.000364456
3_1801.mat,0.394536
3_1802.mat,1.63632e-05
3_1803.mat,0.980465
3_1804.mat,1.85134e-07
3_1805.mat,0.817681
3_1806.mat,0.0993413
3_1807.mat,0.980604
3_1808.mat,0.996087
3_1809.mat,9.40004e-09
3_1810.mat,1.16164e-17
3_1811.mat,0.999967
3_1812.mat,0.247267
3_1813.mat,0.99429
3_1814.mat,0.63083
3_1815.mat,3.58779e-23
3_1816.mat,0.970027
3_1817.mat,0.999897
3_1818.mat,0.57582
3_1819.mat,0.999999
3_1820.mat,4.92122e-12
3_1821.mat,0.557508
3_1822.mat,2.19038e-14
3_1823.mat,0.000254846
3_1824.mat,0.999898
3_1825.mat,3.51844e-11
3_1826.mat,0.99991
3_1827.mat,0.0171087
3_1828.mat,6.23931e-09
3_1829.mat,0.999996
3_1830.mat,0.999985
3_1831.mat,0.990005
3_1832.mat,0.728776
3_1833.mat,1.4681e-07
3_1834.mat,0.436681
3_1835.mat,1.39765e-11
3_1836.mat,2.80572e-07
3_1837.mat,0.000348793
3_1838.mat,0.00764777
3_1839.mat,0.999236
3_1840.mat,0.962925
3_1841.mat,0.998278
3_1842.mat,0.411372
3_1843.mat,4.70213e-26
3_1844.mat,0.637856
3_1845.mat,2.24655e-14
3_1846.mat,0.999996
3_1847.mat,0.984118
3_1848.mat,0.999994
3_1849.mat,2.88653e-15
3_1850.mat,3.41457e-05
3_1851.mat,1.34619e-10
3_1852.mat,1.69155e-08
3_1853.mat,1.09189e-10
3_1854.mat,0.914012
3_1855.mat,0.999971
3_1856.mat,0.158915
3_1857.mat,0.581153
3_1858.mat,9.23363e-05
3_1859.mat,0.987142
3_1860.mat,3.28836e-09
3_1861.mat,7.71828e-08
3_1862.mat,0.973279
3_1863.mat,0.999998
3_1864.mat,0.984233
3_1865.mat,4.63419e-15
3_1866.mat,4.96745e-10
3_1867.mat,0.999993
3_1868.mat,1.98076e-06
3_1869.mat,6.61667e-11
3_1870.mat,0.1052
3_1871.mat,0.290276
3_1872.mat,8.4864e-06
3_1873.mat,0.900138
3_1874.mat,2.70544e-12
3_1875.mat,0.891244
3_1876.mat,0.0481316
3_1877.mat,6.83653e-07
3_1878.mat,0.000141908
3_1879.mat,3.76465e-18
3_1880.mat,4.66746e-07
3_1881.mat,0.351023
3_1882.mat,0.995297
3_1883.mat,0.0875063
3_1884.mat,0.999999
3_1885.mat,0.0167408
3_1886.mat,1.10371e-20
3_1887.mat,3.31719e-05
3_1888.mat,1.0
3_1889.mat,0.978907
3_1890.mat,0.00146651
3_1891.mat,0.999997
3_1892.mat,0.836441
3_1893.mat,0.980769
3_1894.mat,0.000325283
3_1895.mat,0.999977
3_1896.mat,0.998862
3_1897.mat,1.0
3_1898.mat,0.996709
3_1899.mat,1.44576e-07
3_1900.mat,0.474358
3_1901.mat,0.99296
3_1902.mat,4.24314e-08
3_1903.mat,0.956986
3_1904.mat,0.396254
3_1905.mat,0.999033
3_1906.mat,0.999921
3_1907.mat,5.25891e-07
3_1908.mat,0.998537
3_1909.mat,0.999995
3_1910.mat,0.999511
3_1911.mat,0.121957
3_1912.mat,0.999407
3_1913.mat,1.0
3_1914.mat,0.413272
3_1915.mat,0.976615
3_1916.mat,0.0933226
3_1917.mat,0.146949
3_1918.mat,1.0
3_1919.mat,2.77568e-14
3_1920.mat,0.725286
3_1921.mat,1.15553e-10
3_1922.mat,0.999741
3_1923.mat,2.45335e-12
3_1924.mat,4.95958e-09
3_1925.mat,1.0
3_1926.mat,0.23337
3_1927.mat,0.0792733
3_1928.mat,0.277658
3_1929.mat,3.203e-13
3_1930.mat,0.110886
3_1931.mat,1.0
3_1932.mat,6.14522e-05
3_1933.mat,0.0202685
3_1934.mat,1.57692e-11
3_1935.mat,0.999995
3_1936.mat,2.29505e-10
3_1937.mat,0.0308595
3_1938.mat,0.872266
3_1939.mat,1.3578e-08
3_1940.mat,7.09333e-06
3_1941.mat,1.96991e-08
3_1942.mat,1.0
3_1943.mat,0.999998
3_1944.mat,4.49792e-08
3_1945.mat,0.516402
3_1946.mat,0.867784
3_1947.mat,0.984782
3_1948.mat,4.32055e-07
3_1949.mat,0.999974
3_1950.mat,0.999366
3_1951.mat,0.407846
3_1952.mat,6.83891e-06
3_1953.mat,0.999873
3_1954.mat,0.978357
3_1955.mat,7.19073e-05
3_1956.mat,0.879512
3_1957.mat,0.99998
3_1958.mat,0.000473517
3_1959.mat,2.11946e-05
3_1960.mat,5.99531e-09
3_1961.mat,8.69173e-05
3_1962.mat,6.85995e-06
3_1963.mat,1.11749e-07
3_1964.mat,0.999871
3_1965.mat,8.35081e-14
3_1966.mat,0.996542
3_1967.mat,2.16311e-06
3_1968.mat,0.999848
3_1969.mat,0.996799
3_1970.mat,0.998271
3_1971.mat,2.30877e-07
3_1972.mat,0.304327
3_1973.mat,1.56529e-27
3_1974.mat,0.999998
3_1975.mat,2.33298e-06
3_1976.mat,0.0931627
3_1977.mat,0.213183
3_1978.mat,7.93779e-24
3_1979.mat,0.992285
3_1980.mat,3.53618e-15
3_1981.mat,0.106119
3_1982.mat,1.7609e-16
3_1983.mat,0.994777
3_1984.mat,1.0
3_1985.mat,5.45706e-06
3_1986.mat,3.38071e-09
3_1987.mat,1.21241e-07
3_1988.mat,0.987823
3_1989.mat,8.22444e-11
3_1990.mat,3.12455e-13
3_1991.mat,0.147451
3_1992.mat,0.00037881
3_1993.mat,0.000115355
3_1994.mat,0.999961
3_1995.mat,0.999986
3_1996.mat,5.20129e-10
3_1997.mat,2.79773e-16
3_1998.mat,0.957619
3_1999.mat,0.267093
3_2000.mat,0.993033
3_2001.mat,0.00037877
3_2002.mat,0.99969
3_2003.mat,0.999951
3_2004.mat,0.999999
3_2005.mat,0.137484
3_2006.mat,0.793285
3_2007.mat,4.41703e-06
3_2008.mat,0.998454
3_2009.mat,0.999998
3_2010.mat,3.34582e-13
3_2011.mat,0.0276061
3_2012.mat,0.99984
3_2013.mat,0.999876
3_2014.mat,1.0
3_2015.mat,0.995222
3_2016.mat,9.62175e-06
3_2017.mat,0.00327455
3_2018.mat,1.0
3_2019.mat,2.06269e-08
3_2020.mat,0.933544
3_2021.mat,0.999991
3_2022.mat,0.999915
3_2023.mat,0.987922
3_2024.mat,0.996938
3_2025.mat,1.55835e-11
3_2026.mat,1.0
3_2027.mat,1.91424e-08
3_2028.mat,0.0424372
3_2029.mat,0.997976
3_2030.mat,0.996214
3_2031.mat,2.00233e-07
3_2032.mat,0.00227322
3_2033.mat,5.38398e-24
3_2034.mat,0.99374
3_2035.mat,0.878036
3_2036.mat,0.721613
3_2037.mat,0.000298851
3_2038.mat,7.04504e-15
3_2039.mat,0.996567
3_2040.mat,0.0027766
3_2041.mat,2.62676e-07
3_2042.mat,0.206619
3_2043.mat,9.27038e-14
3_2044.mat,0.999367
3_2045.mat,4.22344e-07
3_2046.mat,0.999983
3_2047.mat,0.984435
3_2048.mat,0.999976
3_2049.mat,0.999999
3_2050.mat,0.00292066
3_2051.mat,0.00404208
3_2052.mat,0.99987
3_2053.mat,2.15157e-10
3_2054.mat,0.00099497
3_2055.mat,0.999991
3_2056.mat,0.999991
3_2057.mat,0.999857
3_2058.mat,0.962846
3_2059.mat,0.999954
3_2060.mat,0.999729
3_2061.mat,2.20655e-08
3_2062.mat,0.999562
3_2063.mat,0.855939
3_2064.mat,0.999995
3_2065.mat,0.999999
3_2066.mat,0.99993
3_2067.mat,0.991224
3_2068.mat,1.06425e-07
3_2069.mat,3.88073e-08
3_2070.mat,0.208068
3_2071.mat,0.999997
3_2072.mat,0.999354
3_2073.mat,0.0379337
3_2074.mat,5.31678e-08
3_2075.mat,0.999998
3_2076.mat,1.02144e-16
3_2077.mat,0.0919413
3_2078.mat,0.99898
3_2079.mat,0.0914295
3_2080.mat,0.121741
3_2081.mat,5.08159e-07
3_2082.mat,4.23063e-08
3_2083.mat,0.118275
3_2084.mat,0.00817241
3_2085.mat,0.999997
3_2086.mat,2.99905e-12
3_2087.mat,0.99969
3_2088.mat,0.999841
3_2089.mat,0.999929
3_2090.mat,7.84837e-07
3_2091.mat,0.997456
3_2092.mat,0.952678
3_2093.mat,0.763295
3_2094.mat,0.96837
3_2095.mat,1.29695e-09
3_2096.mat,1.81356e-06
3_2097.mat,2.87242e-07
3_2098.mat,0.150801
3_2099.mat,1.0
3_2100.mat,2.81642e-12
3_2101.mat,0.999999
3_2102.mat,0.437587
3_2103.mat,0.0202506
3_2104.mat,0.0977751
3_2105.mat,0.59115
3_2106.mat,4.00541e-06
3_2107.mat,1.79313e-06
3_2108.mat,1.0
3_2109.mat,0.998902
3_2110.mat,1.13537e-14
3_2111.mat,2.17835e-09
3_2112.mat,5.70476e-11
3_2113.mat,0.240219
3_2114.mat,0.851008
3_2115.mat,2.51737e-08
3_2116.mat,1.44224e-12
3_2117.mat,0.914242
3_2118.mat,0.981978
3_2119.mat,0.0200184
3_2120.mat,0.999996
3_2121.mat,0.99573
3_2122.mat,1.66407e-19
3_2123.mat,1.37583e-13
3_2124.mat,6.13399e-16
3_2125.mat,0.570101
3_2126.mat,1.57916e-11
3_2127.mat,1.12093e-09
3_2128.mat,0.834486
3_2129.mat,4.47268e-08
3_2130.mat,0.999933
3_2131.mat,5.65394e-09
3_2132.mat,7.80621e-08
3_2133.mat,5.75718e-09
3_2134.mat,0.999268
3_2135.mat,0.999859
3_2136.mat,0.570005
3_2137.mat,4.20426e-14
3_2138.mat,0.000718237
3_2139.mat,0.0261162
3_2140.mat,2.22889e-13
3_2141.mat,9.06302e-14
3_2142.mat,0.999998
3_2143.mat,0.998974
3_2144.mat,0.350028
3_2145.mat,0.00120069
3_2146.mat,7.69687e-06
3_2147.mat,0.999017
3_2148.mat,1.0
3_2149.mat,0.999985
3_2150.mat,3.25157e-09
3_2151.mat,0.999549
3_2152.mat,0.990916
3_2153.mat,0.999961
3_2154.mat,0.51808
3_2155.mat,1.60118e-08
3_2156.mat,0.0318359
3_2157.mat,1.0
3_2158.mat,0.999913
3_2159.mat,0.520995
3_2160.mat,0.239356
3_2161.mat,1.80028e-11
3_2162.mat,0.167798
3_2163.mat,0.998964
3_2164.mat,0.0115466
3_2165.mat,0.999152
3_2166.mat,0.999983
3_2167.mat,5.882e-09
3_2168.mat,0.998824
3_2169.mat,1.0
3_2170.mat,6.19232e-11
3_2171.mat,3.43955e-09
3_2172.mat,0.218305
3_2173.mat,0.000394355
3_2174.mat,6.10664e-09
3_2175.mat,0.99981
3_2176.mat,5.30649e-13
3_2177.mat,0.997061
3_2178.mat,0.983134
3_2179.mat,1.45267e-16
3_2180.mat,0.999848
3_2181.mat,3.81387e-15
3_2182.mat,2.46606e-10
3_2183.mat,0.999991
3_2184.mat,7.78484e-13
3_2185.mat,0.999767
3_2186.mat,0.997276
3_2187.mat,0.989472
3_2188.mat,0.125431
3_2189.mat,1.0
3_2190.mat,1.40458e-05
3_2191.mat,8.06631e-07
3_2192.mat,2.12062e-10
3_2193.mat,1.49354e-08
3_2194.mat,0.000179778
3_2195.mat,2.91776e-11
3_2196.mat,0.924704
3_2197.mat,0.989312
3_2198.mat,0.0203137
3_2199.mat,0.000732763
3_2200.mat,0.767678
3_2201.mat,0.758238
3_2202.mat,0.99981
3_2203.mat,0.999409
3_2204.mat,0.409059
3_2205.mat,0.999913
3_2206.mat,1.0
3_2207.mat,7.51808e-08
3_2208.mat,0.994317
3_2209.mat,0.00474567
3_2210.mat,9.62096e-06
3_2211.mat,0.948853
3_2212.mat,0.126102
3_2213.mat,1.83748e-11
3_2214.mat,6.78106e-26
3_2215.mat,0.00276613
3_2216.mat,0.42224
3_2217.mat,0.999998
3_2218.mat,0.584384
3_2219.mat,2.07541e-09
3_2220.mat,8.97653e-07
3_2221.mat,0.0845685
3_2222.mat,3.94857e-13
3_2223.mat,0.966182
3_2224.mat,0.136441
3_2225.mat,0.308083
3_2226.mat,0.000654237
3_2227.mat,0.999963
3_2228.mat,2.31973e-11
3_2229.mat,8.82975e-07
3_2230.mat,1.87312e-09
3_2231.mat,7.59844e-17
3_2232.mat,0.971515
3_2233.mat,0.998592
3_2234.mat,0.999999
3_2235.mat,1.6603e-13
3_2236.mat,0.999968
3_2237.mat,0.999983
3_2238.mat,9.72112e-05
3_2239.mat,0.999988
3_2240.mat,0.999939
3_2241.mat,4.80145e-12
3_2242.mat,0.999988
3_2243.mat,3.24709e-09
3_2244.mat,2.29114e-05
3_2245.mat,1.69403e-07
3_2246.mat,5.22638e-08
3_2247.mat,1.0
3_2248.mat,0.000140937
3_2249.mat,0.784209
3_2250.mat,0.960521
3_2251.mat,1.17783e-21
3_2252.mat,0.2606
3_2253.mat,0.999994
3_2254.mat,0.999999
3_2255.mat,1.25008e-14
3_2256.mat,0.999997
3_2257.mat,0.760008
3_2258.mat,0.574302
3_2259.mat,2.6831e-10
3_2260.mat,1.0
3_2261.mat,1.09048e-13
3_2262.mat,0.892168
3_2263.mat,0.999889
3_2264.mat,2.67421e-14
3_2265.mat,3.45161e-10
3_2266.mat,0.0545806
3_2267.mat,0.627461
3_2268.mat,1.2014e-05
3_2269.mat,0.999994
3_2270.mat,3.12331e-30
3_2271.mat,0.95613
3_2272.mat,0.999248
3_2273.mat,5.95573e-06
3_2274.mat,0.996985
3_2275.mat,0.98979
3_2276.mat,0.985944
3_2277.mat,1.93042e-05
3_2278.mat,0.322165
3_2279.mat,0.992355
3_2280.mat,4.70327e-07
3_2281.mat,3.54389e-16
3_2282.mat,0.99975
3_2283.mat,0.342637
3_2284.mat,0.237194
3_2285.mat,3.66721e-11
3_2286.mat,0.999859
