This is a test3_1.mat,1.1399e-06
3_2.mat,1.0
3_3.mat,0.148021
3_4.mat,1.16796e-14
3_5.mat,0.999985
3_6.mat,1.0
3_7.mat,0.991588
3_8.mat,0.937545
3_9.mat,1.0
3_10.mat,0.840904
3_11.mat,1.12659e-05
3_12.mat,0.00210584
3_13.mat,5.66672e-19
3_14.mat,0.99986
3_15.mat,7.4747e-39
3_16.mat,1.0
3_17.mat,0.999386
3_18.mat,0.98166
3_19.mat,0.999914
3_20.mat,0.430328
3_21.mat,1.0
3_22.mat,0.994227
3_23.mat,4.43828e-20
3_24.mat,0.00170393
3_25.mat,2.7971e-19
3_26.mat,0.999996
3_27.mat,0.498431
3_28.mat,0.985457
3_29.mat,3.78703e-11
3_30.mat,1.0
3_31.mat,0.999996
3_32.mat,1.12574e-06
3_33.mat,5.26685e-11
3_34.mat,2.40926e-18
3_35.mat,0.999832
3_36.mat,0.995928
3_37.mat,0.0944774
3_38.mat,0.990491
3_39.mat,3.10454e-12
3_40.mat,3.14203e-05
3_41.mat,9.98279e-16
3_42.mat,0.985755
3_43.mat,2.83293e-12
3_44.mat,0.999739
3_45.mat,0.153185
3_46.mat,1.81798e-20
3_47.mat,8.9991e-13
3_48.mat,0.999261
3_49.mat,2.46664e-23
3_50.mat,0.000341492
3_51.mat,2.91351e-11
3_52.mat,5.49668e-30
3_53.mat,0.390909
3_54.mat,0.814186
3_55.mat,1.0
3_56.mat,1.28779e-07
3_57.mat,0.752832
3_58.mat,1.0
3_59.mat,4.7074e-11
3_60.mat,0.0528452
3_61.mat,0.999956
3_62.mat,1.12672e-06
3_63.mat,0.999892
3_64.mat,1.0
3_65.mat,0.00474499
3_66.mat,0.999968
3_67.mat,0.000127803
3_68.mat,7.25948e-22
3_69.mat,4.16216e-05
3_70.mat,6.34871e-19
3_71.mat,5.98417e-05
3_72.mat,2.24182e-29
3_73.mat,0.867581
3_74.mat,0.99856
3_75.mat,6.71289e-09
3_76.mat,0.955651
3_77.mat,0.00369904
3_78.mat,6.48337e-15
3_79.mat,1.0
3_80.mat,1.6672e-18
3_81.mat,0.995006
3_82.mat,1.20728e-16
3_83.mat,0.974794
3_84.mat,1.0
3_85.mat,7.6219e-14
3_86.mat,0.898539
3_87.mat,1.52126e-08
3_88.mat,1.25395e-09
3_89.mat,1.0
3_90.mat,0.9966
3_91.mat,0.991446
3_92.mat,9.47927e-07
3_93.mat,1.49881e-05
3_94.mat,0.00563336
3_95.mat,0.999965
3_96.mat,0.206419
3_97.mat,0.999648
3_98.mat,0.999971
3_99.mat,1.0
3_100.mat,1.0
3_101.mat,0.983255
3_102.mat,1.0
3_103.mat,2.09047e-08
3_104.mat,1.72089e-09
3_105.mat,1.0
3_106.mat,0.000141956
3_107.mat,1.0
3_108.mat,4.53135e-11
3_109.mat,1.85149e-14
3_110.mat,5.47434e-19
3_111.mat,4.97549e-26
3_112.mat,0.368992
3_113.mat,0.645171
3_114.mat,3.25548e-06
3_115.mat,6.36538e-10
3_116.mat,2.29565e-23
3_117.mat,0.999891
3_118.mat,0.220485
3_119.mat,1.28163e-09
3_120.mat,1.0
3_121.mat,2.18673e-09
3_122.mat,0.999997
3_123.mat,0.999999
3_124.mat,9.44945e-08
3_125.mat,1.0
3_126.mat,1.0
3_127.mat,0.999998
3_128.mat,1.0
3_129.mat,0.597183
3_130.mat,1.0
3_131.mat,1.0
3_132.mat,0.999991
3_133.mat,1.0
3_134.mat,1.0
3_135.mat,4.70653e-08
3_136.mat,2.70079e-19
3_137.mat,6.69478e-17
3_138.mat,3.04259e-07
3_139.mat,0.0162296
3_140.mat,3.4084e-10
3_141.mat,0.110663
3_142.mat,7.17064e-07
3_143.mat,6.86577e-17
3_144.mat,0.523496
3_145.mat,0.157038
3_146.mat,2.61023e-11
3_147.mat,0.995587
3_148.mat,4.06364e-12
3_149.mat,4.62523e-12
3_150.mat,0.883368
3_151.mat,1.0
3_152.mat,6.24167e-08
3_153.mat,0.999997
3_154.mat,1.59725e-17
3_155.mat,0.999998
3_156.mat,4.29585e-06
3_157.mat,0.00142738
3_158.mat,4.10869e-25
3_159.mat,1.0
3_160.mat,0.00452527
3_161.mat,1.0
3_162.mat,0.000390138
3_163.mat,0.987275
3_164.mat,1.0
3_165.mat,1.6512e-06
3_166.mat,0.986307
3_167.mat,3.66237e-19
3_168.mat,0.999971
3_169.mat,0.999256
3_170.mat,1.07628e-08
3_171.mat,1.89764e-13
3_172.mat,0.986266
3_173.mat,0.996816
3_174.mat,1.0
3_175.mat,1.0
3_176.mat,0.999875
3_177.mat,0.999994
3_178.mat,2.06189e-13
3_179.mat,1.11643e-18
3_180.mat,1.0
3_181.mat,4.17164e-15
3_182.mat,5.22973e-09
3_183.mat,3.44228e-23
3_184.mat,7.17138e-10
3_185.mat,7.10502e-24
3_186.mat,1.0
3_187.mat,4.55797e-09
3_188.mat,2.39661e-10
3_189.mat,0.990935
3_190.mat,0.999996
3_191.mat,1.0
3_192.mat,2.3951e-21
3_193.mat,0.000172436
3_194.mat,1.0
3_195.mat,0.999999
3_196.mat,0.999999
3_197.mat,0.388944
3_198.mat,0.998552
3_199.mat,4.63373e-16
3_200.mat,3.44994e-14
3_201.mat,0.38825
3_202.mat,0.4668
3_203.mat,0.00368941
3_204.mat,4.22753e-19
3_205.mat,1.0
3_206.mat,0.999911
3_207.mat,2.5939e-30
3_208.mat,3.49768e-16
3_209.mat,1.50658e-10
3_210.mat,0.468269
3_211.mat,2.01372e-36
3_212.mat,4.89059e-11
3_213.mat,0.00241897
3_214.mat,1.0
3_215.mat,1.0
3_216.mat,2.02948e-13
3_217.mat,2.79992e-11
3_218.mat,0.0339743
3_219.mat,0.0235125
3_220.mat,0.764783
3_221.mat,7.25727e-05
3_222.mat,0.027337
3_223.mat,1.0
3_224.mat,1.58539e-32
3_225.mat,1.0
3_226.mat,5.0517e-21
3_227.mat,1.0
3_228.mat,3.02755e-15
3_229.mat,0.000849958
3_230.mat,0.470046
3_231.mat,8.85304e-07
3_232.mat,0.0235596
3_233.mat,1.43078e-11
3_234.mat,9.88326e-29
3_235.mat,2.40543e-07
3_236.mat,0.000112163
3_237.mat,1.0
3_238.mat,1.0
3_239.mat,0.998792
3_240.mat,0.00773638
3_241.mat,1.54956e-16
3_242.mat,7.23866e-16
3_243.mat,0.266879
3_244.mat,2.25358e-14
3_245.mat,2.19969e-32
3_246.mat,1.0
3_247.mat,0.947056
3_248.mat,0.0210856
3_249.mat,4.2889e-14
3_250.mat,1.0
3_251.mat,0.672616
3_252.mat,0.999996
3_253.mat,8.87987e-22
3_254.mat,0.865616
3_255.mat,4.48296e-21
3_256.mat,1.66454e-22
3_257.mat,0.999999
3_258.mat,8.91564e-21
3_259.mat,5.74817e-07
3_260.mat,2.18402e-09
3_261.mat,0.990168
3_262.mat,3.12024e-12
3_263.mat,1.0
3_264.mat,0.000355144
3_265.mat,1.0
3_266.mat,0.997537
3_267.mat,0.861263
3_268.mat,8.95591e-12
3_269.mat,0.000183822
3_270.mat,2.6698e-19
3_271.mat,7.01208e-11
3_272.mat,0.990369
3_273.mat,6.45206e-20
3_274.mat,1.0
3_275.mat,1.00187e-05
3_276.mat,1.67804e-07
3_277.mat,0.999998
3_278.mat,0.999714
3_279.mat,0.0736881
3_280.mat,1.0
3_281.mat,0.999622
3_282.mat,1.26139e-13
3_283.mat,7.85353e-12
3_284.mat,1.0
3_285.mat,1.38694e-16
3_286.mat,3.39474e-20
3_287.mat,1.0
3_288.mat,1.0
3_289.mat,0.79892
3_290.mat,7.89278e-21
3_291.mat,8.55656e-17
3_292.mat,0.024797
3_293.mat,1.0
3_294.mat,1.0
3_295.mat,0.0444477
3_296.mat,1.0
3_297.mat,0.0351207
3_298.mat,0.0773844
3_299.mat,3.55225e-12
3_300.mat,0.999861
3_301.mat,2.10004e-06
3_302.mat,0.989895
3_303.mat,0.580071
3_304.mat,0.677355
3_305.mat,0.945181
3_306.mat,1.0
3_307.mat,1.0
3_308.mat,7.3574e-10
3_309.mat,1.0
3_310.mat,0.999904
3_311.mat,0.999983
3_312.mat,1.30329e-11
3_313.mat,0.999997
3_314.mat,0.317618
3_315.mat,7.58834e-21
3_316.mat,0.782321
3_317.mat,1.84936e-08
3_318.mat,1.84488e-08
3_319.mat,1.41742e-07
3_320.mat,0.999705
3_321.mat,0.999929
3_322.mat,8.61949e-16
3_323.mat,2.03104e-07
3_324.mat,6.11194e-21
3_325.mat,3.26917e-09
3_326.mat,4.5577e-10
3_327.mat,0.956608
3_328.mat,1.59174e-15
3_329.mat,2.90848e-06
3_330.mat,0.978779
3_331.mat,1.0
3_332.mat,1.0
3_333.mat,1.0
3_334.mat,2.88024e-15
3_335.mat,2.19545e-06
3_336.mat,3.79234e-06
3_337.mat,0.0764976
3_338.mat,0.999966
3_339.mat,4.273e-15
3_340.mat,5.36544e-17
3_341.mat,0.99996
3_342.mat,6.79976e-06
3_343.mat,2.48656e-15
3_344.mat,0.998937
3_345.mat,0.204022
3_346.mat,1.79134e-10
3_347.mat,9.75456e-17
3_348.mat,0.000654647
3_349.mat,2.92427e-05
3_350.mat,0.999647
3_351.mat,0.994271
3_352.mat,0.18213
3_353.mat,0.0415762
3_354.mat,0.136367
3_355.mat,0.164848
3_356.mat,0.996828
3_357.mat,0.999997
3_358.mat,0.21122
3_359.mat,0.993626
3_360.mat,0.997447
3_361.mat,0.382121
3_362.mat,1.47014e-12
3_363.mat,1.86242e-07
3_364.mat,0.999999
3_365.mat,0.0496693
3_366.mat,3.07248e-05
3_367.mat,0.999999
3_368.mat,1.0
3_369.mat,0.461583
3_370.mat,1.01139e-21
3_371.mat,1.0
3_372.mat,0.998896
3_373.mat,0.747105
3_374.mat,0.01451
3_375.mat,0.54615
3_376.mat,0.969273
3_377.mat,6.69533e-09
3_378.mat,1.0
3_379.mat,7.14802e-12
3_380.mat,6.36523e-40
3_381.mat,1.0
3_382.mat,0.999999
3_383.mat,1.0
3_384.mat,0.999875
3_385.mat,0.954788
3_386.mat,0.0701409
3_387.mat,0.9762
3_388.mat,1.0
3_389.mat,0.950732
3_390.mat,0.789885
3_391.mat,4.82275e-12
3_392.mat,8.53142e-14
3_393.mat,2.23519e-05
3_394.mat,2.40716e-05
3_395.mat,0.000368721
3_396.mat,6.76526e-15
3_397.mat,3.71862e-06
3_398.mat,1.29294e-22
3_399.mat,0.00839125
3_400.mat,0.999514
3_401.mat,3.72851e-33
3_402.mat,0.879356
3_403.mat,0.675453
3_404.mat,0.999483
3_405.mat,1.0
3_406.mat,0.119155
3_407.mat,0.999922
3_408.mat,0.999154
3_409.mat,0.78935
3_410.mat,0.999034
3_411.mat,0.999943
3_412.mat,1.90434e-19
3_413.mat,6.42464e-05
3_414.mat,5.52927e-08
3_415.mat,1.0
3_416.mat,0.0036979
3_417.mat,0.0946989
3_418.mat,5.40682e-22
3_419.mat,4.35995e-18
3_420.mat,0.993443
3_421.mat,1.32139e-21
3_422.mat,6.02076e-23
3_423.mat,0.99998
3_424.mat,1.0
3_425.mat,1.0
3_426.mat,2.77711e-11
3_427.mat,0.0051223
3_428.mat,1.31038e-12
3_429.mat,1.0
3_430.mat,0.402228
3_431.mat,0.62489
3_432.mat,3.02037e-08
3_433.mat,6.54605e-08
3_434.mat,1.00643e-17
3_435.mat,0.155364
3_436.mat,1.36843e-05
3_437.mat,1.19671e-21
3_438.mat,0.711293
3_439.mat,1.07733e-11
3_440.mat,0.892568
3_441.mat,0.999999
3_442.mat,2.21107e-05
3_443.mat,4.61327e-11
3_444.mat,2.97805e-06
3_445.mat,1.0
3_446.mat,0.999968
3_447.mat,1.26825e-08
3_448.mat,0.759124
3_449.mat,1.73446e-10
3_450.mat,0.999937
3_451.mat,1.0
3_452.mat,0.571114
3_453.mat,0.908637
3_454.mat,4.61391e-19
3_455.mat,1.0
3_456.mat,0.999641
3_457.mat,9.76156e-13
3_458.mat,0.999044
3_459.mat,3.60593e-10
3_460.mat,1.64879e-12
3_461.mat,0.9774
3_462.mat,0.996307
3_463.mat,0.0102459
3_464.mat,1.21908e-15
3_465.mat,1.0
3_466.mat,1.40389e-13
3_467.mat,0.997098
3_468.mat,0.285705
3_469.mat,0.999909
3_470.mat,1.0
3_471.mat,0.999995
3_472.mat,6.6718e-10
3_473.mat,4.68208e-14
3_474.mat,1.05245e-09
3_475.mat,1.0
3_476.mat,3.33643e-16
3_477.mat,0.999996
3_478.mat,2.07341e-08
3_479.mat,5.51245e-22
3_480.mat,1.17196e-07
3_481.mat,0.999951
3_482.mat,1.0
3_483.mat,1.0
3_484.mat,7.7991e-05
3_485.mat,0.999929
3_486.mat,0.885497
3_487.mat,0.999989
3_488.mat,0.987437
3_489.mat,1.0
3_490.mat,8.38663e-07
3_491.mat,1.20657e-17
3_492.mat,1.0
3_493.mat,1.0
3_494.mat,1.56228e-07
3_495.mat,0.956881
3_496.mat,0.999999
3_497.mat,1.0
3_498.mat,1.0
3_499.mat,1.0
3_500.mat,1.67951e-07
3_501.mat,8.30231e-16
3_502.mat,3.25328e-05
3_503.mat,4.55065e-14
3_504.mat,0.999995
3_505.mat,0.999983
3_506.mat,4.34314e-08
3_507.mat,3.53966e-24
3_508.mat,0.000116257
3_509.mat,6.25725e-12
3_510.mat,1.0
3_511.mat,1.10262e-15
3_512.mat,0.99999
3_513.mat,1.0
3_514.mat,7.32813e-09
3_515.mat,4.82275e-05
3_516.mat,6.62089e-13
3_517.mat,4.65284e-07
3_518.mat,1.0
3_519.mat,0.835106
3_520.mat,0.53745
3_521.mat,0.996731
3_522.mat,1.76348e-07
3_523.mat,1.0
3_524.mat,0.999366
3_525.mat,0.999949
3_526.mat,0.999991
3_527.mat,3.17467e-13
3_528.mat,2.12918e-26
3_529.mat,4.64988e-14
3_530.mat,0.579568
3_531.mat,7.97072e-25
3_532.mat,0.704634
3_533.mat,0.999983
3_534.mat,1.0
3_535.mat,0.99911
3_536.mat,2.0062e-07
3_537.mat,1.67098e-09
3_538.mat,0.608879
3_539.mat,2.27754e-11
3_540.mat,2.85599e-12
3_541.mat,0.67972
3_542.mat,1.0
3_543.mat,1.88738e-18
3_544.mat,1.0
3_545.mat,0.977452
3_546.mat,1.50043e-13
3_547.mat,1.0
3_548.mat,1.31109e-07
3_549.mat,3.57831e-11
3_550.mat,0.0286279
3_551.mat,0.999167
3_552.mat,3.51907e-18
3_553.mat,1.0
3_554.mat,0.999866
3_555.mat,0.0252414
3_556.mat,5.17243e-10
3_557.mat,0.902203
3_558.mat,0.996074
3_559.mat,0.999999
3_560.mat,1.08061e-07
3_561.mat,0.963024
3_562.mat,3.06199e-06
3_563.mat,0.999978
3_564.mat,0.061167
3_565.mat,0.750035
3_566.mat,9.23068e-29
3_567.mat,1.0
3_568.mat,0.995523
3_569.mat,4.34976e-13
3_570.mat,4.65447e-17
3_571.mat,0.0030541
3_572.mat,1.0
3_573.mat,1.0
3_574.mat,1.8511e-05
3_575.mat,3.21507e-13
3_576.mat,1.3239e-05
3_577.mat,1.0
3_578.mat,0.0321687
3_579.mat,1.0
3_580.mat,1.33489e-28
3_581.mat,3.12388e-07
3_582.mat,4.5375e-16
3_583.mat,2.48711e-05
3_584.mat,0.00457685
3_585.mat,3.18501e-16
3_586.mat,1.0
3_587.mat,7.09727e-09
3_588.mat,5.27177e-18
3_589.mat,0.336725
3_590.mat,0.999972
3_591.mat,0.999407
3_592.mat,1.0
3_593.mat,1.95673e-14
3_594.mat,2.41514e-16
3_595.mat,1.27372e-12
3_596.mat,1.0
3_597.mat,1.93058e-08
3_598.mat,2.15466e-06
3_599.mat,0.0707782
3_600.mat,6.20041e-15
3_601.mat,0.000146876
3_602.mat,0.950492
3_603.mat,1.83865e-12
3_604.mat,1.0
3_605.mat,5.59403e-22
3_606.mat,0.999161
3_607.mat,0.866754
3_608.mat,3.97297e-07
3_609.mat,9.80691e-18
3_610.mat,0.788681
3_611.mat,3.04067e-28
3_612.mat,0.999925
3_613.mat,3.30147e-14
3_614.mat,9.31156e-06
3_615.mat,1.0
3_616.mat,0.364566
3_617.mat,0.999138
3_618.mat,3.92038e-15
3_619.mat,2.60254e-11
3_620.mat,4.3188e-08
3_621.mat,1.49048e-11
3_622.mat,0.999024
3_623.mat,0.99966
3_624.mat,4.71731e-15
3_625.mat,0.998924
3_626.mat,0.0217372
3_627.mat,5.47405e-07
3_628.mat,1.17489e-06
3_629.mat,0.998448
3_630.mat,1.59937e-12
3_631.mat,1.38206e-10
3_632.mat,0.999994
3_633.mat,1.0
3_634.mat,0.999985
3_635.mat,1.0
3_636.mat,8.95093e-24
3_637.mat,1.19354e-11
3_638.mat,5.65984e-16
3_639.mat,1.0
3_640.mat,1.89035e-07
3_641.mat,2.14764e-07
3_642.mat,6.20837e-13
3_643.mat,1.0
3_644.mat,0.999775
3_645.mat,0.000334876
3_646.mat,6.64025e-19
3_647.mat,0.984377
3_648.mat,0.000700961
3_649.mat,0.999998
3_650.mat,0.0133651
3_651.mat,1.0
3_652.mat,9.23627e-13
3_653.mat,6.24648e-12
3_654.mat,8.71942e-06
3_655.mat,1.31125e-08
3_656.mat,0.629385
3_657.mat,0.999996
3_658.mat,0.999996
3_659.mat,1.16202e-05
3_660.mat,0.887927
3_661.mat,1.8858e-07
3_662.mat,0.994617
3_663.mat,8.24909e-08
3_664.mat,0.0194722
3_665.mat,0.999502
3_666.mat,4.90972e-08
3_667.mat,5.65531e-18
3_668.mat,5.32757e-05
3_669.mat,1.30647e-11
3_670.mat,3.76088e-29
3_671.mat,3.12555e-18
3_672.mat,2.73228e-08
3_673.mat,1.0
3_674.mat,0.0965973
3_675.mat,0.000297717
3_676.mat,0.999972
3_677.mat,0.187891
3_678.mat,1.34793e-15
3_679.mat,1.7987e-06
3_680.mat,2.75842e-12
3_681.mat,0.9999
3_682.mat,8.75373e-08
3_683.mat,0.999443
3_684.mat,1.0
3_685.mat,4.97839e-08
3_686.mat,5.71191e-19
3_687.mat,1.0
3_688.mat,3.43121e-20
3_689.mat,2.66137e-20
3_690.mat,4.97065e-12
3_691.mat,5.32326e-11
3_692.mat,3.4909e-14
3_693.mat,2.06638e-25
3_694.mat,0.999773
3_695.mat,1.14019e-26
3_696.mat,1.01605e-10
3_697.mat,5.97338e-05
3_698.mat,1.0
3_699.mat,3.73948e-08
3_700.mat,0.0741334
3_701.mat,1.26545e-13
3_702.mat,2.46705e-09
3_703.mat,0.976351
3_704.mat,0.000541589
3_705.mat,5.27661e-11
3_706.mat,1.0
3_707.mat,0.997596
3_708.mat,0.0127046
3_709.mat,0.996978
3_710.mat,4.51442e-05
3_711.mat,3.31304e-11
3_712.mat,1.0
3_713.mat,4.77706e-14
3_714.mat,6.57224e-28
3_715.mat,0.996887
3_716.mat,7.11893e-16
3_717.mat,0.802744
3_718.mat,1.0
3_719.mat,1.0
3_720.mat,1.0
3_721.mat,2.57554e-28
3_722.mat,2.39817e-16
3_723.mat,0.996496
3_724.mat,3.19461e-14
3_725.mat,0.422085
3_726.mat,0.000242227
3_727.mat,0.984753
3_728.mat,2.74905e-15
3_729.mat,0.123455
3_730.mat,0.994938
3_731.mat,3.53477e-10
3_732.mat,2.61374e-08
3_733.mat,0.999896
3_734.mat,1.0
3_735.mat,0.350529
3_736.mat,1.0
3_737.mat,3.64791e-11
3_738.mat,1.80005e-15
3_739.mat,0.981383
3_740.mat,1.51398e-10
3_741.mat,7.93354e-11
3_742.mat,2.00466e-08
3_743.mat,0.997755
3_744.mat,3.91031e-08
3_745.mat,0.0971181
3_746.mat,0.999993
3_747.mat,1.4895e-09
3_748.mat,1.0
3_749.mat,1.11861e-13
3_750.mat,3.80067e-09
3_751.mat,5.82899e-10
3_752.mat,4.59226e-14
3_753.mat,6.81027e-11
3_754.mat,4.06606e-13
3_755.mat,0.122693
3_756.mat,0.999734
3_757.mat,1.0
3_758.mat,8.45784e-16
3_759.mat,2.98565e-05
3_760.mat,1.98679e-11
3_761.mat,1.0
3_762.mat,9.51104e-15
3_763.mat,1.0
3_764.mat,4.96075e-13
3_765.mat,0.00045245
3_766.mat,3.8339e-08
3_767.mat,4.39801e-14
3_768.mat,1.0
3_769.mat,1.0
3_770.mat,1.0
3_771.mat,6.63868e-10
3_772.mat,8.01945e-21
3_773.mat,1.0
3_774.mat,1.0
3_775.mat,0.0465105
3_776.mat,0.999708
3_777.mat,0.999834
3_778.mat,2.19857e-24
3_779.mat,2.81754e-09
3_780.mat,1.9742e-17
3_781.mat,0.999996
3_782.mat,2.3302e-09
3_783.mat,1.26256e-16
3_784.mat,0.999056
3_785.mat,0.999981
3_786.mat,5.7949e-06
3_787.mat,7.6855e-05
3_788.mat,1.31773e-06
3_789.mat,0.0112565
3_790.mat,0.999999
3_791.mat,1.41291e-06
3_792.mat,0.806552
3_793.mat,0.0760415
3_794.mat,2.76198e-08
3_795.mat,0.999968
3_796.mat,2.06932e-14
3_797.mat,0.884896
3_798.mat,1.03174e-17
3_799.mat,0.000562562
3_800.mat,6.46615e-11
3_801.mat,0.000303006
3_802.mat,3.38344e-08
3_803.mat,4.04754e-10
3_804.mat,7.62993e-07
3_805.mat,3.73251e-20
3_806.mat,1.0
3_807.mat,0.971291
3_808.mat,7.0844e-07
3_809.mat,0.276056
3_810.mat,1.0
3_811.mat,6.33295e-18
3_812.mat,4.93486e-10
3_813.mat,4.95218e-07
3_814.mat,0.96059
3_815.mat,0.999956
3_816.mat,1.88267e-14
3_817.mat,1.0018e-12
3_818.mat,2.08161e-15
3_819.mat,0.999987
3_820.mat,7.0838e-05
3_821.mat,1.9518e-09
3_822.mat,0.762989
3_823.mat,1.0
3_824.mat,5.04965e-11
3_825.mat,0.961812
3_826.mat,8.04033e-14
3_827.mat,0.00209381
3_828.mat,0.995988
3_829.mat,2.22321e-22
3_830.mat,3.00018e-07
3_831.mat,1.33972e-28
3_832.mat,1.0
3_833.mat,4.74864e-13
3_834.mat,1.30041e-12
3_835.mat,1.0
3_836.mat,1.0
3_837.mat,1.50046e-09
3_838.mat,8.48025e-28
3_839.mat,1.0
3_840.mat,1.18322e-10
3_841.mat,1.0
3_842.mat,2.63183e-12
3_843.mat,2.90846e-36
3_844.mat,2.06711e-22
3_845.mat,1.0
3_846.mat,1.0
3_847.mat,0.829633
3_848.mat,8.29692e-06
3_849.mat,0.998501
3_850.mat,1.08396e-09
3_851.mat,0.999327
3_852.mat,0.711178
3_853.mat,1.75881e-12
3_854.mat,0.67384
3_855.mat,1.10145e-16
3_856.mat,0.999038
3_857.mat,0.995463
3_858.mat,0.99998
3_859.mat,7.55665e-05
3_860.mat,0.891798
3_861.mat,3.48849e-10
3_862.mat,3.3622e-08
3_863.mat,1.47506e-14
3_864.mat,2.90196e-09
3_865.mat,0.449156
3_866.mat,0.994992
3_867.mat,0.999989
3_868.mat,1.0
3_869.mat,0.0
3_870.mat,7.94229e-08
3_871.mat,6.32091e-12
3_872.mat,2.20821e-15
3_873.mat,8.12494e-06
3_874.mat,1.0
3_875.mat,0.999763
3_876.mat,1.43406e-30
3_877.mat,0.00131582
3_878.mat,0.935794
3_879.mat,0.813925
3_880.mat,1.17666e-07
3_881.mat,0.517043
3_882.mat,1.23294e-09
3_883.mat,0.00409488
3_884.mat,1.0
3_885.mat,1.0
3_886.mat,1.06738e-07
3_887.mat,0.042352
3_888.mat,1.0
3_889.mat,1.65736e-07
3_890.mat,0.999999
3_891.mat,1.21428e-08
3_892.mat,1.0
3_893.mat,0.979198
3_894.mat,5.7848e-09
3_895.mat,0.999986
3_896.mat,1.0
3_897.mat,5.56457e-13
3_898.mat,3.81264e-07
3_899.mat,1.1341e-17
3_900.mat,0.0472209
3_901.mat,2.89675e-06
3_902.mat,1.0
3_903.mat,0.629663
3_904.mat,0.999173
3_905.mat,1.41602e-08
3_906.mat,4.48357e-08
3_907.mat,0.951481
3_908.mat,0.998629
3_909.mat,3.90509e-12
3_910.mat,3.2668e-08
3_911.mat,1.95634e-10
3_912.mat,0.999891
3_913.mat,0.45094
3_914.mat,0.99979
3_915.mat,1.0
3_916.mat,1.0
3_917.mat,4.85061e-05
3_918.mat,0.997786
3_919.mat,0.997905
3_920.mat,0.999994
3_921.mat,0.999995
3_922.mat,0.99952
3_923.mat,1.7189e-10
3_924.mat,0.974804
3_925.mat,0.271755
3_926.mat,8.71836e-10
3_927.mat,1.0
3_928.mat,4.03606e-11
3_929.mat,9.41593e-10
3_930.mat,0.99997
3_931.mat,7.89498e-05
3_932.mat,0.676278
3_933.mat,1.0
3_934.mat,0.999995
3_935.mat,0.999781
3_936.mat,0.99254
3_937.mat,3.52513e-08
3_938.mat,2.00923e-10
3_939.mat,0.998897
3_940.mat,9.95111e-13
3_941.mat,0.999915
3_942.mat,5.2601e-31
3_943.mat,1.93797e-17
3_944.mat,6.86686e-14
3_945.mat,1.733e-06
3_946.mat,0.878622
3_947.mat,0.0033179
3_948.mat,4.01391e-08
3_949.mat,3.67954e-05
3_950.mat,0.0108801
3_951.mat,0.998922
3_952.mat,1.21113e-15
3_953.mat,0.998954
3_954.mat,0.0127126
3_955.mat,2.9844e-15
3_956.mat,0.999989
3_957.mat,0.999991
3_958.mat,0.985388
3_959.mat,1.61041e-14
3_960.mat,1.0
3_961.mat,0.000330363
3_962.mat,2.43288e-14
3_963.mat,1.57571e-12
3_964.mat,1.0
3_965.mat,0.999992
3_966.mat,1.74913e-17
3_967.mat,0.999366
3_968.mat,0.895174
3_969.mat,1.0
3_970.mat,2.5471e-16
3_971.mat,1.0
3_972.mat,0.435118
3_973.mat,5.77223e-32
3_974.mat,2.84675e-21
3_975.mat,0.999865
3_976.mat,1.0
3_977.mat,2.27589e-23
3_978.mat,5.20824e-11
3_979.mat,5.26608e-10
3_980.mat,2.01057e-06
3_981.mat,0.985318
3_982.mat,0.999981
3_983.mat,0.798096
3_984.mat,0.000581016
3_985.mat,2.12297e-06
3_986.mat,0.999996
3_987.mat,5.18745e-10
3_988.mat,1.04947e-12
3_989.mat,0.99285
3_990.mat,0.904653
3_991.mat,2.04041e-10
3_992.mat,9.93949e-10
3_993.mat,4.51764e-14
3_994.mat,9.3387e-19
3_995.mat,0.998834
3_996.mat,5.48024e-10
3_997.mat,0.984545
3_998.mat,1.0
3_999.mat,9.3657e-24
3_1000.mat,3.13771e-08
3_1001.mat,0.815781
3_1002.mat,0.00215268
3_1003.mat,7.43062e-08
3_1004.mat,1.0
3_1005.mat,1.0
3_1006.mat,2.4642e-21
3_1007.mat,0.999947
3_1008.mat,0.943131
3_1009.mat,0.999999
3_1010.mat,0.999668
3_1011.mat,3.09551e-13
3_1012.mat,4.23942e-16
3_1013.mat,0.799778
3_1014.mat,0.000739612
3_1015.mat,1.49139e-09
3_1016.mat,1.0
3_1017.mat,0.949543
3_1018.mat,2.94516e-33
3_1019.mat,1.81485e-14
3_1020.mat,0.999961
3_1021.mat,4.08095e-22
3_1022.mat,0.999994
3_1023.mat,0.999984
3_1024.mat,1.38219e-13
3_1025.mat,0.98931
3_1026.mat,0.999998
3_1027.mat,0.999603
3_1028.mat,0.000533238
3_1029.mat,0.946048
3_1030.mat,0.989221
3_1031.mat,2.03165e-18
3_1032.mat,0.220749
3_1033.mat,0.999979
3_1034.mat,0.999938
3_1035.mat,6.04214e-15
3_1036.mat,2.87818e-10
3_1037.mat,3.7944e-22
3_1038.mat,3.29823e-19
3_1039.mat,0.988964
3_1040.mat,0.975304
3_1041.mat,0.935452
3_1042.mat,0.99994
3_1043.mat,0.997428
3_1044.mat,0.999805
3_1045.mat,0.668613
3_1046.mat,1.0
3_1047.mat,0.000321095
3_1048.mat,0.795654
3_1049.mat,7.14821e-08
3_1050.mat,1.1034e-06
3_1051.mat,1.47465e-29
3_1052.mat,0.936889
3_1053.mat,1.0
3_1054.mat,1.05471e-14
3_1055.mat,4.33413e-07
3_1056.mat,1.0
3_1057.mat,3.70341e-10
3_1058.mat,0.998568
3_1059.mat,0.937877
3_1060.mat,1.0
3_1061.mat,1.5746e-09
3_1062.mat,4.71793e-25
3_1063.mat,0.0162676
3_1064.mat,3.22581e-10
3_1065.mat,6.13958e-13
3_1066.mat,2.6854e-09
3_1067.mat,2.68272e-20
3_1068.mat,0.993398
3_1069.mat,1.50627e-18
3_1070.mat,9.9356e-17
3_1071.mat,1.51534e-10
3_1072.mat,0.982075
3_1073.mat,0.0015931
3_1074.mat,3.74271e-24
3_1075.mat,1.0
3_1076.mat,3.54472e-24
3_1077.mat,1.0
3_1078.mat,0.0890127
3_1079.mat,0.320096
3_1080.mat,0.0271753
3_1081.mat,2.049e-09
3_1082.mat,0.946587
3_1083.mat,0.0307862
3_1084.mat,4.09275e-13
3_1085.mat,0.717684
3_1086.mat,0.998819
3_1087.mat,1.0
3_1088.mat,0.555041
3_1089.mat,1.0
3_1090.mat,1.50923e-20
3_1091.mat,8.69175e-06
3_1092.mat,0.989044
3_1093.mat,0.0902687
3_1094.mat,0.773797
3_1095.mat,0.0584253
3_1096.mat,0.999831
3_1097.mat,8.26263e-19
3_1098.mat,2.27988e-10
3_1099.mat,1.0
3_1100.mat,0.999999
3_1101.mat,1.56976e-12
3_1102.mat,1.0
3_1103.mat,0.999976
3_1104.mat,1.81404e-08
3_1105.mat,1.31949e-14
3_1106.mat,8.21456e-15
3_1107.mat,0.00152739
3_1108.mat,0.881093
3_1109.mat,1.0
3_1110.mat,0.826308
3_1111.mat,2.70972e-12
3_1112.mat,1.83913e-14
3_1113.mat,0.03706
3_1114.mat,0.000195916
3_1115.mat,6.97248e-14
3_1116.mat,0.997784
3_1117.mat,0.0827022
3_1118.mat,3.43643e-07
3_1119.mat,1.0
3_1120.mat,1.0
3_1121.mat,1.08663e-09
3_1122.mat,0.989167
3_1123.mat,0.522738
3_1124.mat,0.265507
3_1125.mat,4.66805e-11
3_1126.mat,5.16562e-06
3_1127.mat,1.0
3_1128.mat,4.1299e-11
3_1129.mat,1.0
3_1130.mat,4.44642e-14
3_1131.mat,2.7888e-17
3_1132.mat,1.58815e-23
3_1133.mat,2.59949e-13
3_1134.mat,0.331252
3_1135.mat,0.822913
3_1136.mat,1.90047e-16
3_1137.mat,2.1623e-21
3_1138.mat,2.74758e-07
3_1139.mat,0.999991
3_1140.mat,6.20768e-05
3_1141.mat,2.13214e-13
3_1142.mat,0.802161
3_1143.mat,0.899178
3_1144.mat,4.21225e-12
3_1145.mat,1.37137e-29
3_1146.mat,1.0
3_1147.mat,0.998213
3_1148.mat,0.999789
3_1149.mat,3.25344e-06
3_1150.mat,1.0
3_1151.mat,1.0
3_1152.mat,6.64902e-07
3_1153.mat,6.15463e-17
3_1154.mat,0.941713
3_1155.mat,0.888093
3_1156.mat,0.999623
3_1157.mat,0.128938
3_1158.mat,0.716005
3_1159.mat,1.08635e-12
3_1160.mat,0.999965
3_1161.mat,1.0
3_1162.mat,0.0596727
3_1163.mat,0.0019553
3_1164.mat,0.999994
3_1165.mat,0.00246018
3_1166.mat,1.0
3_1167.mat,0.907965
3_1168.mat,1.0
3_1169.mat,0.999997
3_1170.mat,3.23964e-10
3_1171.mat,0.994807
3_1172.mat,0.314275
3_1173.mat,4.3135e-09
3_1174.mat,1.35926e-29
3_1175.mat,0.959905
3_1176.mat,1.0
3_1177.mat,2.63738e-08
3_1178.mat,0.999943
3_1179.mat,1.0
3_1180.mat,1.0
3_1181.mat,1.0
3_1182.mat,1.0
3_1183.mat,0.913449
3_1184.mat,1.0
3_1185.mat,0.903511
3_1186.mat,2.21185e-10
3_1187.mat,1.0
3_1188.mat,1.0
3_1189.mat,1.0
3_1190.mat,1.0
3_1191.mat,1.0
3_1192.mat,1.0
3_1193.mat,1.0
3_1194.mat,0.999999
3_1195.mat,1.46575e-14
3_1196.mat,1.08911e-05
3_1197.mat,0.141828
3_1198.mat,0.950349
3_1199.mat,8.79417e-14
3_1200.mat,0.966327
3_1201.mat,0.999978
3_1202.mat,0.0543393
3_1203.mat,2.36874e-07
3_1204.mat,1.0
3_1205.mat,1.4442e-23
3_1206.mat,3.79278e-11
3_1207.mat,1.0
3_1208.mat,1.0
3_1209.mat,0.999928
3_1210.mat,1.0
3_1211.mat,2.67836e-07
3_1212.mat,0.999953
3_1213.mat,1.0
3_1214.mat,2.37677e-13
3_1215.mat,1.76924e-29
3_1216.mat,1.0
3_1217.mat,8.33869e-25
3_1218.mat,0.0649595
3_1219.mat,5.1618e-19
3_1220.mat,0.0447906
3_1221.mat,0.92519
3_1222.mat,0.933229
3_1223.mat,1.57228e-07
3_1224.mat,2.13001e-15
3_1225.mat,1.0
3_1226.mat,0.999782
3_1227.mat,4.91097e-12
3_1228.mat,0.0590583
3_1229.mat,2.831e-16
3_1230.mat,3.83771e-09
3_1231.mat,1.0
3_1232.mat,0.487373
3_1233.mat,6.68867e-06
3_1234.mat,5.17103e-08
3_1235.mat,3.76547e-15
3_1236.mat,0.00539359
3_1237.mat,0.000114126
3_1238.mat,2.42971e-06
3_1239.mat,9.59622e-26
3_1240.mat,0.997733
3_1241.mat,0.99993
3_1242.mat,9.3459e-07
3_1243.mat,0.99978
3_1244.mat,2.59411e-13
3_1245.mat,0.883837
3_1246.mat,0.999987
3_1247.mat,0.999826
3_1248.mat,1.23146e-09
3_1249.mat,4.34051e-14
3_1250.mat,0.999976
3_1251.mat,1.0
3_1252.mat,1.0
3_1253.mat,0.849674
3_1254.mat,0.92322
3_1255.mat,5.05461e-11
3_1256.mat,2.17853e-06
3_1257.mat,1.33342e-10
3_1258.mat,0.998933
3_1259.mat,0.939874
3_1260.mat,1.0
3_1261.mat,1.0
3_1262.mat,4.89069e-08
3_1263.mat,0.00728968
3_1264.mat,1.54581e-13
3_1265.mat,1.2171e-05
3_1266.mat,0.999942
3_1267.mat,3.59631e-05
3_1268.mat,0.0126963
3_1269.mat,1.0
3_1270.mat,5.95543e-07
3_1271.mat,0.99879
3_1272.mat,1.0
3_1273.mat,1.0
3_1274.mat,1.87786e-11
3_1275.mat,2.47957e-07
3_1276.mat,2.35965e-09
3_1277.mat,3.35923e-09
3_1278.mat,0.999997
3_1279.mat,1.0
3_1280.mat,1.0
3_1281.mat,0.016612
3_1282.mat,1.0
3_1283.mat,0.999979
3_1284.mat,0.0018649
3_1285.mat,0.706219
3_1286.mat,3.29738e-18
3_1287.mat,1.94642e-13
3_1288.mat,1.0
3_1289.mat,0.338277
3_1290.mat,0.995854
3_1291.mat,0.176866
3_1292.mat,3.81052e-06
3_1293.mat,2.47234e-13
3_1294.mat,6.34801e-07
3_1295.mat,0.943612
3_1296.mat,5.6869e-13
3_1297.mat,8.36194e-15
3_1298.mat,0.0287039
3_1299.mat,3.05488e-07
3_1300.mat,0.999584
3_1301.mat,0.99998
3_1302.mat,1.01128e-07
3_1303.mat,0.960152
3_1304.mat,1.0
3_1305.mat,0.999998
3_1306.mat,0.000368763
3_1307.mat,1.0
3_1308.mat,0.418996
3_1309.mat,0.999457
3_1310.mat,6.43609e-20
3_1311.mat,5.65795e-09
3_1312.mat,3.25397e-19
3_1313.mat,2.69746e-08
3_1314.mat,0.964072
3_1315.mat,1.0
3_1316.mat,0.00079555
3_1317.mat,7.59831e-21
3_1318.mat,4.7982e-17
3_1319.mat,7.17364e-05
3_1320.mat,1.0
3_1321.mat,8.33572e-18
3_1322.mat,0.999991
3_1323.mat,0.000179219
3_1324.mat,1.80775e-06
3_1325.mat,1.0
3_1326.mat,1.0
3_1327.mat,4.0495e-10
3_1328.mat,0.947441
3_1329.mat,0.998323
3_1330.mat,0.810791
3_1331.mat,0.999998
3_1332.mat,6.20357e-12
3_1333.mat,0.999998
3_1334.mat,8.12965e-05
3_1335.mat,0.999169
3_1336.mat,1.0
3_1337.mat,5.68021e-16
3_1338.mat,6.69584e-16
3_1339.mat,1.78367e-06
3_1340.mat,7.5123e-17
3_1341.mat,2.73434e-05
3_1342.mat,7.09522e-09
3_1343.mat,1.0
3_1344.mat,0.149504
3_1345.mat,3.9235e-11
3_1346.mat,0.995967
3_1347.mat,1.0
3_1348.mat,3.72851e-09
3_1349.mat,7.64811e-20
3_1350.mat,4.54272e-06
3_1351.mat,3.57737e-08
3_1352.mat,1.89069e-13
3_1353.mat,0.999769
3_1354.mat,1.0
3_1355.mat,1.43912e-10
3_1356.mat,0.00960918
3_1357.mat,1.0
3_1358.mat,2.78584e-13
3_1359.mat,0.582541
3_1360.mat,1.322e-11
3_1361.mat,1.0
3_1362.mat,0.000189271
3_1363.mat,1.56275e-19
3_1364.mat,2.46959e-06
3_1365.mat,0.999991
3_1366.mat,0.998534
3_1367.mat,4.15094e-07
3_1368.mat,4.39893e-17
3_1369.mat,1.20613e-19
3_1370.mat,1.0
3_1371.mat,0.0725402
3_1372.mat,2.05383e-12
3_1373.mat,0.979739
3_1374.mat,7.5296e-06
3_1375.mat,9.45081e-19
3_1376.mat,0.999
3_1377.mat,0.999998
3_1378.mat,1.0
3_1379.mat,1.0
3_1380.mat,9.27757e-16
3_1381.mat,0.999973
3_1382.mat,6.12074e-05
3_1383.mat,1.0
3_1384.mat,0.944392
3_1385.mat,1.0
3_1386.mat,0.000205906
3_1387.mat,8.91468e-15
3_1388.mat,0.998511
3_1389.mat,0.950129
3_1390.mat,1.32641e-18
3_1391.mat,1.0
3_1392.mat,1.49189e-11
3_1393.mat,0.999417
3_1394.mat,0.993967
3_1395.mat,0.300126
3_1396.mat,1.0
3_1397.mat,1.0
3_1398.mat,0.999978
3_1399.mat,0.184713
3_1400.mat,2.97134e-20
3_1401.mat,0.67144
3_1402.mat,0.965515
3_1403.mat,0.999962
3_1404.mat,0.716005
3_1405.mat,1.0
3_1406.mat,4.7554e-11
3_1407.mat,1.0
3_1408.mat,1.0
3_1409.mat,4.31029e-11
3_1410.mat,0.526197
3_1411.mat,1.0
3_1412.mat,0.0942855
3_1413.mat,7.34513e-29
3_1414.mat,0.407262
3_1415.mat,2.69433e-12
3_1416.mat,4.56965e-11
3_1417.mat,0.183372
3_1418.mat,1.0
3_1419.mat,8.29397e-05
3_1420.mat,0.983791
3_1421.mat,1.79807e-18
3_1422.mat,1.04749e-07
3_1423.mat,6.60476e-05
3_1424.mat,0.423426
3_1425.mat,1.0
3_1426.mat,1.34689e-06
3_1427.mat,0.0182268
3_1428.mat,1.056e-06
3_1429.mat,0.0298712
3_1430.mat,0.994125
3_1431.mat,1.0
3_1432.mat,0.999973
3_1433.mat,1.0
3_1434.mat,1.07857e-19
3_1435.mat,0.174875
3_1436.mat,1.58928e-23
3_1437.mat,0.024385
3_1438.mat,0.999994
3_1439.mat,0.988322
3_1440.mat,1.0
3_1441.mat,0.999988
3_1442.mat,3.28706e-07
3_1443.mat,3.04621e-21
3_1444.mat,0.999992
3_1445.mat,1.0
3_1446.mat,1.0
3_1447.mat,0.999988
3_1448.mat,3.6249e-12
3_1449.mat,0.999975
3_1450.mat,1.0
3_1451.mat,5.93288e-13
3_1452.mat,0.909115
3_1453.mat,5.95023e-05
3_1454.mat,0.0448027
3_1455.mat,1.31989e-12
3_1456.mat,0.808175
3_1457.mat,0.999993
3_1458.mat,2.92001e-22
3_1459.mat,9.78856e-14
3_1460.mat,0.000189644
3_1461.mat,1.93826e-13
3_1462.mat,1.1665e-10
3_1463.mat,0.999645
3_1464.mat,7.62041e-21
3_1465.mat,9.22451e-14
3_1466.mat,9.61539e-08
3_1467.mat,1.11246e-05
3_1468.mat,1.0
3_1469.mat,0.708652
3_1470.mat,2.48256e-15
3_1471.mat,2.49283e-09
3_1472.mat,0.998384
3_1473.mat,0.839704
3_1474.mat,0.999948
3_1475.mat,1.0
3_1476.mat,1.23337e-21
3_1477.mat,0.682295
3_1478.mat,0.998871
3_1479.mat,0.988028
3_1480.mat,0.999998
3_1481.mat,1.80417e-10
3_1482.mat,0.61165
3_1483.mat,0.00104687
3_1484.mat,1.0
3_1485.mat,1.0
3_1486.mat,0.0479492
3_1487.mat,1.0
3_1488.mat,1.0
3_1489.mat,1.0
3_1490.mat,0.840507
3_1491.mat,1.0
3_1492.mat,0.999072
3_1493.mat,3.70264e-18
3_1494.mat,0.88176
3_1495.mat,0.836236
3_1496.mat,1.75707e-15
3_1497.mat,1.0
3_1498.mat,1.17355e-09
3_1499.mat,0.929161
3_1500.mat,7.55636e-12
3_1501.mat,1.76214e-18
3_1502.mat,2.6277e-16
3_1503.mat,0.999997
3_1504.mat,0.99971
3_1505.mat,0.4978
3_1506.mat,5.96441e-15
3_1507.mat,1.0
3_1508.mat,1.28924e-08
3_1509.mat,0.999851
3_1510.mat,3.34761e-14
3_1511.mat,1.0
3_1512.mat,0.0724503
3_1513.mat,1.0
3_1514.mat,4.38052e-08
3_1515.mat,1.0
3_1516.mat,2.15091e-16
3_1517.mat,0.830444
3_1518.mat,4.66448e-13
3_1519.mat,1.86545e-31
3_1520.mat,8.22079e-23
3_1521.mat,7.01647e-14
3_1522.mat,0.99905
3_1523.mat,5.84001e-17
3_1524.mat,1.0
3_1525.mat,1.0
3_1526.mat,8.478e-19
3_1527.mat,0.168964
3_1528.mat,0.835143
3_1529.mat,0.999808
3_1530.mat,0.996458
3_1531.mat,7.11237e-19
3_1532.mat,0.465963
3_1533.mat,1.43763e-17
3_1534.mat,0.999992
3_1535.mat,1.56711e-24
3_1536.mat,2.80808e-11
3_1537.mat,2.57777e-20
3_1538.mat,6.86067e-21
3_1539.mat,0.000225972
3_1540.mat,0.990982
3_1541.mat,0.999974
3_1542.mat,0.999733
3_1543.mat,0.000908673
3_1544.mat,9.83776e-20
3_1545.mat,2.2944e-11
3_1546.mat,2.63912e-14
3_1547.mat,0.998062
3_1548.mat,0.999059
3_1549.mat,0.0019645
3_1550.mat,4.10956e-10
3_1551.mat,2.05383e-33
3_1552.mat,0.999997
3_1553.mat,3.93037e-22
3_1554.mat,2.94477e-22
3_1555.mat,2.0834e-19
3_1556.mat,9.52054e-24
3_1557.mat,0.474848
3_1558.mat,0.999531
3_1559.mat,5.1132e-09
3_1560.mat,4.38465e-12
3_1561.mat,1.0
3_1562.mat,1.0
3_1563.mat,0.0628806
3_1564.mat,2.42347e-25
3_1565.mat,2.71195e-12
3_1566.mat,0.999999
3_1567.mat,1.0
3_1568.mat,3.88082e-19
3_1569.mat,3.34853e-07
3_1570.mat,0.982926
3_1571.mat,2.26411e-21
3_1572.mat,9.50696e-11
3_1573.mat,0.999968
3_1574.mat,0.997196
3_1575.mat,0.0400764
3_1576.mat,5.49086e-21
3_1577.mat,0.938412
3_1578.mat,9.04097e-11
3_1579.mat,0.999908
3_1580.mat,1.0
3_1581.mat,0.999999
3_1582.mat,6.27415e-10
3_1583.mat,1.0
3_1584.mat,8.95073e-06
3_1585.mat,1.36132e-29
3_1586.mat,1.0
3_1587.mat,1.16929e-05
3_1588.mat,1.14344e-10
3_1589.mat,1.84655e-15
3_1590.mat,0.999917
3_1591.mat,1.0
3_1592.mat,5.07323e-05
3_1593.mat,1.0
3_1594.mat,5.72677e-08
3_1595.mat,1.0
3_1596.mat,1.0
3_1597.mat,1.0
3_1598.mat,2.45871e-08
3_1599.mat,2.8887e-11
3_1600.mat,0.999994
3_1601.mat,7.56802e-17
3_1602.mat,1.68004e-16
3_1603.mat,4.06191e-05
3_1604.mat,1.22604e-11
3_1605.mat,0.418092
3_1606.mat,3.38925e-10
3_1607.mat,4.89585e-18
3_1608.mat,1.0
3_1609.mat,0.999998
3_1610.mat,6.47669e-16
3_1611.mat,5.74941e-08
3_1612.mat,1.0
3_1613.mat,0.975615
3_1614.mat,0.998223
3_1615.mat,0.427346
3_1616.mat,0.186381
3_1617.mat,4.53332e-09
3_1618.mat,2.54963e-07
3_1619.mat,2.79421e-05
3_1620.mat,5.7848e-19
3_1621.mat,2.52505e-23
3_1622.mat,7.19882e-17
3_1623.mat,2.03883e-22
3_1624.mat,1.0
3_1625.mat,0.000330375
3_1626.mat,7.04253e-07
3_1627.mat,0.972866
3_1628.mat,0.999985
3_1629.mat,0.999988
3_1630.mat,3.19573e-05
3_1631.mat,0.541548
3_1632.mat,0.991172
3_1633.mat,0.995167
3_1634.mat,0.296942
3_1635.mat,0.716005
3_1636.mat,1.35838e-08
3_1637.mat,0.000767344
3_1638.mat,0.999917
3_1639.mat,0.999766
3_1640.mat,1.1e-12
3_1641.mat,3.64195e-07
3_1642.mat,1.75628e-24
3_1643.mat,0.999946
3_1644.mat,0.99995
3_1645.mat,0.998203
3_1646.mat,1.0
3_1647.mat,0.997911
3_1648.mat,0.871397
3_1649.mat,4.9986e-15
3_1650.mat,1.0
3_1651.mat,2.77992e-13
3_1652.mat,5.70555e-37
3_1653.mat,2.70348e-12
3_1654.mat,0.999997
3_1655.mat,1.07436e-06
3_1656.mat,0.999875
3_1657.mat,1.6174e-09
3_1658.mat,2.66929e-12
3_1659.mat,3.54909e-33
3_1660.mat,0.977449
3_1661.mat,0.978901
3_1662.mat,0.783222
3_1663.mat,2.25258e-18
3_1664.mat,6.16051e-09
3_1665.mat,0.999971
3_1666.mat,3.58205e-08
3_1667.mat,1.48583e-15
3_1668.mat,0.999897
3_1669.mat,1.0
3_1670.mat,0.00018752
3_1671.mat,0.999993
3_1672.mat,6.64661e-11
3_1673.mat,1.76498e-25
3_1674.mat,1.11571e-20
3_1675.mat,3.27478e-05
3_1676.mat,8.75303e-11
3_1677.mat,8.65067e-19
3_1678.mat,1.74599e-05
3_1679.mat,1.03113e-15
3_1680.mat,0.760476
3_1681.mat,3.70937e-11
3_1682.mat,2.91317e-05
3_1683.mat,3.42523e-11
3_1684.mat,0.999999
3_1685.mat,1.68791e-10
3_1686.mat,1.59159e-07
3_1687.mat,0.00492467
3_1688.mat,4.90037e-08
3_1689.mat,1.70849e-16
3_1690.mat,3.73323e-08
3_1691.mat,0.930257
3_1692.mat,0.929212
3_1693.mat,1.0
3_1694.mat,0.0210469
3_1695.mat,0.998576
3_1696.mat,7.80153e-06
3_1697.mat,9.22268e-19
3_1698.mat,0.00281485
3_1699.mat,1.0
3_1700.mat,3.01434e-10
3_1701.mat,9.14535e-12
3_1702.mat,3.82078e-29
3_1703.mat,4.68587e-14
3_1704.mat,7.38789e-05
3_1705.mat,0.829365
3_1706.mat,1.0
3_1707.mat,0.994816
3_1708.mat,1.0
3_1709.mat,1.0
3_1710.mat,7.1197e-06
3_1711.mat,2.24095e-06
3_1712.mat,6.26576e-13
3_1713.mat,1.0
3_1714.mat,0.00137422
3_1715.mat,0.962959
3_1716.mat,1.0
3_1717.mat,0.514097
3_1718.mat,0.999974
3_1719.mat,3.86728e-17
3_1720.mat,1.21486e-14
3_1721.mat,6.71903e-30
3_1722.mat,0.910461
3_1723.mat,0.0150285
3_1724.mat,0.999804
3_1725.mat,1.0
3_1726.mat,1.10473e-09
3_1727.mat,1.0
3_1728.mat,1.0
3_1729.mat,1.0
3_1730.mat,1.0
3_1731.mat,1.38187e-11
3_1732.mat,1.20676e-05
3_1733.mat,1.0
3_1734.mat,3.2129e-07
3_1735.mat,1.0
3_1736.mat,6.76861e-11
3_1737.mat,0.999819
3_1738.mat,0.999702
3_1739.mat,0.563638
3_1740.mat,4.91511e-16
3_1741.mat,0.99999
3_1742.mat,1.0
3_1743.mat,0.999995
3_1744.mat,0.0201017
3_1745.mat,0.999881
3_1746.mat,1.0
3_1747.mat,9.31093e-19
3_1748.mat,0.999974
3_1749.mat,1.0
3_1750.mat,1.55196e-18
3_1751.mat,1.29595e-15
3_1752.mat,0.000209759
3_1753.mat,0.972638
3_1754.mat,9.61113e-20
3_1755.mat,1.0
3_1756.mat,0.0948308
3_1757.mat,0.999992
3_1758.mat,0.0212402
3_1759.mat,3.30271e-13
3_1760.mat,0.0465953
3_1761.mat,3.03957e-06
3_1762.mat,8.21843e-24
3_1763.mat,0.00164321
3_1764.mat,1.13458e-10
3_1765.mat,0.99771
3_1766.mat,6.0828e-12
3_1767.mat,1.0
3_1768.mat,5.69956e-25
3_1769.mat,0.00303604
3_1770.mat,0.999949
3_1771.mat,6.59781e-19
3_1772.mat,9.45222e-09
3_1773.mat,3.78412e-09
3_1774.mat,0.765672
3_1775.mat,2.30198e-07
3_1776.mat,0.00777103
3_1777.mat,2.99638e-19
3_1778.mat,0.999406
3_1779.mat,0.000291073
3_1780.mat,0.99821
3_1781.mat,1.0
3_1782.mat,4.68459e-21
3_1783.mat,1.05738e-14
3_1784.mat,1.47957e-15
3_1785.mat,0.00181563
3_1786.mat,0.99997
3_1787.mat,2.2289e-22
3_1788.mat,1.10735e-07
3_1789.mat,1.0
3_1790.mat,0.999516
3_1791.mat,1.0
3_1792.mat,0.998353
3_1793.mat,0.000818839
3_1794.mat,1.0
3_1795.mat,7.74859e-11
3_1796.mat,1.0
3_1797.mat,1.6255e-08
3_1798.mat,0.998787
3_1799.mat,0.0539198
3_1800.mat,1.06516e-09
3_1801.mat,0.0519937
3_1802.mat,0.00792145
3_1803.mat,1.0
3_1804.mat,4.62377e-16
3_1805.mat,0.999997
3_1806.mat,5.08619e-13
3_1807.mat,1.53781e-10
3_1808.mat,0.999934
3_1809.mat,1.2599e-18
3_1810.mat,2.67686e-20
3_1811.mat,0.00391179
3_1812.mat,0.412701
3_1813.mat,0.999517
3_1814.mat,1.0
3_1815.mat,7.13201e-25
3_1816.mat,1.0
3_1817.mat,0.982965
3_1818.mat,0.387914
3_1819.mat,1.0
3_1820.mat,0.0484075
3_1821.mat,0.716005
3_1822.mat,1.37743e-19
3_1823.mat,1.68361e-12
3_1824.mat,1.0
3_1825.mat,4.71247e-26
3_1826.mat,0.915279
3_1827.mat,1.86984e-05
3_1828.mat,3.54393e-13
3_1829.mat,0.985874
3_1830.mat,0.999889
3_1831.mat,0.454087
3_1832.mat,9.18367e-06
3_1833.mat,1.13446e-08
3_1834.mat,0.000300456
3_1835.mat,3.86125e-20
3_1836.mat,6.02046e-08
3_1837.mat,0.000757872
3_1838.mat,0.892749
3_1839.mat,0.97579
3_1840.mat,0.976981
3_1841.mat,1.0
3_1842.mat,0.999819
3_1843.mat,1.48718e-24
3_1844.mat,1.69786e-40
3_1845.mat,1.14526e-14
3_1846.mat,0.999924
3_1847.mat,0.00095249
3_1848.mat,0.999854
3_1849.mat,3.98055e-16
3_1850.mat,3.55129e-14
3_1851.mat,4.08254e-14
3_1852.mat,2.12194e-22
3_1853.mat,0.000381772
3_1854.mat,1.0
3_1855.mat,0.691281
3_1856.mat,7.81761e-14
3_1857.mat,0.00116685
3_1858.mat,1.8461e-18
3_1859.mat,0.919241
3_1860.mat,3.21099e-12
3_1861.mat,4.79593e-05
3_1862.mat,0.8686
3_1863.mat,1.0
3_1864.mat,1.0
3_1865.mat,3.34858e-09
3_1866.mat,1.03709e-12
3_1867.mat,0.999944
3_1868.mat,1.51014e-21
3_1869.mat,1.28646e-14
3_1870.mat,0.673335
3_1871.mat,2.02742e-07
3_1872.mat,0.58084
3_1873.mat,0.966148
3_1874.mat,2.22857e-22
3_1875.mat,0.000227252
3_1876.mat,3.85454e-07
3_1877.mat,4.26448e-10
3_1878.mat,4.84817e-05
3_1879.mat,1.65127e-26
3_1880.mat,5.18016e-14
3_1881.mat,2.85822e-05
3_1882.mat,0.806814
3_1883.mat,0.00363447
3_1884.mat,0.999674
3_1885.mat,0.563204
3_1886.mat,7.77456e-25
3_1887.mat,7.51699e-11
3_1888.mat,1.0
3_1889.mat,0.0105244
3_1890.mat,6.85888e-06
3_1891.mat,1.0
3_1892.mat,1.06435e-09
3_1893.mat,0.00572751
3_1894.mat,5.87494e-07
3_1895.mat,0.999999
3_1896.mat,5.44208e-17
3_1897.mat,0.999294
3_1898.mat,0.999998
3_1899.mat,0.000206603
3_1900.mat,0.889907
3_1901.mat,1.0
3_1902.mat,2.35306e-07
3_1903.mat,1.04468e-16
3_1904.mat,0.747117
3_1905.mat,0.999974
3_1906.mat,0.999939
3_1907.mat,7.98347e-06
3_1908.mat,0.949604
3_1909.mat,1.0
3_1910.mat,0.999976
3_1911.mat,8.65273e-09
3_1912.mat,0.832109
3_1913.mat,1.0
3_1914.mat,0.694486
3_1915.mat,1.0
3_1916.mat,1.13674e-06
3_1917.mat,2.34471e-09
3_1918.mat,1.0
3_1919.mat,5.56358e-23
3_1920.mat,0.731494
3_1921.mat,0.000112423
3_1922.mat,0.999909
3_1923.mat,1.02589e-19
3_1924.mat,0.000311386
3_1925.mat,0.0216851
3_1926.mat,6.20851e-05
3_1927.mat,1.36862e-16
3_1928.mat,1.10701e-16
3_1929.mat,1.658e-15
3_1930.mat,1.0
3_1931.mat,1.0
3_1932.mat,1.96949e-17
3_1933.mat,9.05956e-25
3_1934.mat,7.85681e-15
3_1935.mat,0.999982
3_1936.mat,1.83534e-06
3_1937.mat,0.000157303
3_1938.mat,1.20961e-08
3_1939.mat,1.17701e-25
3_1940.mat,3.65325e-10
3_1941.mat,4.82674e-14
3_1942.mat,1.0
3_1943.mat,1.0
3_1944.mat,2.20142e-10
3_1945.mat,1.15098e-08
3_1946.mat,0.286902
3_1947.mat,1.0
3_1948.mat,6.31885e-14
3_1949.mat,0.00475356
3_1950.mat,0.99696
3_1951.mat,2.15683e-06
3_1952.mat,1.77514e-12
3_1953.mat,1.0
3_1954.mat,1.0
3_1955.mat,1.59132e-22
3_1956.mat,1.0
3_1957.mat,1.0
3_1958.mat,2.28067e-24
3_1959.mat,3.96462e-09
3_1960.mat,2.99949e-15
3_1961.mat,0.000327801
3_1962.mat,6.8057e-12
3_1963.mat,1.63348e-08
3_1964.mat,0.000520067
3_1965.mat,1.24821e-19
3_1966.mat,0.99954
3_1967.mat,4.79039e-10
3_1968.mat,0.906374
3_1969.mat,0.696828
3_1970.mat,0.999998
3_1971.mat,3.49327e-14
3_1972.mat,1.81331e-07
3_1973.mat,3.88191e-24
3_1974.mat,0.985656
3_1975.mat,1.50819e-10
3_1976.mat,1.93922e-09
3_1977.mat,1.20823e-05
3_1978.mat,6.92228e-25
3_1979.mat,1.0
3_1980.mat,3.37529e-15
3_1981.mat,2.40816e-11
3_1982.mat,1.34175e-23
3_1983.mat,1.0
3_1984.mat,0.995352
3_1985.mat,0.0916362
3_1986.mat,1.38194e-15
3_1987.mat,0.00010383
3_1988.mat,0.00643822
3_1989.mat,2.70795e-13
3_1990.mat,1.06807e-15
3_1991.mat,0.0111983
3_1992.mat,4.43342e-08
3_1993.mat,0.666879
3_1994.mat,0.999997
3_1995.mat,0.996791
3_1996.mat,7.48585e-28
3_1997.mat,1.91566e-16
3_1998.mat,0.886723
3_1999.mat,1.0
3_2000.mat,0.982432
3_2001.mat,0.0874263
3_2002.mat,0.999902
3_2003.mat,1.0
3_2004.mat,1.0
3_2005.mat,7.06228e-05
3_2006.mat,0.999887
3_2007.mat,3.14741e-06
3_2008.mat,1.0
3_2009.mat,0.928729
3_2010.mat,1.83893e-20
3_2011.mat,2.509e-08
3_2012.mat,1.0
3_2013.mat,1.0
3_2014.mat,1.0
3_2015.mat,1.0
3_2016.mat,2.13849e-17
3_2017.mat,6.95118e-13
3_2018.mat,1.0
3_2019.mat,2.43066e-21
3_2020.mat,2.47113e-05
3_2021.mat,0.999998
3_2022.mat,0.974371
3_2023.mat,0.97065
3_2024.mat,0.00890222
3_2025.mat,1.9512e-18
3_2026.mat,0.133669
3_2027.mat,5.22221e-16
3_2028.mat,0.0010325
3_2029.mat,0.999989
3_2030.mat,1.0
3_2031.mat,1.62223e-28
3_2032.mat,2.28488e-08
3_2033.mat,1.05933e-27
3_2034.mat,3.11634e-08
3_2035.mat,3.06481e-07
3_2036.mat,0.836071
3_2037.mat,0.000356374
3_2038.mat,4.10998e-21
3_2039.mat,0.998569
3_2040.mat,4.91445e-09
3_2041.mat,1.09754e-18
3_2042.mat,0.991718
3_2043.mat,1.55082e-21
3_2044.mat,0.999973
3_2045.mat,2.59245e-14
3_2046.mat,1.0
3_2047.mat,0.970035
3_2048.mat,0.999943
3_2049.mat,0.999846
3_2050.mat,0.761684
3_2051.mat,0.133392
3_2052.mat,0.666089
3_2053.mat,1.84884e-12
3_2054.mat,3.41252e-08
3_2055.mat,0.999957
3_2056.mat,1.0
3_2057.mat,0.000130218
3_2058.mat,0.00725672
3_2059.mat,0.999989
3_2060.mat,1.0
3_2061.mat,1.89552e-13
3_2062.mat,1.0
3_2063.mat,1.95325e-07
3_2064.mat,1.0
3_2065.mat,0.999997
3_2066.mat,1.0
3_2067.mat,0.866053
3_2068.mat,1.56406e-14
3_2069.mat,1.85655e-06
3_2070.mat,0.0289518
3_2071.mat,1.0
3_2072.mat,0.88442
3_2073.mat,0.989874
3_2074.mat,2.61777e-12
3_2075.mat,0.99998
3_2076.mat,3.93471e-18
3_2077.mat,0.697798
3_2078.mat,0.99706
3_2079.mat,1.39871e-06
3_2080.mat,0.0566631
3_2081.mat,1.0933e-11
3_2082.mat,5.16439e-07
3_2083.mat,0.046162
3_2084.mat,3.26662e-10
3_2085.mat,1.0
3_2086.mat,3.75025e-10
3_2087.mat,1.0
3_2088.mat,1.0
3_2089.mat,1.0
3_2090.mat,1.91068e-14
3_2091.mat,1.0
3_2092.mat,0.421519
3_2093.mat,0.982177
3_2094.mat,0.53865
3_2095.mat,2.25508e-35
3_2096.mat,1.40831e-09
3_2097.mat,8.16963e-12
3_2098.mat,0.0665927
3_2099.mat,1.0
3_2100.mat,8.37916e-06
3_2101.mat,0.999995
3_2102.mat,0.130626
3_2103.mat,0.00057936
3_2104.mat,0.275307
3_2105.mat,0.293467
3_2106.mat,0.00157949
3_2107.mat,5.55548e-12
3_2108.mat,0.999935
3_2109.mat,0.046471
3_2110.mat,7.30825e-26
3_2111.mat,4.66332e-06
3_2112.mat,1.31865e-10
3_2113.mat,2.58385e-10
3_2114.mat,0.999959
3_2115.mat,2.9432e-09
3_2116.mat,9.12364e-11
3_2117.mat,0.000325424
3_2118.mat,1.0
3_2119.mat,0.332801
3_2120.mat,1.0
3_2121.mat,4.92459e-05
3_2122.mat,1.47298e-14
3_2123.mat,1.53162e-15
3_2124.mat,9.27385e-09
3_2125.mat,1.0
3_2126.mat,2.75203e-15
3_2127.mat,2.7966e-12
3_2128.mat,0.999992
3_2129.mat,8.6505e-27
3_2130.mat,1.0
3_2131.mat,1.49069e-16
3_2132.mat,7.30715e-06
3_2133.mat,9.81913e-14
3_2134.mat,0.99739
3_2135.mat,1.0
3_2136.mat,0.900013
3_2137.mat,7.61604e-22
3_2138.mat,2.26888e-20
3_2139.mat,0.554534
3_2140.mat,3.89843e-11
3_2141.mat,1.7429e-09
3_2142.mat,0.948679
3_2143.mat,1.0
3_2144.mat,1.89372e-09
3_2145.mat,0.00134865
3_2146.mat,3.45029e-09
3_2147.mat,1.0
3_2148.mat,1.0
3_2149.mat,0.999997
3_2150.mat,7.59426e-10
3_2151.mat,0.924394
3_2152.mat,1.06266e-21
3_2153.mat,0.634429
3_2154.mat,1.0
3_2155.mat,1.66108e-18
3_2156.mat,7.42181e-14
3_2157.mat,0.999987
3_2158.mat,0.999963
3_2159.mat,0.981696
3_2160.mat,1.44573e-11
3_2161.mat,2.41671e-17
3_2162.mat,0.00113965
3_2163.mat,0.973707
3_2164.mat,3.24501e-08
3_2165.mat,1.0
3_2166.mat,0.999913
3_2167.mat,9.42674e-19
3_2168.mat,1.0
3_2169.mat,1.0
3_2170.mat,3.5682e-09
3_2171.mat,2.13127e-09
3_2172.mat,0.159967
3_2173.mat,2.14481e-05
3_2174.mat,3.72938e-10
3_2175.mat,0.999981
3_2176.mat,3.13158e-05
3_2177.mat,1.0
3_2178.mat,0.155234
3_2179.mat,4.27245e-21
3_2180.mat,0.999982
3_2181.mat,1.27626e-17
3_2182.mat,1.51138e-08
3_2183.mat,1.0
3_2184.mat,3.02581e-13
3_2185.mat,0.999998
3_2186.mat,0.999999
3_2187.mat,0.999933
3_2188.mat,1.36292e-05
3_2189.mat,1.0
3_2190.mat,5.7674e-07
3_2191.mat,9.48104e-14
3_2192.mat,2.30918e-34
3_2193.mat,1.23918e-09
3_2194.mat,7.60493e-09
3_2195.mat,8.80538e-19
3_2196.mat,0.999999
3_2197.mat,0.979164
3_2198.mat,1.10391e-09
3_2199.mat,2.24737e-13
3_2200.mat,0.999999
3_2201.mat,0.997359
3_2202.mat,0.999972
3_2203.mat,1.0
3_2204.mat,0.0039047
3_2205.mat,1.0
3_2206.mat,0.999999
3_2207.mat,7.91958e-07
3_2208.mat,0.0767508
3_2209.mat,0.927676
3_2210.mat,0.00610711
3_2211.mat,0.652021
3_2212.mat,1.29189e-11
3_2213.mat,3.69106e-12
3_2214.mat,9.3514e-31
3_2215.mat,6.05778e-09
3_2216.mat,0.223851
3_2217.mat,1.0
3_2218.mat,0.999999
3_2219.mat,9.47643e-12
3_2220.mat,1.8236e-11
3_2221.mat,1.63457e-06
3_2222.mat,4.54006e-15
3_2223.mat,0.997656
3_2224.mat,2.40152e-06
3_2225.mat,2.95229e-05
3_2226.mat,0.0380335
3_2227.mat,0.668781
3_2228.mat,3.17606e-14
3_2229.mat,5.12029e-19
3_2230.mat,1.65015e-09
3_2231.mat,4.25961e-21
3_2232.mat,1.0
3_2233.mat,0.999999
3_2234.mat,1.0
3_2235.mat,1.59198e-11
3_2236.mat,0.302717
3_2237.mat,1.0
3_2238.mat,5.52348e-10
3_2239.mat,1.0
3_2240.mat,1.0
3_2241.mat,2.27126e-13
3_2242.mat,0.97877
3_2243.mat,1.56087e-08
3_2244.mat,0.0064855
3_2245.mat,2.46354e-06
3_2246.mat,1.62713e-11
3_2247.mat,1.0
3_2248.mat,1.28434e-12
3_2249.mat,1.0
3_2250.mat,1.0
3_2251.mat,4.93661e-28
3_2252.mat,0.930678
3_2253.mat,0.997727
3_2254.mat,0.884537
3_2255.mat,7.17815e-25
3_2256.mat,0.22466
3_2257.mat,0.421984
3_2258.mat,0.914427
3_2259.mat,3.62615e-21
3_2260.mat,0.732339
3_2261.mat,2.30813e-19
3_2262.mat,1.0
3_2263.mat,0.999828
3_2264.mat,4.32405e-16
3_2265.mat,3.52828e-08
3_2266.mat,2.28408e-13
3_2267.mat,0.88281
3_2268.mat,4.40365e-08
3_2269.mat,0.999737
3_2270.mat,2.1734e-27
3_2271.mat,0.4209
3_2272.mat,1.0
3_2273.mat,2.20689e-09
3_2274.mat,1.0
3_2275.mat,0.999678
3_2276.mat,1.0
3_2277.mat,0.000594937
3_2278.mat,0.000602649
3_2279.mat,1.0
3_2280.mat,7.98116e-07
3_2281.mat,5.19721e-23
3_2282.mat,0.999948
3_2283.mat,1.17241e-21
3_2284.mat,0.999998
3_2285.mat,7.76639e-12
3_2286.mat,1.0
