2_1.mat,0.000105478
2_2.mat,0.000790901
2_3.mat,6.09281e-22
2_4.mat,4.21345e-09
2_5.mat,0.00546762
2_6.mat,0.00753182
2_7.mat,0.000195088
2_8.mat,2.74115e-07
2_9.mat,0.304473
2_10.mat,0.0125508
2_11.mat,0.000992183
2_12.mat,7.01844e-05
2_13.mat,0.00711541
2_14.mat,0.00322699
2_15.mat,0.00107669
2_16.mat,0.000266891
2_17.mat,1.03273e-08
2_18.mat,2.91291e-13
2_19.mat,0.000130788
2_20.mat,0.00582143
2_21.mat,0.0333323
2_22.mat,0.00231265
2_23.mat,1.96045e-05
2_24.mat,0.00120856
2_25.mat,0.000942914
2_26.mat,0.00785528
2_27.mat,4.51918e-08
2_28.mat,0.00298257
2_29.mat,0.0214209
2_30.mat,0.000357851
2_31.mat,0.00671245
2_32.mat,0.0111798
2_33.mat,3.12309e-05
2_34.mat,0.000719441
2_35.mat,0.00185204
2_36.mat,0.00667172
2_37.mat,0.000507482
2_38.mat,3.62142e-08
2_39.mat,0.000859618
2_40.mat,0.0862094
2_41.mat,1.87147e-14
2_42.mat,0.00380739
2_43.mat,0.000308863
2_44.mat,0.00132993
2_45.mat,0.000550608
2_46.mat,0.000109387
2_47.mat,0.000405927
2_48.mat,1.57069e-05
2_49.mat,0.0217413
2_50.mat,5.06491e-06
2_51.mat,0.00208731
2_52.mat,0.00560934
2_53.mat,4.65395e-05
2_54.mat,0.0210384
2_55.mat,2.75487e-05
2_56.mat,0.00402695
2_57.mat,0.00919245
2_58.mat,1.98873e-05
2_59.mat,0.00613655
2_60.mat,6.86954e-05
2_61.mat,0.0315943
2_62.mat,2.5162e-05
2_63.mat,0.00663095
2_64.mat,0.00139302
2_65.mat,0.000413559
2_66.mat,2.37577e-05
2_67.mat,0.00192766
2_68.mat,7.21172e-05
2_69.mat,0.000103213
2_70.mat,7.38347e-07
2_71.mat,0.000259356
2_72.mat,0.000272457
2_73.mat,0.00646946
2_74.mat,0.00236103
2_75.mat,0.000200464
2_76.mat,0.0364422
2_77.mat,0.000322413
2_78.mat,0.00251197
2_79.mat,0.00159263
2_80.mat,2.76931e-13
2_81.mat,0.0211391
2_82.mat,0.00190524
2_83.mat,0.00165829
2_84.mat,4.43277e-18
2_85.mat,0.00410655
2_86.mat,0.00797022
2_87.mat,3.11271e-10
2_88.mat,0.0652914
2_89.mat,0.00594615
2_90.mat,0.000230523
2_91.mat,1.79529e-09
2_92.mat,0.00046778
2_93.mat,0.0363864
2_94.mat,2.49136e-05
2_95.mat,1.49188e-22
2_96.mat,5.164e-05
2_97.mat,0.00193743
2_98.mat,0.102291
2_99.mat,0.0108586
2_100.mat,0.000243954
2_101.mat,0.304473
2_102.mat,0.000562907
2_103.mat,0.00197077
2_104.mat,7.81799e-05
2_105.mat,3.31121e-06
2_106.mat,0.0171117
2_107.mat,0.103739
2_108.mat,0.00376712
2_109.mat,0.000662472
2_110.mat,0.00122359
2_111.mat,1.62883e-06
2_112.mat,0.0371623
2_113.mat,0.000352559
2_114.mat,0.00456678
2_115.mat,0.00638711
2_116.mat,0.0110855
2_117.mat,0.31585
2_118.mat,0.000508033
2_119.mat,8.0031e-05
2_120.mat,4.1042e-06
2_121.mat,0.0242852
2_122.mat,0.000181727
2_123.mat,0.0209047
2_124.mat,9.61288e-05
2_125.mat,0.00952398
2_126.mat,1.08109e-05
2_127.mat,0.00143043
2_128.mat,1.58014e-05
2_129.mat,0.000764424
2_130.mat,8.19669e-07
2_131.mat,0.304473
2_132.mat,2.25697e-08
2_133.mat,0.00131477
2_134.mat,1.29572e-11
2_135.mat,7.88146e-05
2_136.mat,0.0116171
2_137.mat,0.00167712
2_138.mat,9.65914e-05
2_139.mat,0.00714633
2_140.mat,0.0353921
2_141.mat,0.000548016
2_142.mat,0.00164845
2_143.mat,4.28735e-13
2_144.mat,0.00345195
2_145.mat,0.000787334
2_146.mat,0.0987052
2_147.mat,0.000288629
2_148.mat,0.033465
2_149.mat,0.00293054
2_150.mat,0.00640785
2_151.mat,0.0392508
2_152.mat,0.000196941
2_153.mat,0.304473
2_154.mat,1.29115e-05
2_155.mat,0.0253188
2_156.mat,0.00500764
2_157.mat,0.00616609
2_158.mat,5.00577e-05
2_159.mat,0.00100217
2_160.mat,0.000312545
2_161.mat,0.000140291
2_162.mat,0.000576205
2_163.mat,0.00240227
2_164.mat,7.40498e-05
2_165.mat,0.00577697
2_166.mat,0.00015405
2_167.mat,0.00172708
2_168.mat,0.179023
2_169.mat,5.00191e-07
2_170.mat,3.26132e-05
2_171.mat,2.92608e-17
2_172.mat,0.0555596
2_173.mat,0.0843324
2_174.mat,0.0067318
2_175.mat,0.00734475
2_176.mat,0.00144495
2_177.mat,0.00652174
2_178.mat,0.00277675
2_179.mat,1.75038e-18
2_180.mat,0.00137324
2_181.mat,1.40684e-09
2_182.mat,0.324708
2_183.mat,0.00300324
2_184.mat,0.00678068
2_185.mat,0.000308561
2_186.mat,0.000167665
2_187.mat,0.000472908
2_188.mat,0.0499149
2_189.mat,3.00574e-19
2_190.mat,0.000200584
2_191.mat,0.00629865
2_192.mat,0.0258032
2_193.mat,0.304473
2_194.mat,0.0052628
2_195.mat,0.000177721
2_196.mat,0.00175038
2_197.mat,0.000628234
2_198.mat,0.00249426
2_199.mat,2.7556e-05
2_200.mat,0.000957329
2_201.mat,0.00311097
2_202.mat,0.00010689
2_203.mat,1.53472e-13
2_204.mat,0.304473
2_205.mat,0.000571788
2_206.mat,6.53998e-07
2_207.mat,7.13115e-18
2_208.mat,0.000175975
2_209.mat,8.77629e-05
2_210.mat,4.73059e-20
2_211.mat,0.00125851
2_212.mat,0.00351246
2_213.mat,0.00894177
2_214.mat,0.0851047
2_215.mat,0.000875186
2_216.mat,0.251534
2_217.mat,0.00169433
2_218.mat,6.76956e-10
2_219.mat,0.0057336
2_220.mat,3.7039e-05
2_221.mat,0.00978387
2_222.mat,0.00119301
2_223.mat,0.00291165
2_224.mat,0.000461394
2_225.mat,1.07327e-10
2_226.mat,0.00299847
2_227.mat,0.000305113
2_228.mat,0.00322199
2_229.mat,3.51546e-05
2_230.mat,0.00294278
2_231.mat,0.00120728
2_232.mat,7.57379e-05
2_233.mat,0.00131071
2_234.mat,7.49988e-06
2_235.mat,0.00203688
2_236.mat,0.0251217
2_237.mat,0.000441201
2_238.mat,0.00306288
2_239.mat,0.00585849
2_240.mat,0.0138332
2_241.mat,1.28923e-18
2_242.mat,0.00171299
2_243.mat,0.0219519
2_244.mat,0.000951668
2_245.mat,0.0343142
2_246.mat,0.00479974
2_247.mat,0.0134181
2_248.mat,1.2673e-23
2_249.mat,0.0600557
2_250.mat,0.00430384
2_251.mat,0.00407174
2_252.mat,0.000419252
2_253.mat,0.000326502
2_254.mat,0.000119776
2_255.mat,0.00259781
2_256.mat,0.000125501
2_257.mat,0.000223391
2_258.mat,0.000135033
2_259.mat,0.00484043
2_260.mat,9.98189e-08
2_261.mat,0.0131337
2_262.mat,0.00312472
2_263.mat,0.000708544
2_264.mat,0.00304132
2_265.mat,1.74789e-10
2_266.mat,0.0249743
2_267.mat,0.0016015
2_268.mat,0.000259503
2_269.mat,0.0133628
2_270.mat,0.00101225
2_271.mat,0.0452348
2_272.mat,2.42928e-05
2_273.mat,1.19543e-06
2_274.mat,0.000496722
2_275.mat,0.00361077
2_276.mat,0.00049516
2_277.mat,0.00184838
2_278.mat,8.10537e-05
2_279.mat,0.0569287
2_280.mat,0.000125037
2_281.mat,0.00325664
2_282.mat,0.00399138
2_283.mat,7.56472e-27
2_284.mat,0.000143131
2_285.mat,0.00122606
2_286.mat,0.00327749
2_287.mat,1.04968e-05
2_288.mat,0.0125536
2_289.mat,0.000223327
2_290.mat,0.0011315
2_291.mat,0.000519215
2_292.mat,0.00012237
2_293.mat,8.98227e-07
2_294.mat,7.70108e-06
2_295.mat,0.000395892
2_296.mat,0.00648813
2_297.mat,8.64788e-06
2_298.mat,8.86436e-05
2_299.mat,0.00223841
2_300.mat,2.7104e-10
2_301.mat,0.151289
2_302.mat,0.00231917
2_303.mat,0.00115778
2_304.mat,6.36545e-06
2_305.mat,0.00929909
2_306.mat,3.35936e-17
2_307.mat,0.304473
2_308.mat,0.00013628
2_309.mat,0.000119171
2_310.mat,0.00283628
2_311.mat,0.00109002
2_312.mat,0.00372209
2_313.mat,0.00106673
2_314.mat,0.00350173
2_315.mat,1.72776e-05
2_316.mat,0.0197958
2_317.mat,0.00230916
2_318.mat,0.00437156
2_319.mat,0.000105797
2_320.mat,0.0161011
2_321.mat,0.000372552
2_322.mat,9.22411e-12
2_323.mat,0.0646935
2_324.mat,8.65862e-05
2_325.mat,0.00469568
2_326.mat,0.239609
2_327.mat,0.126397
2_328.mat,0.02015
2_329.mat,1.22034e-05
2_330.mat,0.304473
2_331.mat,0.00403321
2_332.mat,7.98237e-08
2_333.mat,2.00292e-09
2_334.mat,0.00828461
2_335.mat,0.000409694
2_336.mat,0.0312125
2_337.mat,0.000308566
2_338.mat,1.44236e-14
2_339.mat,0.0460834
2_340.mat,0.000465465
2_341.mat,0.000331757
2_342.mat,7.61902e-05
2_343.mat,7.63543e-06
2_344.mat,0.00158878
2_345.mat,0.000239696
2_346.mat,2.56798e-07
2_347.mat,1.37784e-19
2_348.mat,0.00256355
2_349.mat,0.304473
2_350.mat,0.00154097
2_351.mat,0.000724402
2_352.mat,0.00122606
2_353.mat,0.00468654
2_354.mat,2.84013e-19
2_355.mat,0.0660144
2_356.mat,0.000326218
2_357.mat,1.76069e-16
2_358.mat,0.000824521
2_359.mat,0.00787839
2_360.mat,1.71119e-08
2_361.mat,0.000691778
2_362.mat,0.0311915
2_363.mat,2.23793e-06
2_364.mat,8.77115e-17
2_365.mat,0.000234384
2_366.mat,0.000928528
2_367.mat,0.304473
2_368.mat,0.00160482
2_369.mat,0.300589
2_370.mat,0.000580782
2_371.mat,5.25762e-10
2_372.mat,0.000295901
2_373.mat,0.00285944
2_374.mat,6.7148e-05
2_375.mat,0.000226955
2_376.mat,4.19121e-05
2_377.mat,0.00342074
2_378.mat,0.00421431
2_379.mat,0.000785247
2_380.mat,7.16178e-05
2_381.mat,0.00607092
2_382.mat,4.79939e-09
2_383.mat,0.304473
2_384.mat,1.62288e-07
2_385.mat,0.225596
2_386.mat,1.42396e-10
2_387.mat,1.83758e-05
2_388.mat,1.03528e-16
2_389.mat,0.00491085
2_390.mat,0.0562534
2_391.mat,0.00250501
2_392.mat,0.00103995
2_393.mat,6.19465e-05
2_394.mat,7.10715e-11
2_395.mat,0.0158234
2_396.mat,0.0312109
2_397.mat,0.00722447
2_398.mat,5.92608e-19
2_399.mat,0.00263561
2_400.mat,7.4925e-20
2_401.mat,3.66069e-14
2_402.mat,0.00239423
2_403.mat,0.00172527
2_404.mat,0.0120675
2_405.mat,0.00268726
2_406.mat,0.001845
2_407.mat,0.00213168
2_408.mat,0.00104425
2_409.mat,0.000814247
2_410.mat,1.63124e-21
2_411.mat,3.74699e-12
2_412.mat,0.00230783
2_413.mat,0.000423903
2_414.mat,0.215327
2_415.mat,0.00029572
2_416.mat,3.02025e-05
2_417.mat,1.37613e-10
2_418.mat,9.43142e-05
2_419.mat,0.00125953
2_420.mat,5.73427e-05
2_421.mat,0.0205786
2_422.mat,0.000189152
2_423.mat,0.0643008
2_424.mat,0.0412733
2_425.mat,0.0268034
2_426.mat,0.000370137
2_427.mat,5.14341e-05
2_428.mat,2.40452e-08
2_429.mat,0.000385204
2_430.mat,0.0762099
2_431.mat,0.00113404
2_432.mat,1.23099e-14
2_433.mat,9.53804e-05
2_434.mat,4.35346e-07
2_435.mat,0.00140123
2_436.mat,4.21829e-06
2_437.mat,0.00185909
2_438.mat,0.0113122
2_439.mat,0.124932
2_440.mat,0.000496521
2_441.mat,0.0017636
2_442.mat,0.00077837
2_443.mat,0.018303
2_444.mat,0.0138846
2_445.mat,0.0374508
2_446.mat,3.05048e-16
2_447.mat,0.000106991
2_448.mat,0.0231977
2_449.mat,5.26174e-05
2_450.mat,0.000642524
2_451.mat,0.000170794
2_452.mat,0.0132989
2_453.mat,3.25377e-15
2_454.mat,9.34143e-05
2_455.mat,0.0083029
2_456.mat,0.00187416
2_457.mat,6.62693e-05
2_458.mat,1.66063e-09
2_459.mat,0.000181678
2_460.mat,0.00240675
2_461.mat,0.00017609
2_462.mat,0.0165309
2_463.mat,0.00191672
2_464.mat,0.00113739
2_465.mat,9.14216e-05
2_466.mat,0.0248959
2_467.mat,4.39909e-05
2_468.mat,0.00016021
2_469.mat,0.000730596
2_470.mat,0.000961552
2_471.mat,0.00120771
2_472.mat,9.04042e-19
2_473.mat,0.000200552
2_474.mat,0.0101281
2_475.mat,0.0059054
2_476.mat,3.62359e-15
2_477.mat,0.00189627
2_478.mat,0.000278684
2_479.mat,0.000571439
2_480.mat,0.0158555
2_481.mat,0.00213899
2_482.mat,9.14207e-29
2_483.mat,0.0841186
2_484.mat,0.0129523
2_485.mat,0.00148776
2_486.mat,0.000131014
2_487.mat,0.000810452
2_488.mat,1.60773e-07
2_489.mat,0.000119378
2_490.mat,1.71426e-05
2_491.mat,1.67379e-05
2_492.mat,0.00369876
2_493.mat,0.00134789
2_494.mat,0.0044155
2_495.mat,0.00696365
2_496.mat,0.0368116
2_497.mat,7.99588e-05
2_498.mat,0.0109322
2_499.mat,6.35226e-05
2_500.mat,0.0661
2_501.mat,0.000208427
2_502.mat,0.11743
2_503.mat,1.97034e-07
2_504.mat,4.21671e-18
2_505.mat,0.0363445
2_506.mat,0.0159883
2_507.mat,7.4724e-17
2_508.mat,9.59908e-06
2_509.mat,0.000571178
2_510.mat,8.76006e-05
2_511.mat,0.0157447
2_512.mat,0.000235961
2_513.mat,6.20253e-05
2_514.mat,5.31532e-05
2_515.mat,3.65831e-05
2_516.mat,0.00341318
2_517.mat,0.00857959
2_518.mat,2.66558e-08
2_519.mat,0.00109031
2_520.mat,0.000444504
2_521.mat,7.66875e-19
2_522.mat,9.00465e-11
2_523.mat,0.00473772
2_524.mat,0.0744369
2_525.mat,0.0063767
2_526.mat,0.000218352
2_527.mat,0.00431461
2_528.mat,2.29832e-15
2_529.mat,1.51304e-14
2_530.mat,0.0218119
2_531.mat,0.0320268
2_532.mat,2.0093e-05
2_533.mat,0.000252218
2_534.mat,1.1727e-05
2_535.mat,2.89585e-05
2_536.mat,8.65736e-10
2_537.mat,0.000695613
2_538.mat,5.61023e-05
2_539.mat,0.000296226
2_540.mat,1.94157e-11
2_541.mat,5.44652e-28
2_542.mat,6.34654e-10
2_543.mat,0.00118426
2_544.mat,8.81598e-05
2_545.mat,0.00118286
2_546.mat,0.000190375
2_547.mat,0.011037
2_548.mat,0.0428105
2_549.mat,0.00764468
2_550.mat,0.00491277
2_551.mat,0.000760305
2_552.mat,0.00112962
2_553.mat,3.97349e-05
2_554.mat,0.0122322
2_555.mat,0.0038004
2_556.mat,0.000227469
2_557.mat,0.000421558
2_558.mat,0.00113651
2_559.mat,7.25635e-06
2_560.mat,0.000361089
2_561.mat,0.0125962
2_562.mat,0.0568174
2_563.mat,0.00337053
2_564.mat,0.00121515
2_565.mat,0.000645208
2_566.mat,0.110039
2_567.mat,0.000190416
2_568.mat,3.13474e-05
2_569.mat,6.75133e-06
2_570.mat,1.19763e-17
2_571.mat,0.00162599
2_572.mat,0.00446564
2_573.mat,0.000128914
2_574.mat,8.0814e-05
2_575.mat,9.59561e-05
2_576.mat,0.00372833
2_577.mat,0.000539046
2_578.mat,0.000762858
2_579.mat,0.0203252
2_580.mat,0.0330346
2_581.mat,0.0022831
2_582.mat,0.00140017
2_583.mat,0.0174092
2_584.mat,0.000136395
2_585.mat,0.0112811
2_586.mat,0.0274478
2_587.mat,0.00217771
2_588.mat,0.00105867
2_589.mat,0.00470201
2_590.mat,0.000508475
2_591.mat,0.0808654
2_592.mat,4.00791e-05
2_593.mat,0.00804103
2_594.mat,2.99751e-21
2_595.mat,0.00175555
2_596.mat,0.00177298
2_597.mat,0.00252256
2_598.mat,0.000254314
2_599.mat,0.00235084
2_600.mat,0.000384346
2_601.mat,0.00071471
2_602.mat,0.000307158
2_603.mat,0.00172679
2_604.mat,0.00565066
2_605.mat,7.08982e-14
2_606.mat,0.010348
2_607.mat,0.00121189
2_608.mat,0.0454803
2_609.mat,0.000578123
2_610.mat,0.00108223
2_611.mat,0.0765992
2_612.mat,0.0269237
2_613.mat,5.00462e-06
2_614.mat,6.47735e-23
2_615.mat,0.00176276
2_616.mat,9.12085e-05
2_617.mat,4.88975e-05
2_618.mat,0.00153041
2_619.mat,0.104632
2_620.mat,0.000180815
2_621.mat,0.0237162
2_622.mat,1.27806e-14
2_623.mat,0.00378261
2_624.mat,7.70643e-21
2_625.mat,0.660333
2_626.mat,0.00458546
2_627.mat,0.000243846
2_628.mat,4.6995e-21
2_629.mat,1.37903e-06
2_630.mat,0.00538757
2_631.mat,0.000357693
2_632.mat,0.304473
2_633.mat,0.000152886
2_634.mat,0.00964823
2_635.mat,0.0348257
2_636.mat,0.0115206
2_637.mat,0.00329026
2_638.mat,0.0124815
2_639.mat,0.0838416
2_640.mat,0.00224799
2_641.mat,0.00105376
2_642.mat,2.44766e-05
2_643.mat,0.000144951
2_644.mat,0.0165451
2_645.mat,0.0128784
2_646.mat,0.00128325
2_647.mat,1.28215e-05
2_648.mat,0.0036251
2_649.mat,0.00763463
2_650.mat,0.00402268
2_651.mat,0.0308883
2_652.mat,0.00975081
2_653.mat,7.134e-07
2_654.mat,2.04775e-07
2_655.mat,0.00152516
2_656.mat,0.00424374
2_657.mat,0.0105243
2_658.mat,0.000157465
2_659.mat,0.00201089
2_660.mat,0.000130963
2_661.mat,0.057818
2_662.mat,3.94743e-05
2_663.mat,3.96034e-22
2_664.mat,0.000167156
2_665.mat,2.36728e-06
2_666.mat,0.000559639
2_667.mat,0.000337921
2_668.mat,0.213607
2_669.mat,0.0927234
2_670.mat,0.000937913
2_671.mat,0.0163622
2_672.mat,0.000255917
2_673.mat,0.000719232
2_674.mat,0.000942203
2_675.mat,0.000366968
2_676.mat,7.98996e-11
2_677.mat,0.0277806
2_678.mat,1.17694e-05
2_679.mat,0.00039982
2_680.mat,0.00195193
2_681.mat,0.128199
2_682.mat,0.0141546
2_683.mat,4.23215e-05
2_684.mat,0.0567676
2_685.mat,0.0207085
2_686.mat,0.000178034
2_687.mat,0.00145557
2_688.mat,0.000283689
2_689.mat,0.00128209
2_690.mat,0.0490609
2_691.mat,0.448447
2_692.mat,0.000144966
2_693.mat,0.00158312
2_694.mat,8.8011e-07
2_695.mat,0.277122
2_696.mat,1.91384e-05
2_697.mat,0.0017459
2_698.mat,0.0705649
2_699.mat,0.0174729
2_700.mat,0.000411969
2_701.mat,0.00929166
2_702.mat,0.000245648
2_703.mat,0.00397353
2_704.mat,0.112367
2_705.mat,1.18231e-13
2_706.mat,0.249126
2_707.mat,0.00303728
2_708.mat,1.07453e-05
2_709.mat,1.04118e-11
2_710.mat,3.87675e-09
2_711.mat,7.57119e-05
2_712.mat,0.247098
2_713.mat,0.00447557
2_714.mat,0.0620487
2_715.mat,0.139483
2_716.mat,0.00102275
2_717.mat,7.38704e-08
2_718.mat,0.00101014
2_719.mat,1.72429e-13
2_720.mat,0.00569148
2_721.mat,8.11602e-06
2_722.mat,0.011908
2_723.mat,0.00434159
2_724.mat,0.00244428
2_725.mat,0.0277227
2_726.mat,0.00015057
2_727.mat,0.000139467
2_728.mat,0.00726696
2_729.mat,1.02827e-07
2_730.mat,0.00032732
2_731.mat,0.00057509
2_732.mat,0.304473
2_733.mat,0.00041459
2_734.mat,2.07297e-06
2_735.mat,0.000861078
2_736.mat,0.00794475
2_737.mat,0.000284459
2_738.mat,2.07975e-11
2_739.mat,0.0118435
2_740.mat,0.00419855
2_741.mat,3.11063e-11
2_742.mat,5.56944e-12
2_743.mat,0.00108672
2_744.mat,0.00155734
2_745.mat,0.000351618
2_746.mat,0.214014
2_747.mat,7.98818e-06
2_748.mat,0.00104919
2_749.mat,0.00248011
2_750.mat,0.00785494
2_751.mat,0.0169518
2_752.mat,0.018048
2_753.mat,0.000517027
2_754.mat,0.000490249
2_755.mat,0.0151056
2_756.mat,0.000381059
2_757.mat,0.0842048
2_758.mat,0.000321021
2_759.mat,1.80036e-06
2_760.mat,0.00396856
2_761.mat,6.16499e-08
2_762.mat,1.88384e-06
2_763.mat,1.48775e-10
2_764.mat,0.000493031
2_765.mat,3.94628e-05
2_766.mat,0.003512
2_767.mat,0.0279597
2_768.mat,0.00165556
2_769.mat,0.000351515
2_770.mat,1.19523e-15
2_771.mat,0.00360515
2_772.mat,0.0138921
2_773.mat,0.00177366
2_774.mat,0.000192562
2_775.mat,0.0257817
2_776.mat,1.00967e-18
2_777.mat,0.00035418
2_778.mat,0.251739
2_779.mat,0.0216154
2_780.mat,0.00135618
2_781.mat,0.0276853
2_782.mat,0.00568083
2_783.mat,0.000629491
2_784.mat,0.00555719
2_785.mat,1.57002e-19
2_786.mat,0.00148797
2_787.mat,0.00491652
2_788.mat,0.000981079
2_789.mat,0.00191031
2_790.mat,1.36068e-23
2_791.mat,0.00518306
2_792.mat,0.0120622
2_793.mat,0.0400954
2_794.mat,0.00269195
2_795.mat,0.00659268
2_796.mat,0.189968
2_797.mat,0.0286532
2_798.mat,0.00611422
2_799.mat,0.000371451
2_800.mat,0.000511431
2_801.mat,4.48384e-05
2_802.mat,0.0974094
2_803.mat,0.00904886
2_804.mat,8.44345e-13
2_805.mat,0.0666331
2_806.mat,8.35736e-05
2_807.mat,0.000484493
2_808.mat,0.00115465
2_809.mat,0.00891485
2_810.mat,3.53893e-14
2_811.mat,0.000577484
2_812.mat,0.000979891
2_813.mat,2.33431e-05
2_814.mat,0.000174676
2_815.mat,7.78597e-14
2_816.mat,0.00612387
2_817.mat,0.00200368
2_818.mat,1.59472e-08
2_819.mat,0.289405
2_820.mat,7.58252e-05
2_821.mat,0.00959604
2_822.mat,6.72878e-09
2_823.mat,0.000939169
2_824.mat,3.71631e-06
2_825.mat,5.88005e-05
2_826.mat,0.00104339
2_827.mat,7.62851e-05
2_828.mat,0.0154491
2_829.mat,0.00112346
2_830.mat,3.3544e-06
2_831.mat,0.00148637
2_832.mat,2.2008e-05
2_833.mat,0.000352015
2_834.mat,0.00362307
2_835.mat,0.00152804
2_836.mat,2.05469e-05
2_837.mat,1.57536e-07
2_838.mat,0.00262011
2_839.mat,0.0300748
2_840.mat,3.41489e-08
2_841.mat,3.28937e-16
2_842.mat,0.00972075
2_843.mat,0.027063
2_844.mat,0.230664
2_845.mat,5.97842e-06
2_846.mat,0.00228321
2_847.mat,4.61819e-18
2_848.mat,0.00114627
2_849.mat,0.304473
2_850.mat,0.0291902
2_851.mat,6.08431e-05
2_852.mat,0.269051
2_853.mat,3.53072e-06
2_854.mat,5.95322e-07
2_855.mat,1.8731e-08
2_856.mat,7.19938e-07
2_857.mat,2.13295e-09
2_858.mat,0.000201563
2_859.mat,1.78188e-31
2_860.mat,0.00734204
2_861.mat,0.0236396
2_862.mat,1.06097e-09
2_863.mat,0.000348548
2_864.mat,1.17702e-06
2_865.mat,1.74459e-05
2_866.mat,0.000597452
2_867.mat,1.02866e-21
2_868.mat,0.0322233
2_869.mat,7.92696e-07
2_870.mat,0.0436821
2_871.mat,0.00523121
2_872.mat,1.3423e-06
2_873.mat,0.177322
2_874.mat,0.00210204
2_875.mat,9.32753e-08
2_876.mat,0.00183844
2_877.mat,0.000176673
2_878.mat,2.06272e-05
2_879.mat,0.00012617
2_880.mat,0.000839468
2_881.mat,0.000471301
2_882.mat,0.000111725
2_883.mat,1.46421e-15
2_884.mat,0.00111691
2_885.mat,0.0582242
2_886.mat,0.0190403
2_887.mat,2.37849e-13
2_888.mat,9.40776e-21
2_889.mat,0.00350992
2_890.mat,0.0146739
2_891.mat,0.00091654
2_892.mat,0.00122186
2_893.mat,0.00781557
2_894.mat,0.304473
2_895.mat,0.00464069
2_896.mat,0.00474963
2_897.mat,4.61359e-05
2_898.mat,0.122413
2_899.mat,0.027543
2_900.mat,1.00832e-08
2_901.mat,0.0412072
2_902.mat,0.00839238
2_903.mat,0.00997304
2_904.mat,6.53978e-11
2_905.mat,0.0112629
2_906.mat,6.04609e-05
2_907.mat,0.00121194
2_908.mat,0.00523093
2_909.mat,0.017342
2_910.mat,0.000243521
2_911.mat,0.0112067
2_912.mat,0.000659325
2_913.mat,0.0172137
2_914.mat,0.000252178
2_915.mat,8.92131e-06
2_916.mat,0.000127425
2_917.mat,1.71744e-06
2_918.mat,0.0270792
2_919.mat,1.04856e-06
2_920.mat,0.000143183
2_921.mat,0.000544956
2_922.mat,0.0016428
2_923.mat,0.0085815
2_924.mat,0.304084
2_925.mat,0.000119702
2_926.mat,0.00185129
2_927.mat,0.000247607
2_928.mat,0.00112565
2_929.mat,0.0193438
2_930.mat,0.000241271
2_931.mat,0.000228274
2_932.mat,0.00613805
2_933.mat,0.00740104
2_934.mat,1.14967e-29
2_935.mat,0.304473
2_936.mat,0.00156542
2_937.mat,0.000107525
2_938.mat,0.00112839
2_939.mat,0.000103961
2_940.mat,4.35963e-12
2_941.mat,9.77325e-05
2_942.mat,0.0205577
2_943.mat,9.37014e-05
2_944.mat,0.31482
2_945.mat,0.000516473
2_946.mat,0.304473
2_947.mat,0.000157576
2_948.mat,0.00199396
2_949.mat,2.97401e-09
2_950.mat,0.000310949
2_951.mat,0.000121082
2_952.mat,2.60305e-14
2_953.mat,0.000215793
2_954.mat,0.00958181
2_955.mat,0.000885935
2_956.mat,0.000179819
2_957.mat,0.0024708
2_958.mat,0.000219672
2_959.mat,0.0274271
2_960.mat,5.38182e-13
2_961.mat,0.103125
2_962.mat,0.268657
2_963.mat,0.0263744
2_964.mat,0.000924526
2_965.mat,2.76426e-21
2_966.mat,1.62841e-12
2_967.mat,0.0062908
2_968.mat,9.44002e-05
2_969.mat,0.000205432
2_970.mat,0.000356551
2_971.mat,0.0167469
2_972.mat,0.00610294
2_973.mat,0.0178126
2_974.mat,0.00909135
2_975.mat,0.00429308
2_976.mat,0.0133517
2_977.mat,0.0159202
2_978.mat,0.000789018
2_979.mat,0.00297881
2_980.mat,0.0104271
2_981.mat,4.67651e-12
2_982.mat,0.000277082
2_983.mat,0.000481888
2_984.mat,0.00360816
2_985.mat,9.84167e-06
2_986.mat,0.0069376
2_987.mat,4.02553e-05
2_988.mat,0.00243421
2_989.mat,2.78597e-14
2_990.mat,0.00701214
2_991.mat,0.07278
2_992.mat,0.00438739
2_993.mat,0.000303498
2_994.mat,0.181866
2_995.mat,0.00144763
2_996.mat,0.000444168
2_997.mat,0.000941134
2_998.mat,0.0110945
2_999.mat,2.61106e-05
2_1000.mat,1.14652e-13
2_1001.mat,0.0138282
2_1002.mat,0.00304992
2_1003.mat,0.0258448
2_1004.mat,0.00225717
2_1005.mat,0.00757009
2_1006.mat,0.000110171
2_1007.mat,0.0010748
2_1008.mat,1.59455e-11
2_1009.mat,9.67173e-06
2_1010.mat,0.00676286
2_1011.mat,0.00263299
2_1012.mat,7.53388e-06
2_1013.mat,0.304473
2_1014.mat,1.04627e-17
2_1015.mat,0.00243272
2_1016.mat,5.8848e-06
2_1017.mat,0.00250585
2_1018.mat,8.03697e-05
2_1019.mat,0.0023375
2_1020.mat,0.000123572
2_1021.mat,0.00447466
2_1022.mat,6.31853e-05
2_1023.mat,7.78285e-05
2_1024.mat,5.3675e-08
2_1025.mat,0.00323036
2_1026.mat,0.00719214
2_1027.mat,0.016845
2_1028.mat,7.13352e-11
2_1029.mat,5.04494e-19
2_1030.mat,0.0510203
2_1031.mat,1.2689e-05
2_1032.mat,0.00255616
2_1033.mat,0.000139705
2_1034.mat,6.66163e-05
2_1035.mat,0.000214996
2_1036.mat,4.75742e-05
2_1037.mat,0.0012453
2_1038.mat,8.47593e-05
2_1039.mat,0.00239707
2_1040.mat,0.000164893
2_1041.mat,0.0191122
2_1042.mat,0.0113858
2_1043.mat,4.4834e-06
2_1044.mat,0.00157121
2_1045.mat,0.0371954
2_1046.mat,2.97673e-05
2_1047.mat,0.0049671
2_1048.mat,0.00068377
2_1049.mat,0.000905458
2_1050.mat,0.00275128
2_1051.mat,0.00260802
2_1052.mat,0.0201909
2_1053.mat,0.000462651
2_1054.mat,2.63157e-06
2_1055.mat,0.00445662
2_1056.mat,0.000128381
2_1057.mat,2.827e-05
2_1058.mat,0.0133191
2_1059.mat,1.19481e-05
2_1060.mat,0.00483515
2_1061.mat,0.00485333
2_1062.mat,3.86258e-06
2_1063.mat,0.0235472
2_1064.mat,0.00063522
2_1065.mat,3.87814e-05
2_1066.mat,3.86103e-05
2_1067.mat,2.03679e-05
2_1068.mat,1.79189e-05
2_1069.mat,1.61462e-05
2_1070.mat,0.0143225
2_1071.mat,0.00401171
2_1072.mat,4.66358e-05
2_1073.mat,1.12048e-07
2_1074.mat,0.00084519
2_1075.mat,0.000140807
2_1076.mat,0.121237
2_1077.mat,1.89942e-05
2_1078.mat,0.0282422
2_1079.mat,0.000585372
2_1080.mat,8.30138e-05
2_1081.mat,0.000151017
2_1082.mat,0.0345849
2_1083.mat,0.000244112
2_1084.mat,0.000728592
2_1085.mat,9.0542e-10
2_1086.mat,0.00270908
2_1087.mat,5.06445e-05
2_1088.mat,0.000304336
2_1089.mat,6.71553e-05
2_1090.mat,1.79152e-06
2_1091.mat,1.69277e-25
2_1092.mat,0.00372612
2_1093.mat,0.00040644
2_1094.mat,0.00317514
2_1095.mat,0.042461
2_1096.mat,4.5951e-06
2_1097.mat,0.304347
2_1098.mat,0.00389292
2_1099.mat,0.0121905
2_1100.mat,0.000163889
2_1101.mat,0.000708305
2_1102.mat,0.000577613
2_1103.mat,0.00958651
2_1104.mat,0.000739638
2_1105.mat,0.0354216
2_1106.mat,0.00248442
2_1107.mat,0.00345291
2_1108.mat,0.000276265
2_1109.mat,0.0104802
2_1110.mat,0.000915221
2_1111.mat,7.44321e-29
2_1112.mat,0.00422741
2_1113.mat,0.00167923
2_1114.mat,0.000671151
2_1115.mat,5.26522e-14
2_1116.mat,0.00115169
2_1117.mat,0.00398017
2_1118.mat,0.00335647
2_1119.mat,0.241739
2_1120.mat,0.000217337
2_1121.mat,4.67809e-05
2_1122.mat,2.91611e-05
2_1123.mat,3.19348e-05
2_1124.mat,5.60249e-06
2_1125.mat,0.00273181
2_1126.mat,0.00157403
2_1127.mat,5.747e-06
2_1128.mat,0.00010615
2_1129.mat,0.00336187
2_1130.mat,0.0154263
2_1131.mat,0.0218044
2_1132.mat,0.00224902
2_1133.mat,3.20839e-11
2_1134.mat,0.000826258
2_1135.mat,0.000317456
2_1136.mat,1.31796e-07
2_1137.mat,0.00268491
2_1138.mat,0.020282
2_1139.mat,0.0254982
2_1140.mat,0.00124578
2_1141.mat,0.0119012
2_1142.mat,0.00336374
2_1143.mat,0.000338954
2_1144.mat,0.0023863
2_1145.mat,1.2647e-15
2_1146.mat,2.87235e-05
2_1147.mat,0.0279101
2_1148.mat,0.00119338
2_1149.mat,0.000250347
2_1150.mat,5.10201e-06
2_1151.mat,0.000638014
2_1152.mat,0.000208254
2_1153.mat,0.000795116
2_1154.mat,0.000643454
2_1155.mat,0.00194675
2_1156.mat,0.000130547
2_1157.mat,0.0250441
2_1158.mat,4.32193e-17
2_1159.mat,1.7044e-06
2_1160.mat,0.00295265
2_1161.mat,0.00971888
2_1162.mat,0.00956496
2_1163.mat,1.67327e-05
2_1164.mat,0.0507356
2_1165.mat,0.00112413
2_1166.mat,2.07093e-11
2_1167.mat,0.0116406
2_1168.mat,0.000636678
2_1169.mat,0.000303013
2_1170.mat,0.0165761
2_1171.mat,0.00850935
2_1172.mat,0.000518571
2_1173.mat,5.25564e-22
2_1174.mat,0.00652232
2_1175.mat,0.000188421
2_1176.mat,8.19485e-08
2_1177.mat,0.000105533
2_1178.mat,0.000243326
2_1179.mat,0.00733573
2_1180.mat,0.00340453
2_1181.mat,2.99123e-17
2_1182.mat,5.94386e-05
2_1183.mat,0.0340102
2_1184.mat,4.27366e-06
2_1185.mat,0.00673421
2_1186.mat,0.000725614
2_1187.mat,0.000225766
2_1188.mat,0.000219658
2_1189.mat,0.00289383
2_1190.mat,3.31721e-05
2_1191.mat,0.00400918
2_1192.mat,8.14472e-06
2_1193.mat,0.000877357
2_1194.mat,0.000414943
2_1195.mat,0.00856372
2_1196.mat,0.00363901
2_1197.mat,9.13741e-05
2_1198.mat,7.43029e-12
2_1199.mat,2.42922e-07
2_1200.mat,9.05699e-07
2_1201.mat,1.69904e-19
2_1202.mat,0.000969403
2_1203.mat,4.87175e-08
2_1204.mat,0.000371451
2_1205.mat,0.000260339
2_1206.mat,0.0469451
2_1207.mat,0.013321
2_1208.mat,2.54314e-05
2_1209.mat,0.00254297
2_1210.mat,1.73508e-06
2_1211.mat,1.89868e-17
2_1212.mat,0.00139839
2_1213.mat,4.62442e-05
2_1214.mat,0.0021225
2_1215.mat,5.00516e-05
2_1216.mat,7.92655e-25
2_1217.mat,0.0205577
2_1218.mat,0.000165968
2_1219.mat,0.00925899
2_1220.mat,0.0404891
2_1221.mat,0.0109282
2_1222.mat,1.24098e-06
2_1223.mat,4.94573e-07
2_1224.mat,0.000150665
2_1225.mat,0.00146979
2_1226.mat,0.00463685
2_1227.mat,0.00235167
2_1228.mat,0.00373474
2_1229.mat,0.000225945
2_1230.mat,5.36389e-17
2_1231.mat,0.00553787
2_1232.mat,0.00221476
2_1233.mat,0.00199165
2_1234.mat,0.00283242
2_1235.mat,3.72955e-06
2_1236.mat,2.15356e-09
2_1237.mat,1.23087e-30
2_1238.mat,0.000480992
2_1239.mat,0.00181194
2_1240.mat,0.000442996
2_1241.mat,0.000137618
2_1242.mat,0.0093627
2_1243.mat,0.000397643
2_1244.mat,0.000574872
2_1245.mat,0.00482458
2_1246.mat,0.0788986
2_1247.mat,0.0152705
2_1248.mat,1.18834e-08
2_1249.mat,0.00672964
2_1250.mat,9.6257e-05
2_1251.mat,0.0077965
2_1252.mat,0.00951379
2_1253.mat,0.0168884
2_1254.mat,0.000893105
2_1255.mat,0.285936
2_1256.mat,0.0192048
2_1257.mat,0.000391713
2_1258.mat,0.000167943
2_1259.mat,1.01648e-05
2_1260.mat,0.000291944
2_1261.mat,1.14649e-05
2_1262.mat,0.00022077
2_1263.mat,0.0153653
2_1264.mat,1.25313e-05
2_1265.mat,0.00631805
2_1266.mat,0.000133896
2_1267.mat,0.00963425
2_1268.mat,7.68721e-05
2_1269.mat,0.0163973
2_1270.mat,0.000178934
2_1271.mat,0.00242075
2_1272.mat,0.000255357
2_1273.mat,0.000304524
2_1274.mat,0.0132787
2_1275.mat,1.55289e-17
2_1276.mat,0.000381451
2_1277.mat,0.00210174
2_1278.mat,0.00365338
2_1279.mat,0.00120113
2_1280.mat,0.00872819
2_1281.mat,0.0279895
2_1282.mat,0.000828975
2_1283.mat,1.62053e-06
2_1284.mat,0.0088213
2_1285.mat,0.0026941
2_1286.mat,0.00189876
2_1287.mat,5.20148e-05
2_1288.mat,0.00406779
2_1289.mat,0.000241265
2_1290.mat,0.000464434
2_1291.mat,0.000935442
2_1292.mat,0.000654033
2_1293.mat,3.15145e-05
2_1294.mat,1.27114e-06
2_1295.mat,6.3048e-16
2_1296.mat,0.00924382
2_1297.mat,0.0113348
2_1298.mat,0.00321802
2_1299.mat,1.43105e-13
2_1300.mat,0.0002829
2_1301.mat,0.00474933
2_1302.mat,7.61285e-05
2_1303.mat,1.95917e-07
2_1304.mat,0.00265409
2_1305.mat,4.79749e-07
2_1306.mat,0.0198122
2_1307.mat,0.00201404
2_1308.mat,0.000664314
2_1309.mat,1.11003e-06
2_1310.mat,9.77212e-06
2_1311.mat,4.57854e-19
2_1312.mat,7.42203e-06
2_1313.mat,0.000125934
2_1314.mat,0.00171253
2_1315.mat,2.17824e-17
2_1316.mat,0.00352447
2_1317.mat,0.00981739
2_1318.mat,0.00156212
2_1319.mat,0.000243114
2_1320.mat,2.08091e-12
2_1321.mat,0.00421476
2_1322.mat,1.59479e-07
2_1323.mat,0.024662
2_1324.mat,0.00164029
2_1325.mat,0.00170004
2_1326.mat,0.0113277
2_1327.mat,0.0018147
2_1328.mat,2.59116e-05
2_1329.mat,3.56457e-06
2_1330.mat,0.0013097
2_1331.mat,0.00188565
2_1332.mat,1.08563e-12
2_1333.mat,2.75041e-06
2_1334.mat,0.00211667
2_1335.mat,0.00105135
2_1336.mat,0.00537446
2_1337.mat,0.262343
2_1338.mat,8.80584e-09
2_1339.mat,0.000111193
2_1340.mat,0.037076
2_1341.mat,0.00212585
2_1342.mat,5.29135e-05
2_1343.mat,2.28909e-11
2_1344.mat,1.23096e-05
2_1345.mat,1.30832e-05
2_1346.mat,0.000472197
2_1347.mat,0.00239867
2_1348.mat,0.0102527
2_1349.mat,0.000778406
2_1350.mat,0.00424695
2_1351.mat,1.42689e-14
2_1352.mat,6.14814e-06
2_1353.mat,0.0280625
2_1354.mat,0.0279195
2_1355.mat,0.000103689
2_1356.mat,2.9673e-19
2_1357.mat,0.0193248
2_1358.mat,0.00979276
2_1359.mat,7.83482e-06
2_1360.mat,0.0164901
2_1361.mat,6.22989e-17
2_1362.mat,0.0281468
2_1363.mat,0.0816669
2_1364.mat,0.000711601
2_1365.mat,2.96122e-12
2_1366.mat,2.36758e-19
2_1367.mat,4.71518e-12
2_1368.mat,0.0205329
2_1369.mat,0.0277172
2_1370.mat,6.33189e-05
2_1371.mat,0.00140759
2_1372.mat,2.86825e-23
2_1373.mat,0.00012704
2_1374.mat,0.000738123
2_1375.mat,0.0114473
2_1376.mat,0.00981679
2_1377.mat,0.00082108
2_1378.mat,5.84733e-05
2_1379.mat,1.22118e-13
2_1380.mat,8.74737e-05
2_1381.mat,0.00595561
2_1382.mat,0.0467965
2_1383.mat,2.59304e-10
2_1384.mat,0.0117482
2_1385.mat,0.000488073
2_1386.mat,0.039899
2_1387.mat,0.0240093
2_1388.mat,0.120592
2_1389.mat,0.00971769
2_1390.mat,4.00481e-05
2_1391.mat,2.75848e-05
2_1392.mat,0.00372743
2_1393.mat,6.1535e-05
2_1394.mat,0.000736286
2_1395.mat,0.273203
2_1396.mat,8.9258e-11
2_1397.mat,0.000275223
2_1398.mat,0.0289244
2_1399.mat,0.739693
2_1400.mat,5.17887e-05
2_1401.mat,0.0529715
2_1402.mat,0.000140247
2_1403.mat,1.65355e-05
2_1404.mat,0.0045234
2_1405.mat,0.000750743
2_1406.mat,1.592e-25
2_1407.mat,7.0504e-05
2_1408.mat,0.000547064
2_1409.mat,0.00102722
2_1410.mat,1.58715e-05
2_1411.mat,0.000147581
2_1412.mat,0.0302325
2_1413.mat,1.1075e-05
2_1414.mat,0.000140794
2_1415.mat,9.61144e-05
2_1416.mat,7.36176e-07
2_1417.mat,0.00195276
2_1418.mat,0.306628
2_1419.mat,0.00179838
2_1420.mat,0.00496807
2_1421.mat,0.00324833
2_1422.mat,1.20176e-27
2_1423.mat,8.48318e-05
2_1424.mat,0.00581571
2_1425.mat,0.0336652
2_1426.mat,0.135421
2_1427.mat,0.00371237
2_1428.mat,0.000645564
2_1429.mat,0.00255414
2_1430.mat,6.00399e-05
2_1431.mat,0.000340616
2_1432.mat,0.0428688
2_1433.mat,0.00173517
2_1434.mat,5.42578e-05
2_1435.mat,0.0698503
2_1436.mat,0.00610393
2_1437.mat,1.07488e-05
2_1438.mat,2.53461e-15
2_1439.mat,0.00026151
2_1440.mat,5.25477e-05
2_1441.mat,0.000325933
2_1442.mat,0.0622944
2_1443.mat,0.00444728
2_1444.mat,1.25307e-10
2_1445.mat,0.000485672
2_1446.mat,1.62236e-07
2_1447.mat,0.0235812
2_1448.mat,0.00748991
2_1449.mat,0.00156724
2_1450.mat,0.0359508
2_1451.mat,0.0199306
2_1452.mat,0.040036
2_1453.mat,0.000735401
2_1454.mat,0.00097236
2_1455.mat,0.016308
2_1456.mat,0.0151807
2_1457.mat,0.000107877
2_1458.mat,0.000270358
2_1459.mat,0.000934585
2_1460.mat,6.32187e-06
2_1461.mat,0.00871113
2_1462.mat,0.00261425
2_1463.mat,0.00461689
2_1464.mat,0.000107038
2_1465.mat,0.00592923
2_1466.mat,6.69561e-05
2_1467.mat,0.000217355
2_1468.mat,0.0025925
2_1469.mat,3.54803e-05
2_1470.mat,2.92769e-15
2_1471.mat,1.0119e-06
2_1472.mat,0.0109477
2_1473.mat,0.0122946
2_1474.mat,1.4696e-06
2_1475.mat,2.70432e-06
2_1476.mat,0.00365071
2_1477.mat,0.0197525
2_1478.mat,1.67659e-05
2_1479.mat,0.227342
2_1480.mat,0.0362653
2_1481.mat,0.0188229
2_1482.mat,2.40997e-05
2_1483.mat,1.05916e-05
2_1484.mat,0.000621171
2_1485.mat,0.000575374
2_1486.mat,7.27441e-10
2_1487.mat,9.47671e-05
2_1488.mat,0.000139246
2_1489.mat,0.00187725
2_1490.mat,0.00179134
2_1491.mat,2.76191e-05
2_1492.mat,0.000123905
2_1493.mat,0.0291794
2_1494.mat,0.079899
2_1495.mat,1.83515e-05
2_1496.mat,0.00142193
2_1497.mat,1.87432e-05
2_1498.mat,0.0220659
2_1499.mat,0.000227087
2_1500.mat,0.0104542
2_1501.mat,0.00232296
2_1502.mat,0.000936216
2_1503.mat,7.27931e-06
2_1504.mat,0.0507407
2_1505.mat,0.000655087
2_1506.mat,0.000838079
2_1507.mat,2.17332e-08
2_1508.mat,3.22901e-16
2_1509.mat,3.41026e-10
2_1510.mat,0.0410917
2_1511.mat,0.00196249
2_1512.mat,1.60436e-13
2_1513.mat,0.000233517
2_1514.mat,2.70929e-05
2_1515.mat,0.00169712
2_1516.mat,6.01394e-10
2_1517.mat,0.00294215
2_1518.mat,0.00288339
2_1519.mat,0.000200926
2_1520.mat,0.000985811
2_1521.mat,0.00365263
2_1522.mat,0.00398569
2_1523.mat,0.00831021
2_1524.mat,0.000980048
2_1525.mat,0.00393799
2_1526.mat,0.00312734
2_1527.mat,0.0497662
2_1528.mat,0.00371629
2_1529.mat,0.00128691
2_1530.mat,0.00106867
2_1531.mat,0.00768594
2_1532.mat,0.0107056
2_1533.mat,0.000114696
2_1534.mat,0.000956099
2_1535.mat,0.00120873
2_1536.mat,0.0057849
2_1537.mat,0.000208655
2_1538.mat,5.40605e-05
2_1539.mat,1.15208e-05
2_1540.mat,0.0135593
2_1541.mat,0.000480624
2_1542.mat,0.304473
2_1543.mat,0.000866681
2_1544.mat,0.00460387
2_1545.mat,0.00146215
2_1546.mat,1.46778e-05
2_1547.mat,3.83601e-19
2_1548.mat,0.00190707
2_1549.mat,0.000486256
2_1550.mat,2.93835e-05
2_1551.mat,0.00119701
2_1552.mat,1.94418e-05
2_1553.mat,0.0635801
2_1554.mat,0.000917533
2_1555.mat,0.000991695
2_1556.mat,8.03057e-05
2_1557.mat,0.000235232
2_1558.mat,0.000394861
2_1559.mat,0.00199774
2_1560.mat,0.000219749
2_1561.mat,8.61526e-07
2_1562.mat,0.000114922
2_1563.mat,0.000335071
2_1564.mat,0.00318126
2_1565.mat,0.346128
2_1566.mat,1.37161e-12
2_1567.mat,2.94107e-05
2_1568.mat,2.80503e-08
2_1569.mat,0.0041887
2_1570.mat,2.11225e-05
2_1571.mat,3.32893e-33
2_1572.mat,3.03731e-05
2_1573.mat,4.12089e-07
2_1574.mat,8.87011e-12
2_1575.mat,0.000541938
2_1576.mat,0.110073
2_1577.mat,0.00173539
2_1578.mat,5.61454e-06
2_1579.mat,0.000251127
2_1580.mat,0.00475274
2_1581.mat,1.03983e-10
2_1582.mat,0.113144
2_1583.mat,0.0542221
2_1584.mat,4.61034e-12
2_1585.mat,0.0150334
2_1586.mat,0.00517818
2_1587.mat,0.00958555
2_1588.mat,0.00296475
2_1589.mat,0.000172607
2_1590.mat,0.0012766
2_1591.mat,0.00201458
2_1592.mat,0.0193716
2_1593.mat,0.000449157
2_1594.mat,0.0810206
2_1595.mat,0.0898048
2_1596.mat,0.000113741
2_1597.mat,0.00103379
2_1598.mat,0.00367477
2_1599.mat,0.0010197
2_1600.mat,2.54118e-06
2_1601.mat,0.00330958
2_1602.mat,0.000343229
2_1603.mat,4.38038e-06
2_1604.mat,3.56889e-09
2_1605.mat,0.0493569
2_1606.mat,7.76384e-05
2_1607.mat,0.000577622
2_1608.mat,2.25244e-05
2_1609.mat,6.5157e-05
2_1610.mat,6.06618e-05
2_1611.mat,6.35943e-13
2_1612.mat,6.00461e-05
2_1613.mat,0.00477627
2_1614.mat,2.01095e-11
2_1615.mat,0.00967512
2_1616.mat,3.16187e-13
2_1617.mat,0.000241063
2_1618.mat,2.22284e-12
2_1619.mat,7.65994e-05
2_1620.mat,0.000281565
2_1621.mat,0.000981238
2_1622.mat,2.48224e-05
2_1623.mat,0.00967052
2_1624.mat,0.304473
2_1625.mat,7.83445e-06
2_1626.mat,0.210741
2_1627.mat,8.65852e-12
2_1628.mat,0.0492335
2_1629.mat,0.0136203
2_1630.mat,0.000353346
2_1631.mat,0.00204057
2_1632.mat,8.57917e-23
2_1633.mat,0.421328
2_1634.mat,0.165248
2_1635.mat,1.49362e-18
2_1636.mat,0.000364944
2_1637.mat,0.00142341
2_1638.mat,5.08224e-05
2_1639.mat,1.93064e-06
2_1640.mat,0.000153851
2_1641.mat,8.52651e-05
2_1642.mat,0.000339308
2_1643.mat,0.158847
2_1644.mat,8.34632e-05
2_1645.mat,0.000945038
2_1646.mat,7.29284e-06
2_1647.mat,0.0178481
2_1648.mat,0.000872095
2_1649.mat,0.000521804
2_1650.mat,0.000220449
2_1651.mat,0.0103262
2_1652.mat,0.00591042
2_1653.mat,7.55074e-20
2_1654.mat,8.60249e-05
2_1655.mat,0.0100052
2_1656.mat,0.00752566
2_1657.mat,0.0301551
2_1658.mat,0.00650147
2_1659.mat,1.81886e-05
2_1660.mat,7.72414e-07
2_1661.mat,0.025873
2_1662.mat,0.00362204
2_1663.mat,0.134036
2_1664.mat,0.0515928
2_1665.mat,0.0454548
2_1666.mat,1.45703e-06
2_1667.mat,0.00199406
2_1668.mat,0.0312423
2_1669.mat,0.304473
2_1670.mat,0.0136965
2_1671.mat,0.0345471
2_1672.mat,0.00095418
2_1673.mat,4.44284e-06
2_1674.mat,0.00838647
2_1675.mat,0.000360328
2_1676.mat,0.0420935
2_1677.mat,8.69194e-05
2_1678.mat,0.00273091
2_1679.mat,0.000874605
2_1680.mat,6.02706e-05
2_1681.mat,0.00011072
2_1682.mat,0.020449
2_1683.mat,0.00858414
2_1684.mat,4.49626e-10
2_1685.mat,8.89172e-05
2_1686.mat,0.000704785
2_1687.mat,0.00308995
2_1688.mat,0.000137447
2_1689.mat,2.87612e-05
2_1690.mat,1.7545e-05
2_1691.mat,0.000936132
2_1692.mat,5.68169e-05
2_1693.mat,0.000400511
2_1694.mat,0.00462098
2_1695.mat,0.00662795
2_1696.mat,3.25085e-09
2_1697.mat,0.000270322
2_1698.mat,0.00732486
2_1699.mat,0.00111967
2_1700.mat,0.019687
2_1701.mat,0.000759571
2_1702.mat,0.00094307
2_1703.mat,0.0360751
2_1704.mat,2.57263e-06
2_1705.mat,0.0109077
2_1706.mat,0.00740923
2_1707.mat,0.00292963
2_1708.mat,0.00111291
2_1709.mat,2.03583e-16
2_1710.mat,0.000811094
2_1711.mat,0.0177396
2_1712.mat,0.00178009
2_1713.mat,0.105363
2_1714.mat,0.000108999
2_1715.mat,1.72917e-21
2_1716.mat,0.0374979
2_1717.mat,0.0018191
2_1718.mat,0.000295922
2_1719.mat,0.00231107
2_1720.mat,7.0698e-05
2_1721.mat,0.000980887
2_1722.mat,0.00152554
2_1723.mat,0.000848869
2_1724.mat,0.00319595
2_1725.mat,0.000597164
2_1726.mat,0.0585554
2_1727.mat,1.40195e-12
2_1728.mat,2.0808e-13
2_1729.mat,4.50417e-05
2_1730.mat,6.46972e-05
2_1731.mat,0.00533332
2_1732.mat,0.000766102
2_1733.mat,0.00026678
2_1734.mat,0.00309988
2_1735.mat,2.66331e-05
2_1736.mat,0.00041701
2_1737.mat,0.00315296
2_1738.mat,0.0749736
2_1739.mat,0.00807675
2_1740.mat,1.53231e-11
2_1741.mat,0.0241755
2_1742.mat,7.75203e-06
2_1743.mat,0.00176288
2_1744.mat,3.33284e-10
2_1745.mat,2.27207e-08
2_1746.mat,0.0924982
2_1747.mat,1.60265e-05
2_1748.mat,3.93555e-19
2_1749.mat,3.56866e-05
2_1750.mat,0.000281358
2_1751.mat,0.000162688
2_1752.mat,0.00870716
2_1753.mat,0.000367793
2_1754.mat,0.000388237
2_1755.mat,0.00495777
2_1756.mat,0.00802116
2_1757.mat,0.291588
2_1758.mat,6.8659e-05
2_1759.mat,0.122074
2_1760.mat,0.000199188
2_1761.mat,2.18578e-05
2_1762.mat,0.000117148
2_1763.mat,0.018003
2_1764.mat,0.0111191
2_1765.mat,1.73718e-23
2_1766.mat,0.00432364
2_1767.mat,0.0377413
2_1768.mat,0.000489833
2_1769.mat,1.20535e-08
2_1770.mat,0.00396789
2_1771.mat,0.00385491
2_1772.mat,0.00214395
2_1773.mat,0.0854511
2_1774.mat,0.000748718
2_1775.mat,0.00395817
2_1776.mat,0.000894947
2_1777.mat,0.000660668
2_1778.mat,2.24434e-15
2_1779.mat,0.000155179
2_1780.mat,0.000617247
2_1781.mat,0.0160814
2_1782.mat,0.000740543
2_1783.mat,2.00356e-05
2_1784.mat,0.0698436
2_1785.mat,0.00025641
2_1786.mat,0.000555999
2_1787.mat,0.000510275
2_1788.mat,0.304473
2_1789.mat,0.00696791
2_1790.mat,0.0375529
2_1791.mat,6.20149e-06
2_1792.mat,0.043736
2_1793.mat,0.0053438
2_1794.mat,0.00044195
2_1795.mat,0.00168789
2_1796.mat,0.000282684
2_1797.mat,0.000697525
2_1798.mat,2.2441e-11
2_1799.mat,0.000364746
2_1800.mat,0.0542175
2_1801.mat,0.00312559
2_1802.mat,0.00019038
2_1803.mat,8.31595e-05
2_1804.mat,0.303154
2_1805.mat,0.000826004
2_1806.mat,0.0302323
2_1807.mat,0.000937199
2_1808.mat,0.00264901
2_1809.mat,7.48796e-06
2_1810.mat,1.38653e-05
2_1811.mat,0.00241018
2_1812.mat,0.0104537
2_1813.mat,0.0470278
2_1814.mat,0.108212
2_1815.mat,0.00745112
2_1816.mat,0.000126042
2_1817.mat,0.0187322
2_1818.mat,0.000118011
2_1819.mat,0.0236774
2_1820.mat,1.72071e-06
2_1821.mat,5.46459e-05
2_1822.mat,0.000846387
2_1823.mat,0.00641545
2_1824.mat,0.000276133
2_1825.mat,2.74703e-06
2_1826.mat,0.0236044
2_1827.mat,0.0207233
2_1828.mat,3.24426e-05
2_1829.mat,0.001464
2_1830.mat,0.0461583
2_1831.mat,0.0341566
2_1832.mat,0.0208787
2_1833.mat,0.0010115
2_1834.mat,0.00146983
2_1835.mat,0.00722688
2_1836.mat,0.303238
2_1837.mat,0.00161567
2_1838.mat,0.000737028
2_1839.mat,0.000848127
2_1840.mat,9.39485e-15
2_1841.mat,0.304473
2_1842.mat,1.27665e-07
2_1843.mat,0.00230249
2_1844.mat,0.000907606
2_1845.mat,0.000165138
2_1846.mat,0.000299071
2_1847.mat,0.00192665
2_1848.mat,8.76179e-05
2_1849.mat,0.00315085
2_1850.mat,0.00764515
2_1851.mat,0.0359761
2_1852.mat,0.00599311
2_1853.mat,0.00352313
2_1854.mat,1.43484e-07
2_1855.mat,0.00445232
2_1856.mat,0.00258148
2_1857.mat,0.00196115
2_1858.mat,0.00136581
2_1859.mat,0.0157781
2_1860.mat,0.000667175
2_1861.mat,8.68433e-05
2_1862.mat,1.58971e-17
2_1863.mat,0.000440784
2_1864.mat,0.000165546
2_1865.mat,0.0374389
2_1866.mat,2.42851e-05
2_1867.mat,0.00613073
2_1868.mat,0.00360525
2_1869.mat,0.00931375
2_1870.mat,0.0200364
2_1871.mat,0.020586
2_1872.mat,7.30466e-05
2_1873.mat,0.00418356
2_1874.mat,0.000641241
2_1875.mat,0.00115226
2_1876.mat,0.000423217
2_1877.mat,0.0177911
2_1878.mat,0.0149271
2_1879.mat,3.65947e-05
2_1880.mat,0.0557675
2_1881.mat,0.000655459
2_1882.mat,0.000841843
2_1883.mat,0.00342673
2_1884.mat,0.000127501
2_1885.mat,0.00536778
2_1886.mat,0.00142525
2_1887.mat,0.00764865
2_1888.mat,9.50818e-09
2_1889.mat,3.41548e-06
2_1890.mat,0.000231918
2_1891.mat,0.0156402
2_1892.mat,0.00524136
2_1893.mat,0.0141509
2_1894.mat,0.000245884
2_1895.mat,4.95813e-05
2_1896.mat,0.00442014
2_1897.mat,2.13636e-05
2_1898.mat,0.000218817
2_1899.mat,0.0172776
2_1900.mat,0.000327612
2_1901.mat,0.304473
2_1902.mat,0.00202021
2_1903.mat,0.00402958
2_1904.mat,0.0023365
2_1905.mat,1.30084e-13
2_1906.mat,0.000307649
2_1907.mat,0.000278156
2_1908.mat,1.19105e-12
2_1909.mat,0.00614429
2_1910.mat,6.01647e-06
2_1911.mat,0.000262645
2_1912.mat,2.96257e-05
2_1913.mat,0.278505
2_1914.mat,0.00221673
2_1915.mat,0.000547967
2_1916.mat,0.00123772
2_1917.mat,4.43449e-23
2_1918.mat,7.15452e-05
2_1919.mat,0.0013747
2_1920.mat,4.97141e-05
2_1921.mat,0.0548722
2_1922.mat,0.000214301
2_1923.mat,0.00484594
2_1924.mat,0.000169659
2_1925.mat,0.000755434
2_1926.mat,0.00693922
2_1927.mat,0.000236697
2_1928.mat,2.14557e-05
2_1929.mat,4.5944e-17
2_1930.mat,2.88661e-05
2_1931.mat,8.62899e-05
2_1932.mat,0.229178
2_1933.mat,0.0172891
2_1934.mat,0.00746717
2_1935.mat,0.0292011
2_1936.mat,3.46264e-05
2_1937.mat,4.79435e-08
2_1938.mat,0.104756
2_1939.mat,0.00055997
2_1940.mat,0.304473
2_1941.mat,0.000149427
2_1942.mat,0.0415823
2_1943.mat,0.0150506
2_1944.mat,0.00234939
2_1945.mat,0.00597576
2_1946.mat,0.01661
2_1947.mat,0.0692817
2_1948.mat,0.000443307
2_1949.mat,1.41654e-27
2_1950.mat,1.45617e-05
2_1951.mat,6.14539e-05
2_1952.mat,0.000992593
2_1953.mat,0.007223
2_1954.mat,5.62983e-13
2_1955.mat,0.00668847
2_1956.mat,0.0070528
2_1957.mat,0.000221512
2_1958.mat,3.05131e-05
2_1959.mat,3.47107e-06
2_1960.mat,0.0572082
2_1961.mat,1.04831e-12
2_1962.mat,0.00138605
2_1963.mat,0.000214672
2_1964.mat,0.00188686
2_1965.mat,1.78223e-06
2_1966.mat,5.68988e-17
2_1967.mat,0.0569208
2_1968.mat,0.00106028
2_1969.mat,2.00529e-10
2_1970.mat,0.00562957
2_1971.mat,1.88526e-17
2_1972.mat,0.000562512
2_1973.mat,8.50993e-09
2_1974.mat,3.84786e-05
2_1975.mat,0.00044091
2_1976.mat,8.80118e-30
2_1977.mat,0.000750928
2_1978.mat,2.24485e-22
2_1979.mat,6.36763e-07
2_1980.mat,0.0120757
2_1981.mat,4.27263e-12
2_1982.mat,5.98025e-14
2_1983.mat,0.0136863
2_1984.mat,1.49747e-12
2_1985.mat,0.0143013
2_1986.mat,0.174683
2_1987.mat,0.286544
2_1988.mat,0.000811267
2_1989.mat,0.000350254
2_1990.mat,0.000168337
2_1991.mat,0.000155219
2_1992.mat,1.94495e-07
2_1993.mat,0.00106221
2_1994.mat,0.208773
2_1995.mat,0.0184667
2_1996.mat,0.0139659
2_1997.mat,0.0597172
2_1998.mat,2.20643e-05
2_1999.mat,0.00580446
2_2000.mat,0.0013566
2_2001.mat,0.00478886
2_2002.mat,5.81261e-05
2_2003.mat,8.67506e-05
2_2004.mat,0.00162177
2_2005.mat,0.00262824
2_2006.mat,1.70408e-05
2_2007.mat,0.00235408
2_2008.mat,9.20995e-06
2_2009.mat,0.00103426
2_2010.mat,0.304473
2_2011.mat,0.000310651
2_2012.mat,5.67796e-07
2_2013.mat,1.48704e-05
2_2014.mat,0.000103838
2_2015.mat,0.00181422
2_2016.mat,0.00912482
2_2017.mat,0.000129466
2_2018.mat,0.000341814
2_2019.mat,0.000103774
2_2020.mat,0.000387444
2_2021.mat,3.3389e-13
2_2022.mat,1.14054e-07
2_2023.mat,3.77923e-06
2_2024.mat,0.0726883
2_2025.mat,0.00288156
2_2026.mat,0.175958
2_2027.mat,0.0184667
2_2028.mat,0.022567
2_2029.mat,0.00114471
2_2030.mat,2.71033e-22
2_2031.mat,0.00439583
2_2032.mat,0.0128461
2_2033.mat,0.0031083
2_2034.mat,0.00153244
2_2035.mat,3.01671e-05
2_2036.mat,0.304473
2_2037.mat,0.304473
2_2038.mat,7.14466e-05
2_2039.mat,0.00573952
2_2040.mat,0.00035209
2_2041.mat,0.000469785
2_2042.mat,0.010035
2_2043.mat,0.0180969
2_2044.mat,0.0158653
2_2045.mat,0.000504093
2_2046.mat,3.41249e-06
2_2047.mat,7.97707e-06
2_2048.mat,6.76839e-05
2_2049.mat,1.35581e-05
2_2050.mat,0.00453028
2_2051.mat,0.0225278
2_2052.mat,3.49029e-05
2_2053.mat,4.09414e-05
2_2054.mat,8.67122e-16
2_2055.mat,0.000128292
2_2056.mat,7.1575e-15
2_2057.mat,0.00685027
2_2058.mat,4.63067e-05
2_2059.mat,0.304473
2_2060.mat,0.00255674
2_2061.mat,0.00065295
2_2062.mat,0.00694381
2_2063.mat,0.00700398
2_2064.mat,0.0200835
2_2065.mat,0.0568416
2_2066.mat,0.000123915
2_2067.mat,0.00127581
2_2068.mat,0.00691667
2_2069.mat,6.55406e-11
2_2070.mat,0.00413035
2_2071.mat,0.00105177
2_2072.mat,0.0330139
2_2073.mat,3.11512e-05
2_2074.mat,0.0285334
2_2075.mat,9.04846e-06
2_2076.mat,0.301303
2_2077.mat,0.00261896
2_2078.mat,0.00269579
2_2079.mat,0.00271556
2_2080.mat,0.00503076
2_2081.mat,9.11932e-10
2_2082.mat,0.0381828
2_2083.mat,1.60946e-05
2_2084.mat,0.0014679
2_2085.mat,0.00206231
2_2086.mat,0.00158781
2_2087.mat,6.97409e-27
2_2088.mat,7.0285e-05
2_2089.mat,0.00417604
2_2090.mat,0.0342082
2_2091.mat,0.000270601
2_2092.mat,0.000125207
2_2093.mat,5.06379e-06
2_2094.mat,3.0121e-05
2_2095.mat,2.63056e-05
2_2096.mat,6.01542e-05
2_2097.mat,0.00245185
2_2098.mat,0.00852126
2_2099.mat,2.9793e-15
2_2100.mat,9.25714e-06
2_2101.mat,0.00234808
2_2102.mat,7.93093e-18
2_2103.mat,0.0208763
2_2104.mat,0.0143097
2_2105.mat,0.000558102
2_2106.mat,4.93293e-14
2_2107.mat,4.85318e-05
2_2108.mat,4.79859e-07
2_2109.mat,2.9234e-06
2_2110.mat,0.00772351
2_2111.mat,0.00131498
2_2112.mat,0.000755524
2_2113.mat,0.000367767
2_2114.mat,5.53701e-06
2_2115.mat,0.0363224
2_2116.mat,0.00112553
2_2117.mat,0.00543497
2_2118.mat,0.0421215
2_2119.mat,0.023856
2_2120.mat,0.0954926
2_2121.mat,0.000884319
2_2122.mat,5.43174e-09
2_2123.mat,6.0511e-09
2_2124.mat,3.41857e-13
2_2125.mat,4.04446e-05
2_2126.mat,0.000279268
2_2127.mat,0.00936834
2_2128.mat,0.0224004
2_2129.mat,0.0032365
2_2130.mat,0.0375751
2_2131.mat,3.12689e-07
2_2132.mat,0.00204271
2_2133.mat,0.00515743
2_2134.mat,0.00247809
2_2135.mat,2.00537e-05
2_2136.mat,0.0147059
2_2137.mat,8.07855e-05
2_2138.mat,0.0473241
2_2139.mat,0.0033944
2_2140.mat,0.00122893
2_2141.mat,1.75227e-14
2_2142.mat,0.000742127
2_2143.mat,1.14696e-06
2_2144.mat,2.96133e-25
2_2145.mat,0.00227267
2_2146.mat,0.1071
2_2147.mat,0.00175398
2_2148.mat,0.0013107
2_2149.mat,0.00104026
2_2150.mat,0.00679345
2_2151.mat,9.57587e-05
2_2152.mat,0.00331795
2_2153.mat,0.0124957
2_2154.mat,0.0028531
2_2155.mat,0.00418314
2_2156.mat,0.00728101
2_2157.mat,0.000885559
2_2158.mat,0.0004106
2_2159.mat,0.000352908
2_2160.mat,0.00192364
2_2161.mat,0.0208116
2_2162.mat,2.60108e-05
2_2163.mat,0.00250669
2_2164.mat,0.0282575
2_2165.mat,0.00100824
2_2166.mat,4.48968e-14
2_2167.mat,0.00109264
2_2168.mat,0.000373893
2_2169.mat,0.000947836
2_2170.mat,0.000991423
2_2171.mat,8.3154e-05
2_2172.mat,0.0340069
2_2173.mat,0.00124435
2_2174.mat,0.00530302
2_2175.mat,6.40255e-05
2_2176.mat,0.000278277
2_2177.mat,0.00180844
2_2178.mat,0.000167637
2_2179.mat,0.000970789
2_2180.mat,0.00334336
2_2181.mat,1.50772e-06
2_2182.mat,1.238e-05
2_2183.mat,2.2093e-11
2_2184.mat,0.0012863
2_2185.mat,0.00880067
2_2186.mat,0.00054733
2_2187.mat,0.0117617
2_2188.mat,0.00216369
2_2189.mat,7.46142e-11
2_2190.mat,0.0010776
2_2191.mat,0.000647938
2_2192.mat,5.34184e-09
2_2193.mat,0.0540773
2_2194.mat,0.0101413
2_2195.mat,0.00974571
2_2196.mat,0.000183795
2_2197.mat,9.91514e-05
2_2198.mat,0.000198436
2_2199.mat,0.00181846
2_2200.mat,0.0048452
2_2201.mat,0.000882185
2_2202.mat,0.00340243
2_2203.mat,7.64592e-13
2_2204.mat,1.81377e-16
2_2205.mat,1.21034e-08
2_2206.mat,0.0769432
2_2207.mat,0.182726
2_2208.mat,2.75925e-26
2_2209.mat,0.00050345
2_2210.mat,0.125329
2_2211.mat,6.78456e-05
2_2212.mat,0.000198844
2_2213.mat,5.95871e-07
2_2214.mat,0.00284564
2_2215.mat,0.00381041
2_2216.mat,0.00327905
2_2217.mat,0.000305513
2_2218.mat,0.000218218
2_2219.mat,0.0052747
2_2220.mat,0.000117807
2_2221.mat,0.000138986
2_2222.mat,0.00315574
2_2223.mat,0.0402964
2_2224.mat,0.00305386
2_2225.mat,0.297423
2_2226.mat,0.00520329
2_2227.mat,0.0221273
2_2228.mat,5.83366e-10
2_2229.mat,0.00254196
2_2230.mat,1.32196e-05
2_2231.mat,1.13962e-27
2_2232.mat,0.000675671
2_2233.mat,3.23845e-09
2_2234.mat,2.26429e-06
2_2235.mat,0.00291349
2_2236.mat,0.0019867
2_2237.mat,8.10305e-05
2_2238.mat,0.0538545
2_2239.mat,0.0303156
2_2240.mat,0.000473409
2_2241.mat,0.000239001
2_2242.mat,2.1591e-06
2_2243.mat,7.05276e-10
2_2244.mat,1.15263e-11
2_2245.mat,1.39005e-05
2_2246.mat,0.0748182
2_2247.mat,0.0084477
2_2248.mat,0.00632246
2_2249.mat,8.34765e-05
2_2250.mat,2.14005e-06
2_2251.mat,0.0096207
2_2252.mat,0.000504304
2_2253.mat,9.76114e-12
2_2254.mat,0.00422204
2_2255.mat,6.58087e-05
2_2256.mat,0.00152042
