3_1.mat,0.000334565
3_2.mat,1.0
3_3.mat,0.00160039
3_4.mat,4.93566e-11
3_5.mat,0.999971
3_6.mat,0.999986
3_7.mat,0.953991
3_8.mat,0.320521
3_9.mat,1.0
3_10.mat,0.198944
3_11.mat,1.19542e-06
3_12.mat,0.000290286
3_13.mat,5.86185e-18
3_14.mat,0.998196
3_15.mat,1.7334e-31
3_16.mat,1.0
3_17.mat,0.979021
3_18.mat,0.802293
3_19.mat,0.987535
3_20.mat,0.139558
3_21.mat,0.999998
3_22.mat,0.992707
3_23.mat,2.7331e-18
3_24.mat,0.000226665
3_25.mat,3.22402e-14
3_26.mat,0.998333
3_27.mat,0.16016
3_28.mat,0.645432
3_29.mat,6.0609e-11
3_30.mat,0.999999
3_31.mat,0.999994
3_32.mat,0.00134634
3_33.mat,3.36605e-07
3_34.mat,1.10674e-16
3_35.mat,0.991064
3_36.mat,0.745702
3_37.mat,0.13943
3_38.mat,0.814167
3_39.mat,2.51653e-11
3_40.mat,7.73314e-05
3_41.mat,8.54835e-18
3_42.mat,0.7369
3_43.mat,2.60575e-10
3_44.mat,0.978506
3_45.mat,0.0226733
3_46.mat,1.63605e-22
3_47.mat,8.45368e-10
3_48.mat,0.0649334
3_49.mat,2.24467e-21
3_50.mat,1.82992e-06
3_51.mat,4.94482e-14
3_52.mat,9.33609e-38
3_53.mat,0.0339785
3_54.mat,0.877486
3_55.mat,1.0
3_56.mat,1.33886e-09
3_57.mat,0.431098
3_58.mat,0.999999
3_59.mat,2.01988e-13
3_60.mat,0.17555
3_61.mat,0.998325
3_62.mat,1.67224e-07
3_63.mat,0.994738
3_64.mat,1.0
3_65.mat,0.177755
3_66.mat,0.977422
3_67.mat,1.31359e-06
3_68.mat,5.8189e-20
3_69.mat,7.79214e-06
3_70.mat,1.20293e-23
3_71.mat,2.11398e-05
3_72.mat,1.71107e-26
3_73.mat,0.0647712
3_74.mat,0.705411
3_75.mat,6.9415e-07
3_76.mat,0.824552
3_77.mat,0.000963107
3_78.mat,5.06137e-17
3_79.mat,1.0
3_80.mat,7.17189e-16
3_81.mat,0.535338
3_82.mat,4.59508e-11
3_83.mat,0.223804
3_84.mat,1.0
3_85.mat,3.42608e-12
3_86.mat,0.000250583
3_87.mat,5.22293e-08
3_88.mat,1.67454e-09
3_89.mat,1.0
3_90.mat,0.599866
3_91.mat,0.522242
3_92.mat,1.73598e-06
3_93.mat,3.92349e-07
3_94.mat,0.005041
3_95.mat,0.999322
3_96.mat,0.0110976
3_97.mat,0.985881
3_98.mat,0.984984
3_99.mat,1.0
3_100.mat,0.999987
3_101.mat,0.531107
3_102.mat,1.0
3_103.mat,1.62453e-07
3_104.mat,2.3533e-07
3_105.mat,1.0
3_106.mat,3.24764e-05
3_107.mat,1.0
3_108.mat,6.53385e-12
3_109.mat,1.30771e-16
3_110.mat,2.55877e-15
3_111.mat,2.71285e-23
3_112.mat,0.545907
3_113.mat,0.0283044
3_114.mat,4.43858e-07
3_115.mat,1.13066e-10
3_116.mat,2.73576e-32
3_117.mat,0.998706
3_118.mat,0.516511
3_119.mat,2.29026e-10
3_120.mat,0.999988
3_121.mat,8.60524e-08
3_122.mat,0.999089
3_123.mat,0.999937
3_124.mat,1.57649e-07
3_125.mat,0.999967
3_126.mat,0.61969
3_127.mat,0.999847
3_128.mat,0.999952
3_129.mat,0.0322923
3_130.mat,1.0
3_131.mat,1.0
3_132.mat,0.00335863
3_133.mat,1.0
3_134.mat,0.999997
3_135.mat,1.09126e-09
3_136.mat,1.82152e-16
3_137.mat,2.02624e-16
3_138.mat,5.10827e-06
3_139.mat,0.0126963
3_140.mat,6.24074e-09
3_141.mat,0.0452246
3_142.mat,1.06755e-08
3_143.mat,1.28587e-15
3_144.mat,0.0387819
3_145.mat,0.260777
3_146.mat,1.06758e-07
3_147.mat,0.653143
3_148.mat,2.7401e-12
3_149.mat,1.99742e-09
3_150.mat,0.689028
3_151.mat,1.0
3_152.mat,1.8805e-05
3_153.mat,0.999481
3_154.mat,3.82477e-18
3_155.mat,0.998968
3_156.mat,5.52631e-05
3_157.mat,9.27829e-05
3_158.mat,6.58674e-24
3_159.mat,1.0
3_160.mat,4.10818e-06
3_161.mat,1.0
3_162.mat,4.92157e-05
3_163.mat,0.97387
3_164.mat,0.999986
3_165.mat,5.20266e-06
3_166.mat,0.953853
3_167.mat,8.12918e-18
3_168.mat,0.999016
3_169.mat,0.974304
3_170.mat,3.84169e-07
3_171.mat,2.17939e-20
3_172.mat,0.713606
3_173.mat,0.930333
3_174.mat,1.0
3_175.mat,1.0
3_176.mat,0.992323
3_177.mat,0.999754
3_178.mat,1.69561e-13
3_179.mat,8.10023e-18
3_180.mat,0.999999
3_181.mat,4.44237e-13
3_182.mat,5.36988e-12
3_183.mat,5.25364e-22
3_184.mat,7.89935e-12
3_185.mat,7.41669e-24
3_186.mat,0.999967
3_187.mat,2.7339e-08
3_188.mat,2.71027e-13
3_189.mat,0.645834
3_190.mat,0.990111
3_191.mat,1.0
3_192.mat,2.47312e-18
3_193.mat,1.86377e-05
3_194.mat,1.0
3_195.mat,0.999968
3_196.mat,0.999659
3_197.mat,0.105744
3_198.mat,0.999932
3_199.mat,2.95119e-14
3_200.mat,4.841e-17
3_201.mat,0.807544
3_202.mat,0.103383
3_203.mat,0.000732337
3_204.mat,3.30542e-18
3_205.mat,1.0
3_206.mat,0.98707
3_207.mat,7.58005e-35
3_208.mat,5.59265e-14
3_209.mat,1.78162e-12
3_210.mat,0.871123
3_211.mat,1.4013e-45
3_212.mat,3.44437e-10
3_213.mat,4.13622e-05
3_214.mat,1.0
3_215.mat,1.0
3_216.mat,2.29363e-11
3_217.mat,2.58484e-09
3_218.mat,0.0174275
3_219.mat,0.0160496
3_220.mat,0.934361
3_221.mat,3.1102e-06
3_222.mat,0.122795
3_223.mat,1.0
3_224.mat,3.53654e-40
3_225.mat,1.0
3_226.mat,1.53018e-21
3_227.mat,0.999957
3_228.mat,2.97858e-16
3_229.mat,1.02164e-05
3_230.mat,0.100797
3_231.mat,1.24412e-06
3_232.mat,0.00427254
3_233.mat,8.17906e-11
3_234.mat,8.59349e-31
3_235.mat,8.63368e-08
3_236.mat,0.0599105
3_237.mat,1.0
3_238.mat,1.0
3_239.mat,0.95951
3_240.mat,0.0121257
3_241.mat,7.71276e-24
3_242.mat,7.26781e-17
3_243.mat,0.00070639
3_244.mat,3.36184e-16
3_245.mat,2.96375e-31
3_246.mat,0.999998
3_247.mat,0.93889
3_248.mat,0.00610107
3_249.mat,8.98353e-13
3_250.mat,1.0
3_251.mat,0.879956
3_252.mat,0.998552
3_253.mat,4.90828e-21
3_254.mat,0.375663
3_255.mat,1.68004e-23
3_256.mat,2.01026e-19
3_257.mat,0.999995
3_258.mat,1.60168e-19
3_259.mat,0.0332763
3_260.mat,3.30949e-09
3_261.mat,0.518158
3_262.mat,3.10204e-10
3_263.mat,0.999999
3_264.mat,1.60101e-06
3_265.mat,1.0
3_266.mat,0.967045
3_267.mat,0.191339
3_268.mat,1.54755e-11
3_269.mat,0.000144388
3_270.mat,3.03183e-23
3_271.mat,5.38054e-10
3_272.mat,0.996997
3_273.mat,1.23718e-25
3_274.mat,0.999991
3_275.mat,3.75266e-07
3_276.mat,5.41777e-07
3_277.mat,0.999873
3_278.mat,0.860213
3_279.mat,3.62825e-08
3_280.mat,0.999999
3_281.mat,0.822272
3_282.mat,5.33772e-15
3_283.mat,1.40199e-10
3_284.mat,1.0
3_285.mat,1.74963e-14
3_286.mat,1.99753e-18
3_287.mat,1.0
3_288.mat,0.999746
3_289.mat,0.0488982
3_290.mat,2.9537e-26
3_291.mat,2.08836e-19
3_292.mat,0.0089862
3_293.mat,0.999968
3_294.mat,1.0
3_295.mat,0.641129
3_296.mat,1.0
3_297.mat,0.000292566
3_298.mat,0.151077
3_299.mat,1.58199e-10
3_300.mat,0.955449
3_301.mat,2.86982e-05
3_302.mat,0.979461
3_303.mat,0.162822
3_304.mat,0.0676553
3_305.mat,0.431834
3_306.mat,1.0
3_307.mat,0.999977
3_308.mat,1.63962e-10
3_309.mat,1.0
3_310.mat,0.999641
3_311.mat,0.99856
3_312.mat,2.1391e-11
3_313.mat,0.999948
3_314.mat,0.0937299
3_315.mat,9.30089e-22
3_316.mat,0.120481
3_317.mat,6.78227e-08
3_318.mat,2.05478e-10
3_319.mat,1.06181e-07
3_320.mat,0.990945
3_321.mat,0.99893
3_322.mat,1.43356e-20
3_323.mat,1.98763e-06
3_324.mat,7.4744e-22
3_325.mat,1.28097e-09
3_326.mat,7.58862e-11
3_327.mat,0.460757
3_328.mat,6.87681e-16
3_329.mat,6.72063e-06
3_330.mat,0.922403
3_331.mat,0.999999
3_332.mat,1.0
3_333.mat,1.0
3_334.mat,2.27994e-13
3_335.mat,3.55235e-09
3_336.mat,1.09132e-06
3_337.mat,7.92581e-05
3_338.mat,0.999467
3_339.mat,2.37246e-10
3_340.mat,2.21606e-16
3_341.mat,0.995191
3_342.mat,1.11829e-05
3_343.mat,2.31204e-18
3_344.mat,0.999929
3_345.mat,0.0218993
3_346.mat,1.13458e-13
3_347.mat,1.74753e-13
3_348.mat,0.00430334
3_349.mat,1.95475e-07
3_350.mat,0.994331
3_351.mat,0.959007
3_352.mat,0.0243531
3_353.mat,0.000128693
3_354.mat,0.236122
3_355.mat,0.384497
3_356.mat,0.925874
3_357.mat,0.999059
3_358.mat,0.146999
3_359.mat,0.990841
3_360.mat,0.803837
3_361.mat,0.387866
3_362.mat,3.33093e-12
3_363.mat,2.48628e-11
3_364.mat,0.999984
3_365.mat,0.680181
3_366.mat,3.44067e-06
3_367.mat,0.999491
3_368.mat,1.0
3_369.mat,0.142244
3_370.mat,1.82602e-20
3_371.mat,1.0
3_372.mat,0.966286
3_373.mat,0.000350078
3_374.mat,0.00223338
3_375.mat,0.477495
3_376.mat,0.935728
3_377.mat,2.29652e-08
3_378.mat,1.0
3_379.mat,3.20162e-14
3_380.mat,3.22299e-44
3_381.mat,0.999997
3_382.mat,0.999947
3_383.mat,0.999984
3_384.mat,0.976031
3_385.mat,0.584602
3_386.mat,0.0732199
3_387.mat,0.637124
3_388.mat,1.0
3_389.mat,0.77509
3_390.mat,0.962537
3_391.mat,1.16563e-12
3_392.mat,6.92132e-13
3_393.mat,2.4777e-08
3_394.mat,0.00559916
3_395.mat,1.47176e-05
3_396.mat,2.26895e-12
3_397.mat,2.70934e-05
3_398.mat,1.60794e-26
3_399.mat,3.06121e-06
3_400.mat,0.99592
3_401.mat,5.68422e-30
3_402.mat,0.687014
3_403.mat,0.798122
3_404.mat,0.926641
3_405.mat,1.0
3_406.mat,0.00247679
3_407.mat,0.999775
3_408.mat,0.992935
3_409.mat,0.649426
3_410.mat,0.964915
3_411.mat,0.998377
3_412.mat,8.24038e-16
3_413.mat,1.18588e-05
3_414.mat,5.81065e-09
3_415.mat,1.0
3_416.mat,0.00382712
3_417.mat,0.00366707
3_418.mat,2.39545e-18
3_419.mat,3.18141e-21
3_420.mat,0.825506
3_421.mat,3.41173e-19
3_422.mat,1.30054e-20
3_423.mat,0.994888
3_424.mat,0.999978
3_425.mat,1.0
3_426.mat,8.99737e-15
3_427.mat,4.30162e-06
3_428.mat,1.37118e-14
3_429.mat,1.0
3_430.mat,0.673926
3_431.mat,0.188401
3_432.mat,0.000127442
3_433.mat,4.19622e-07
3_434.mat,2.27434e-18
3_435.mat,0.00548263
3_436.mat,0.000268971
3_437.mat,7.35825e-21
3_438.mat,0.154875
3_439.mat,5.61019e-12
3_440.mat,0.132509
3_441.mat,0.999974
3_442.mat,1.37349e-08
3_443.mat,1.10741e-12
3_444.mat,7.55935e-07
3_445.mat,0.999998
3_446.mat,0.994989
3_447.mat,3.44139e-09
3_448.mat,0.0577024
3_449.mat,3.07116e-09
3_450.mat,0.965077
3_451.mat,1.0
3_452.mat,0.0166775
3_453.mat,0.998337
3_454.mat,1.03692e-23
3_455.mat,1.0
3_456.mat,0.974079
3_457.mat,1.86291e-14
3_458.mat,0.876836
3_459.mat,5.39447e-11
3_460.mat,5.78152e-12
3_461.mat,0.833016
3_462.mat,0.975302
3_463.mat,3.09305e-05
3_464.mat,1.60952e-16
3_465.mat,1.0
3_466.mat,1.01608e-11
3_467.mat,0.983399
3_468.mat,0.405083
3_469.mat,0.998106
3_470.mat,0.999733
3_471.mat,0.998537
3_472.mat,1.85943e-10
3_473.mat,3.80644e-13
3_474.mat,4.43763e-08
3_475.mat,1.0
3_476.mat,4.72895e-16
3_477.mat,0.999509
3_478.mat,8.80143e-06
3_479.mat,3.6891e-24
3_480.mat,1.21319e-09
3_481.mat,0.997816
3_482.mat,1.0
3_483.mat,1.0
3_484.mat,0.00434749
3_485.mat,0.984814
3_486.mat,0.868127
3_487.mat,0.99876
3_488.mat,0.713268
3_489.mat,1.0
3_490.mat,7.14879e-08
3_491.mat,3.20541e-15
3_492.mat,0.99999
3_493.mat,1.0
3_494.mat,1.09554e-05
3_495.mat,0.316926
3_496.mat,0.999969
3_497.mat,1.0
3_498.mat,0.99999
3_499.mat,1.0
3_500.mat,1.17375e-07
3_501.mat,3.17304e-14
3_502.mat,0.149745
3_503.mat,2.80588e-13
3_504.mat,0.999977
3_505.mat,0.996618
3_506.mat,9.08062e-07
3_507.mat,4.94869e-26
3_508.mat,0.00116531
3_509.mat,9.81125e-13
3_510.mat,1.0
3_511.mat,5.60527e-13
3_512.mat,0.998267
3_513.mat,1.0
3_514.mat,3.16742e-09
3_515.mat,9.62475e-05
3_516.mat,3.40238e-14
3_517.mat,2.08926e-05
3_518.mat,1.0
3_519.mat,0.134546
3_520.mat,0.10854
3_521.mat,0.948114
3_522.mat,2.80268e-09
3_523.mat,1.0
3_524.mat,0.98569
3_525.mat,0.998742
3_526.mat,0.999938
3_527.mat,2.09376e-11
3_528.mat,1.92275e-23
3_529.mat,3.98023e-14
3_530.mat,0.128475
3_531.mat,2.59629e-24
3_532.mat,0.287952
3_533.mat,0.997309
3_534.mat,0.999999
3_535.mat,0.997759
3_536.mat,1.37409e-07
3_537.mat,2.53881e-08
3_538.mat,0.65424
3_539.mat,4.9561e-09
3_540.mat,1.81134e-13
3_541.mat,0.954341
3_542.mat,0.99995
3_543.mat,7.23712e-21
3_544.mat,0.999986
3_545.mat,0.145944
3_546.mat,4.48743e-15
3_547.mat,1.0
3_548.mat,7.64863e-09
3_549.mat,6.53011e-12
3_550.mat,0.0120158
3_551.mat,0.898537
3_552.mat,3.67826e-21
3_553.mat,1.0
3_554.mat,0.921112
3_555.mat,0.000987253
3_556.mat,3.46308e-10
3_557.mat,0.373033
3_558.mat,0.227464
3_559.mat,0.999916
3_560.mat,6.68876e-07
3_561.mat,0.712545
3_562.mat,0.000604732
3_563.mat,0.995343
3_564.mat,0.0825821
3_565.mat,0.999243
3_566.mat,1.72633e-30
3_567.mat,1.0
3_568.mat,0.338966
3_569.mat,5.48073e-13
3_570.mat,7.35004e-20
3_571.mat,0.000974927
3_572.mat,1.0
3_573.mat,1.0
3_574.mat,0.000715604
3_575.mat,1.52697e-12
3_576.mat,5.53555e-06
3_577.mat,1.0
3_578.mat,0.000947109
3_579.mat,1.0
3_580.mat,7.62307e-24
3_581.mat,6.66581e-08
3_582.mat,2.46723e-13
3_583.mat,0.00758957
3_584.mat,0.00182597
3_585.mat,3.11664e-15
3_586.mat,0.999982
3_587.mat,3.47424e-06
3_588.mat,6.62621e-18
3_589.mat,0.148275
3_590.mat,0.899068
3_591.mat,0.94133
3_592.mat,1.0
3_593.mat,5.4215e-14
3_594.mat,2.09469e-14
3_595.mat,2.22456e-12
3_596.mat,1.0
3_597.mat,1.37656e-05
3_598.mat,1.96797e-06
3_599.mat,0.000214875
3_600.mat,1.26631e-14
3_601.mat,1.55648e-06
3_602.mat,0.894801
3_603.mat,3.64004e-13
3_604.mat,0.998719
3_605.mat,1.12593e-30
3_606.mat,0.899684
3_607.mat,0.116951
3_608.mat,2.52164e-07
3_609.mat,6.84906e-17
3_610.mat,0.36868
3_611.mat,5.61446e-24
3_612.mat,0.99871
3_613.mat,1.45415e-14
3_614.mat,1.51578e-05
3_615.mat,1.0
3_616.mat,0.173588
3_617.mat,0.950132
3_618.mat,3.73498e-15
3_619.mat,3.26543e-13
3_620.mat,5.11043e-09
3_621.mat,5.28451e-12
3_622.mat,0.961566
3_623.mat,0.997359
3_624.mat,2.96736e-14
3_625.mat,0.761774
3_626.mat,0.00965242
3_627.mat,3.09064e-08
3_628.mat,2.35051e-09
3_629.mat,0.952075
3_630.mat,8.68801e-13
3_631.mat,2.92387e-10
3_632.mat,0.999404
3_633.mat,1.0
3_634.mat,0.999915
3_635.mat,1.0
3_636.mat,1.06679e-21
3_637.mat,1.92656e-13
3_638.mat,2.28144e-15
3_639.mat,1.0
3_640.mat,4.95819e-06
3_641.mat,2.90174e-08
3_642.mat,5.1917e-12
3_643.mat,1.0
3_644.mat,0.999949
3_645.mat,0.00795668
3_646.mat,4.81427e-19
3_647.mat,0.151787
3_648.mat,0.00307192
3_649.mat,0.999117
3_650.mat,0.000481395
3_651.mat,0.999981
3_652.mat,6.07567e-13
3_653.mat,1.70477e-10
3_654.mat,2.46922e-06
3_655.mat,2.92108e-06
3_656.mat,0.0671943
3_657.mat,0.997294
3_658.mat,0.999003
3_659.mat,1.35388e-06
3_660.mat,0.258223
3_661.mat,2.44167e-09
3_662.mat,0.95863
3_663.mat,0.000605639
3_664.mat,0.00201081
3_665.mat,0.999687
3_666.mat,2.46472e-06
3_667.mat,3.85681e-17
3_668.mat,1.11181e-05
3_669.mat,6.32938e-13
3_670.mat,9.31318e-31
3_671.mat,1.25176e-21
3_672.mat,9.92443e-13
3_673.mat,1.0
3_674.mat,0.00173522
3_675.mat,1.24004e-05
3_676.mat,0.996435
3_677.mat,0.261104
3_678.mat,6.07777e-14
3_679.mat,2.54561e-06
3_680.mat,6.43973e-18
3_681.mat,0.975355
3_682.mat,3.0725e-07
3_683.mat,0.823082
3_684.mat,1.0
3_685.mat,1.60328e-12
3_686.mat,1.29359e-24
3_687.mat,1.0
3_688.mat,2.11129e-19
3_689.mat,6.39461e-24
3_690.mat,5.56444e-14
3_691.mat,4.77786e-10
3_692.mat,8.24192e-13
3_693.mat,2.69462e-24
3_694.mat,0.971031
3_695.mat,1.66447e-25
3_696.mat,7.82508e-10
3_697.mat,0.000297366
3_698.mat,0.999977
3_699.mat,2.28793e-09
3_700.mat,0.222818
3_701.mat,8.94607e-12
3_702.mat,6.59721e-11
3_703.mat,0.880967
3_704.mat,6.93714e-05
3_705.mat,1.3663e-10
3_706.mat,1.0
3_707.mat,0.981325
3_708.mat,4.75035e-06
3_709.mat,0.713231
3_710.mat,8.98546e-15
3_711.mat,6.89653e-14
3_712.mat,1.0
3_713.mat,2.38291e-13
3_714.mat,1.81377e-29
3_715.mat,0.941092
3_716.mat,8.50527e-16
3_717.mat,0.731243
3_718.mat,1.0
3_719.mat,1.0
3_720.mat,1.0
3_721.mat,1.69355e-36
3_722.mat,6.85655e-18
3_723.mat,0.97183
3_724.mat,5.14888e-11
3_725.mat,0.0287068
3_726.mat,3.48714e-05
3_727.mat,0.820817
3_728.mat,2.17289e-15
3_729.mat,0.436842
3_730.mat,0.98845
3_731.mat,1.37468e-11
3_732.mat,1.37253e-08
3_733.mat,0.985792
3_734.mat,0.999979
3_735.mat,0.352129
3_736.mat,1.0
3_737.mat,8.15613e-11
3_738.mat,3.14081e-14
3_739.mat,0.603152
3_740.mat,3.54472e-08
3_741.mat,1.15382e-07
3_742.mat,1.83582e-08
3_743.mat,0.940887
3_744.mat,1.26852e-09
3_745.mat,0.271981
3_746.mat,0.969443
3_747.mat,1.65594e-10
3_748.mat,1.0
3_749.mat,2.28803e-11
3_750.mat,1.68242e-09
3_751.mat,3.91141e-10
3_752.mat,4.50047e-12
3_753.mat,1.54652e-08
3_754.mat,7.20226e-14
3_755.mat,0.0306548
3_756.mat,0.981471
3_757.mat,1.0
3_758.mat,1.12748e-12
3_759.mat,4.83258e-09
3_760.mat,2.64647e-10
3_761.mat,1.0
3_762.mat,1.37764e-13
3_763.mat,0.999996
3_764.mat,3.72326e-12
3_765.mat,4.1738e-05
3_766.mat,8.90289e-07
3_767.mat,9.3889e-14
3_768.mat,0.999983
3_769.mat,1.0
3_770.mat,1.0
3_771.mat,1.14012e-10
3_772.mat,2.61913e-18
3_773.mat,1.0
3_774.mat,1.0
3_775.mat,0.000510896
3_776.mat,0.948051
3_777.mat,0.974892
3_778.mat,1.97031e-20
3_779.mat,6.49176e-11
3_780.mat,1.00059e-17
3_781.mat,0.997208
3_782.mat,5.86838e-07
3_783.mat,3.68286e-16
3_784.mat,0.990986
3_785.mat,0.999108
3_786.mat,2.01017e-07
3_787.mat,2.44644e-05
3_788.mat,7.36711e-10
3_789.mat,0.00120242
3_790.mat,0.997112
3_791.mat,1.09623e-07
3_792.mat,0.411321
3_793.mat,0.365571
3_794.mat,8.14117e-10
3_795.mat,0.999376
3_796.mat,1.20238e-15
3_797.mat,0.981916
3_798.mat,9.4039e-18
3_799.mat,0.015381
3_800.mat,2.29442e-11
3_801.mat,0.00308749
3_802.mat,6.72759e-10
3_803.mat,2.46371e-12
3_804.mat,2.50195e-09
3_805.mat,3.67263e-20
3_806.mat,1.0
3_807.mat,0.0775596
3_808.mat,8.45769e-08
3_809.mat,0.00678473
3_810.mat,1.0
3_811.mat,2.65605e-15
3_812.mat,1.06531e-09
3_813.mat,1.43211e-06
3_814.mat,0.999978
3_815.mat,0.996563
3_816.mat,1.93141e-12
3_817.mat,2.07171e-15
3_818.mat,1.61118e-11
3_819.mat,0.991164
3_820.mat,7.25551e-06
3_821.mat,9.23312e-08
3_822.mat,0.030986
3_823.mat,1.0
3_824.mat,2.88974e-13
3_825.mat,0.26618
3_826.mat,2.02118e-05
3_827.mat,1.44759e-06
3_828.mat,0.889733
3_829.mat,1.73883e-20
3_830.mat,9.40725e-08
3_831.mat,2.77441e-25
3_832.mat,1.0
3_833.mat,2.48665e-12
3_834.mat,6.41155e-11
3_835.mat,1.0
3_836.mat,0.999959
3_837.mat,3.85342e-09
3_838.mat,1.39702e-37
3_839.mat,0.999999
3_840.mat,7.12467e-10
3_841.mat,0.999999
3_842.mat,6.21556e-13
3_843.mat,2.82942e-34
3_844.mat,2.4272e-25
3_845.mat,1.0
3_846.mat,1.0
3_847.mat,0.379357
3_848.mat,4.46022e-05
3_849.mat,0.988064
3_850.mat,9.057e-09
3_851.mat,0.931953
3_852.mat,0.601936
3_853.mat,2.93032e-12
3_854.mat,0.558838
3_855.mat,5.31847e-19
3_856.mat,0.826948
3_857.mat,0.986775
3_858.mat,0.99856
3_859.mat,2.71375e-05
3_860.mat,0.9941
3_861.mat,9.56866e-09
3_862.mat,4.36727e-08
3_863.mat,2.58194e-12
3_864.mat,1.53398e-12
3_865.mat,0.0462397
3_866.mat,0.763948
3_867.mat,0.990372
3_868.mat,1.0
3_869.mat,0.0
3_870.mat,3.67708e-08
3_871.mat,7.2172e-10
3_872.mat,4.86591e-16
3_873.mat,0.000428427
3_874.mat,1.0
3_875.mat,0.905392
3_876.mat,9.02141e-32
3_877.mat,0.00239218
3_878.mat,0.0602391
3_879.mat,0.745533
3_880.mat,3.6924e-08
3_881.mat,0.256091
3_882.mat,1.60584e-09
3_883.mat,0.370412
3_884.mat,0.999997
3_885.mat,1.0
3_886.mat,2.13279e-07
3_887.mat,0.417586
3_888.mat,1.0
3_889.mat,6.19245e-08
3_890.mat,0.993282
3_891.mat,3.14495e-07
3_892.mat,1.0
3_893.mat,0.821783
3_894.mat,1.0798e-09
3_895.mat,0.999277
3_896.mat,0.999997
3_897.mat,2.13576e-13
3_898.mat,1.00354e-08
3_899.mat,6.65516e-14
3_900.mat,0.150056
3_901.mat,3.52026e-06
3_902.mat,1.0
3_903.mat,0.487192
3_904.mat,0.982639
3_905.mat,1.02952e-07
3_906.mat,1.96947e-06
3_907.mat,0.0489409
3_908.mat,0.965362
3_909.mat,2.17423e-11
3_910.mat,6.11165e-08
3_911.mat,3.76432e-12
3_912.mat,0.992162
3_913.mat,0.655804
3_914.mat,0.998761
3_915.mat,1.0
3_916.mat,0.999974
3_917.mat,3.72317e-05
3_918.mat,0.999965
3_919.mat,0.989849
3_920.mat,0.999995
3_921.mat,0.999554
3_922.mat,0.85506
3_923.mat,2.98568e-07
3_924.mat,0.60044
3_925.mat,0.0222735
3_926.mat,1.558e-07
3_927.mat,0.999978
3_928.mat,3.98952e-11
3_929.mat,3.00397e-09
3_930.mat,0.954683
3_931.mat,5.4103e-08
3_932.mat,0.503592
3_933.mat,1.0
3_934.mat,0.998909
3_935.mat,0.973694
3_936.mat,0.687162
3_937.mat,3.97746e-08
3_938.mat,4.05656e-10
3_939.mat,0.999908
3_940.mat,1.11123e-10
3_941.mat,0.999773
3_942.mat,3.66678e-35
3_943.mat,6.50232e-19
3_944.mat,1.08273e-13
3_945.mat,2.04949e-06
3_946.mat,0.500687
3_947.mat,0.00150987
3_948.mat,1.5479e-06
3_949.mat,1.35309e-05
3_950.mat,0.443426
3_951.mat,0.964341
3_952.mat,6.84293e-13
3_953.mat,0.99714
3_954.mat,0.000162053
3_955.mat,1.08702e-15
3_956.mat,0.999769
3_957.mat,0.999979
3_958.mat,0.910486
3_959.mat,2.87984e-14
3_960.mat,1.0
3_961.mat,5.19299e-05
3_962.mat,1.65516e-14
3_963.mat,7.16616e-13
3_964.mat,1.0
3_965.mat,0.9998
3_966.mat,1.51255e-16
3_967.mat,0.969278
3_968.mat,0.00619554
3_969.mat,1.0
3_970.mat,6.73805e-16
3_971.mat,1.0
3_972.mat,0.0887821
3_973.mat,3.68037e-29
3_974.mat,3.19533e-17
3_975.mat,0.996171
3_976.mat,0.999994
3_977.mat,4.85103e-19
3_978.mat,3.46062e-07
3_979.mat,1.04995e-09
3_980.mat,3.34877e-07
3_981.mat,0.996142
3_982.mat,0.999227
3_983.mat,0.963288
3_984.mat,4.17341e-06
3_985.mat,5.2819e-07
3_986.mat,0.996386
3_987.mat,3.39207e-15
3_988.mat,7.14935e-15
3_989.mat,0.999832
3_990.mat,0.736952
3_991.mat,4.71586e-12
3_992.mat,6.96111e-10
3_993.mat,2.03178e-12
3_994.mat,1.89394e-18
3_995.mat,0.989764
3_996.mat,1.52902e-14
3_997.mat,0.769514
3_998.mat,1.0
3_999.mat,5.4315e-25
3_1000.mat,4.69606e-09
3_1001.mat,0.979997
3_1002.mat,0.000442064
3_1003.mat,7.27656e-19
3_1004.mat,1.0
3_1005.mat,1.0
3_1006.mat,1.03836e-23
3_1007.mat,0.999032
3_1008.mat,0.977023
3_1009.mat,0.999878
3_1010.mat,0.985223
3_1011.mat,1.8998e-16
3_1012.mat,5.17855e-16
3_1013.mat,0.0920433
3_1014.mat,1.11352e-05
3_1015.mat,3.56683e-09
3_1016.mat,1.0
3_1017.mat,0.521905
3_1018.mat,4.03161e-31
3_1019.mat,6.85996e-13
3_1020.mat,0.969194
3_1021.mat,1.83458e-18
3_1022.mat,0.997639
3_1023.mat,0.995703
3_1024.mat,1.11816e-12
3_1025.mat,0.962543
3_1026.mat,0.999182
3_1027.mat,0.98873
3_1028.mat,0.000716075
3_1029.mat,0.841185
3_1030.mat,0.937206
3_1031.mat,1.60992e-16
3_1032.mat,0.00587889
3_1033.mat,0.999536
3_1034.mat,0.995741
3_1035.mat,1.22101e-11
3_1036.mat,5.90369e-10
3_1037.mat,2.79496e-20
3_1038.mat,7.29138e-17
3_1039.mat,0.750216
3_1040.mat,0.548051
3_1041.mat,0.84432
3_1042.mat,0.999999
3_1043.mat,0.907493
3_1044.mat,0.988445
3_1045.mat,0.164726
3_1046.mat,0.999973
3_1047.mat,3.24383e-05
3_1048.mat,0.00836601
3_1049.mat,6.96611e-08
3_1050.mat,2.90622e-08
3_1051.mat,2.25981e-30
3_1052.mat,0.84948
3_1053.mat,0.999817
3_1054.mat,6.53584e-11
3_1055.mat,5.35241e-10
3_1056.mat,1.0
3_1057.mat,3.85058e-12
3_1058.mat,0.856312
3_1059.mat,0.106036
3_1060.mat,1.0
3_1061.mat,2.97508e-09
3_1062.mat,1.00185e-24
3_1063.mat,0.00499818
3_1064.mat,6.48243e-10
3_1065.mat,1.64293e-11
3_1066.mat,5.30451e-10
3_1067.mat,1.95355e-20
3_1068.mat,0.79797
3_1069.mat,2.25816e-17
3_1070.mat,2.31248e-18
3_1071.mat,1.06894e-09
3_1072.mat,0.507474
3_1073.mat,0.000666133
3_1074.mat,6.97483e-23
3_1075.mat,1.0
3_1076.mat,1.44185e-23
3_1077.mat,1.0
3_1078.mat,0.0133326
3_1079.mat,0.00223101
3_1080.mat,0.00258573
3_1081.mat,6.79405e-08
3_1082.mat,0.57256
3_1083.mat,0.0133992
3_1084.mat,5.66039e-13
3_1085.mat,0.358184
3_1086.mat,0.999478
3_1087.mat,1.0
3_1088.mat,0.322192
3_1089.mat,0.999884
3_1090.mat,8.09259e-19
3_1091.mat,1.00702e-05
3_1092.mat,0.996465
3_1093.mat,0.0165882
3_1094.mat,0.0759836
3_1095.mat,5.11422e-06
3_1096.mat,0.99218
3_1097.mat,3.31611e-19
3_1098.mat,1.01487e-06
3_1099.mat,1.0
3_1100.mat,0.998573
3_1101.mat,6.77631e-12
3_1102.mat,0.999961
3_1103.mat,0.999839
3_1104.mat,9.49896e-10
3_1105.mat,1.19937e-12
3_1106.mat,1.26599e-14
3_1107.mat,0.00369942
3_1108.mat,0.700328
3_1109.mat,0.999926
3_1110.mat,0.005699
3_1111.mat,1.80207e-11
3_1112.mat,2.09737e-13
3_1113.mat,0.0070157
3_1114.mat,0.000103478
3_1115.mat,1.88726e-16
3_1116.mat,0.713839
3_1117.mat,0.386066
3_1118.mat,2.31589e-09
3_1119.mat,1.0
3_1120.mat,1.0
3_1121.mat,1.06932e-09
3_1122.mat,0.569996
3_1123.mat,0.115419
3_1124.mat,0.0683245
3_1125.mat,2.04662e-09
3_1126.mat,1.29648e-07
3_1127.mat,1.0
3_1128.mat,1.42792e-10
3_1129.mat,1.0
3_1130.mat,1.29948e-13
3_1131.mat,3.43987e-18
3_1132.mat,1.8399e-20
3_1133.mat,2.23265e-12
3_1134.mat,0.00506822
3_1135.mat,0.00405979
3_1136.mat,8.31161e-12
3_1137.mat,1.15575e-21
3_1138.mat,5.42048e-07
3_1139.mat,0.999732
3_1140.mat,0.119158
3_1141.mat,7.95947e-13
3_1142.mat,0.195402
3_1143.mat,0.661173
3_1144.mat,3.11558e-13
3_1145.mat,5.79537e-37
3_1146.mat,0.999815
3_1147.mat,0.389
3_1148.mat,0.936762
3_1149.mat,2.43403e-06
3_1150.mat,1.0
3_1151.mat,1.0
3_1152.mat,6.37506e-08
3_1153.mat,3.12356e-14
3_1154.mat,0.983491
3_1155.mat,0.0141823
3_1156.mat,0.964932
3_1157.mat,0.00112968
3_1158.mat,0.93499
3_1159.mat,7.68681e-14
3_1160.mat,0.999908
3_1161.mat,1.0
3_1162.mat,0.000726942
3_1163.mat,0.0281696
3_1164.mat,0.999588
3_1165.mat,2.11587e-05
3_1166.mat,1.0
3_1167.mat,0.101465
3_1168.mat,0.999979
3_1169.mat,0.999815
3_1170.mat,1.69243e-14
3_1171.mat,0.896632
3_1172.mat,0.97308
3_1173.mat,6.94573e-11
3_1174.mat,2.46099e-25
3_1175.mat,0.731657
3_1176.mat,1.0
3_1177.mat,1.04869e-05
3_1178.mat,0.972147
3_1179.mat,0.999984
3_1180.mat,1.0
3_1181.mat,1.0
3_1182.mat,0.999936
3_1183.mat,0.751174
3_1184.mat,1.0
3_1185.mat,0.177464
3_1186.mat,7.90752e-13
3_1187.mat,0.999999
3_1188.mat,0.999993
3_1189.mat,0.999926
3_1190.mat,0.999996
3_1191.mat,0.999992
3_1192.mat,0.999989
3_1193.mat,1.0
3_1194.mat,0.999955
3_1195.mat,5.19977e-10
3_1196.mat,5.70165e-07
3_1197.mat,0.37172
3_1198.mat,0.847381
3_1199.mat,6.61099e-10
3_1200.mat,0.521438
3_1201.mat,0.996049
3_1202.mat,0.02569
3_1203.mat,1.24651e-11
3_1204.mat,1.0
3_1205.mat,3.03831e-28
3_1206.mat,7.2023e-11
3_1207.mat,1.0
3_1208.mat,1.0
3_1209.mat,0.999233
3_1210.mat,0.999942
3_1211.mat,0.000190112
3_1212.mat,0.997478
3_1213.mat,1.0
3_1214.mat,9.27548e-10
3_1215.mat,6.05915e-32
3_1216.mat,1.0
3_1217.mat,6.16198e-28
3_1218.mat,0.883517
3_1219.mat,4.44598e-18
3_1220.mat,0.0324932
3_1221.mat,0.402991
3_1222.mat,0.206093
3_1223.mat,2.93711e-08
3_1224.mat,1.4933e-13
3_1225.mat,0.999999
3_1226.mat,0.993014
3_1227.mat,5.05222e-12
3_1228.mat,0.0391799
3_1229.mat,2.40323e-23
3_1230.mat,6.60361e-09
3_1231.mat,1.0
3_1232.mat,0.432934
3_1233.mat,4.41649e-07
3_1234.mat,1.33773e-07
3_1235.mat,1.35759e-14
3_1236.mat,0.000523644
3_1237.mat,0.000135932
3_1238.mat,0.000213214
3_1239.mat,2.37942e-26
3_1240.mat,0.939668
3_1241.mat,0.999632
3_1242.mat,2.30337e-14
3_1243.mat,0.997335
3_1244.mat,9.7341e-12
3_1245.mat,0.101794
3_1246.mat,0.998403
3_1247.mat,0.996375
3_1248.mat,3.23201e-08
3_1249.mat,5.19591e-13
3_1250.mat,0.999966
3_1251.mat,1.0
3_1252.mat,0.999988
3_1253.mat,0.483322
3_1254.mat,0.994987
3_1255.mat,7.3727e-09
3_1256.mat,7.02075e-08
3_1257.mat,1.04017e-09
3_1258.mat,0.892206
3_1259.mat,0.0557406
3_1260.mat,0.999998
3_1261.mat,0.999882
3_1262.mat,1.17367e-07
3_1263.mat,0.00148179
3_1264.mat,8.85716e-13
3_1265.mat,7.02237e-08
3_1266.mat,0.988586
3_1267.mat,2.99486e-05
3_1268.mat,0.00124153
3_1269.mat,0.999989
3_1270.mat,9.33047e-06
3_1271.mat,0.950274
3_1272.mat,1.0
3_1273.mat,1.0
3_1274.mat,1.32449e-10
3_1275.mat,6.33301e-06
3_1276.mat,4.25968e-09
3_1277.mat,1.12137e-09
3_1278.mat,0.999359
3_1279.mat,0.999999
3_1280.mat,1.0
3_1281.mat,0.0142551
3_1282.mat,1.0
3_1283.mat,0.998515
3_1284.mat,0.00481426
3_1285.mat,0.0372983
3_1286.mat,3.27778e-16
3_1287.mat,2.94679e-16
3_1288.mat,0.998931
3_1289.mat,0.534808
3_1290.mat,0.90569
3_1291.mat,0.0464023
3_1292.mat,2.00725e-08
3_1293.mat,7.72962e-14
3_1294.mat,1.99932e-07
3_1295.mat,0.805038
3_1296.mat,2.05798e-12
3_1297.mat,8.97478e-22
3_1298.mat,0.0902828
3_1299.mat,5.01516e-08
3_1300.mat,0.92901
3_1301.mat,0.998703
3_1302.mat,4.30653e-09
3_1303.mat,0.683002
3_1304.mat,0.999997
3_1305.mat,0.999631
3_1306.mat,0.00147884
3_1307.mat,1.0
3_1308.mat,0.0791686
3_1309.mat,0.972663
3_1310.mat,1.17382e-18
3_1311.mat,2.33516e-07
3_1312.mat,6.74071e-14
3_1313.mat,4.25236e-08
3_1314.mat,0.910817
3_1315.mat,1.0
3_1316.mat,0.000455941
3_1317.mat,1.54668e-18
3_1318.mat,4.14249e-19
3_1319.mat,0.00361784
3_1320.mat,0.999999
3_1321.mat,1.04348e-16
3_1322.mat,0.999581
3_1323.mat,5.45041e-05
3_1324.mat,8.10664e-08
3_1325.mat,1.0
3_1326.mat,1.0
3_1327.mat,1.6961e-09
3_1328.mat,0.59583
3_1329.mat,0.989223
3_1330.mat,0.980561
3_1331.mat,0.999785
3_1332.mat,2.80376e-11
3_1333.mat,0.996279
3_1334.mat,2.12973e-05
3_1335.mat,0.97135
3_1336.mat,1.0
3_1337.mat,6.71766e-15
3_1338.mat,4.86624e-23
3_1339.mat,1.32461e-05
3_1340.mat,1.03931e-20
3_1341.mat,0.000207398
3_1342.mat,4.12966e-08
3_1343.mat,1.0
3_1344.mat,0.0859829
3_1345.mat,6.2793e-14
3_1346.mat,0.844322
3_1347.mat,1.0
3_1348.mat,4.4414e-09
3_1349.mat,5.64218e-18
3_1350.mat,3.37346e-06
3_1351.mat,3.58298e-06
3_1352.mat,1.96864e-16
3_1353.mat,0.793123
3_1354.mat,0.999988
3_1355.mat,1.40891e-07
3_1356.mat,2.30615e-06
3_1357.mat,1.0
3_1358.mat,1.19453e-12
3_1359.mat,0.000629163
3_1360.mat,3.98439e-09
3_1361.mat,0.999997
3_1362.mat,1.20455e-06
3_1363.mat,1.05626e-21
3_1364.mat,4.42637e-09
3_1365.mat,0.980309
3_1366.mat,0.858312
3_1367.mat,1.45983e-08
3_1368.mat,7.09885e-18
3_1369.mat,1.39215e-18
3_1370.mat,0.999994
3_1371.mat,0.533638
3_1372.mat,1.58898e-11
3_1373.mat,0.700057
3_1374.mat,2.58089e-10
3_1375.mat,1.95061e-20
3_1376.mat,0.967869
3_1377.mat,0.999791
3_1378.mat,1.0
3_1379.mat,0.999945
3_1380.mat,1.66791e-17
3_1381.mat,0.994518
3_1382.mat,0.000947573
3_1383.mat,1.0
3_1384.mat,0.128799
3_1385.mat,1.0
3_1386.mat,0.00200411
3_1387.mat,1.20272e-11
3_1388.mat,0.947838
3_1389.mat,0.0446409
3_1390.mat,1.79012e-15
3_1391.mat,1.0
3_1392.mat,2.52736e-10
3_1393.mat,0.892904
3_1394.mat,0.720614
3_1395.mat,0.0255657
3_1396.mat,1.0
3_1397.mat,1.0
3_1398.mat,0.999694
3_1399.mat,0.0354137
3_1400.mat,6.90018e-20
3_1401.mat,0.317353
3_1402.mat,0.684585
3_1403.mat,0.999382
3_1404.mat,0.93499
3_1405.mat,1.0
3_1406.mat,7.94186e-10
3_1407.mat,0.999996
3_1408.mat,1.0
3_1409.mat,4.57529e-09
3_1410.mat,0.00973232
3_1411.mat,1.0
3_1412.mat,0.0203225
3_1413.mat,4.0926e-30
3_1414.mat,0.00131281
3_1415.mat,5.24203e-12
3_1416.mat,2.29648e-10
3_1417.mat,0.0560149
3_1418.mat,0.999991
3_1419.mat,2.11539e-05
3_1420.mat,0.87447
3_1421.mat,4.96412e-19
3_1422.mat,3.91841e-08
3_1423.mat,1.54292e-06
3_1424.mat,0.0143627
3_1425.mat,1.0
3_1426.mat,5.56079e-11
3_1427.mat,0.123332
3_1428.mat,3.8253e-09
3_1429.mat,0.0013858
3_1430.mat,0.678816
3_1431.mat,0.999995
3_1432.mat,0.985166
3_1433.mat,0.999984
3_1434.mat,7.29416e-17
3_1435.mat,0.00143044
3_1436.mat,8.27174e-20
3_1437.mat,0.113952
3_1438.mat,0.999506
3_1439.mat,0.996711
3_1440.mat,1.0
3_1441.mat,0.99939
3_1442.mat,2.06333e-06
3_1443.mat,8.38324e-26
3_1444.mat,0.9999
3_1445.mat,0.999999
3_1446.mat,0.987906
3_1447.mat,0.997912
3_1448.mat,3.08053e-12
3_1449.mat,0.997062
3_1450.mat,1.0
3_1451.mat,9.37827e-14
3_1452.mat,0.814386
3_1453.mat,2.31226e-09
3_1454.mat,0.0172241
3_1455.mat,4.80689e-13
3_1456.mat,0.307976
3_1457.mat,0.999999
3_1458.mat,1.11293e-18
3_1459.mat,3.18416e-15
3_1460.mat,1.53314e-06
3_1461.mat,3.94455e-17
3_1462.mat,6.38155e-07
3_1463.mat,0.967271
3_1464.mat,2.69292e-22
3_1465.mat,4.7836e-16
3_1466.mat,1.06649e-06
3_1467.mat,1.0115e-09
3_1468.mat,1.0
3_1469.mat,0.99992
3_1470.mat,8.28619e-18
3_1471.mat,1.72108e-14
3_1472.mat,0.997214
3_1473.mat,0.972061
3_1474.mat,0.99784
3_1475.mat,0.988064
3_1476.mat,8.54358e-20
3_1477.mat,0.100585
3_1478.mat,0.982926
3_1479.mat,0.402288
3_1480.mat,0.999949
3_1481.mat,5.9829e-11
3_1482.mat,0.505375
3_1483.mat,0.0526972
3_1484.mat,1.0
3_1485.mat,0.999998
3_1486.mat,0.000250952
3_1487.mat,1.0
3_1488.mat,1.0
3_1489.mat,1.0
3_1490.mat,0.862223
3_1491.mat,1.0
3_1492.mat,0.515456
3_1493.mat,1.66564e-16
3_1494.mat,0.690645
3_1495.mat,0.169624
3_1496.mat,1.72028e-14
3_1497.mat,0.999991
3_1498.mat,1.94621e-07
3_1499.mat,0.700106
3_1500.mat,1.2773e-11
3_1501.mat,7.54413e-19
3_1502.mat,3.19001e-16
3_1503.mat,0.996194
3_1504.mat,0.997282
3_1505.mat,0.110349
3_1506.mat,3.41079e-13
3_1507.mat,1.0
3_1508.mat,1.80449e-08
3_1509.mat,0.993669
3_1510.mat,2.17221e-15
3_1511.mat,1.0
3_1512.mat,0.0550619
3_1513.mat,0.999989
3_1514.mat,2.62021e-08
3_1515.mat,0.999781
3_1516.mat,1.3549e-19
3_1517.mat,0.681883
3_1518.mat,5.81518e-13
3_1519.mat,1.12911e-34
3_1520.mat,3.41118e-24
3_1521.mat,6.83765e-17
3_1522.mat,0.996637
3_1523.mat,5.62473e-14
3_1524.mat,1.0
3_1525.mat,1.0
3_1526.mat,4.35654e-20
3_1527.mat,0.0867999
3_1528.mat,0.704321
3_1529.mat,0.977832
3_1530.mat,0.970071
3_1531.mat,1.53957e-15
3_1532.mat,0.599841
3_1533.mat,6.34785e-18
3_1534.mat,0.999706
3_1535.mat,2.75598e-27
3_1536.mat,5.16306e-12
3_1537.mat,1.48818e-24
3_1538.mat,4.62636e-20
3_1539.mat,1.53047e-05
3_1540.mat,0.630255
3_1541.mat,0.99971
3_1542.mat,0.967903
3_1543.mat,0.11474
3_1544.mat,4.47307e-18
3_1545.mat,2.69232e-14
3_1546.mat,5.83195e-15
3_1547.mat,0.623046
3_1548.mat,0.99566
3_1549.mat,0.000642018
3_1550.mat,2.15388e-09
3_1551.mat,2.94118e-35
3_1552.mat,0.999271
3_1553.mat,4.63155e-20
3_1554.mat,5.17401e-26
3_1555.mat,8.67428e-17
3_1556.mat,1.16114e-22
3_1557.mat,0.398224
3_1558.mat,0.995243
3_1559.mat,1.09213e-09
3_1560.mat,2.40852e-14
3_1561.mat,1.0
3_1562.mat,0.999936
3_1563.mat,0.0314639
3_1564.mat,2.00055e-21
3_1565.mat,3.77528e-11
3_1566.mat,0.999995
3_1567.mat,0.999984
3_1568.mat,6.07102e-16
3_1569.mat,1.42829e-05
3_1570.mat,0.777816
3_1571.mat,1.51152e-19
3_1572.mat,3.33979e-10
3_1573.mat,0.994793
3_1574.mat,0.717496
3_1575.mat,0.0100898
3_1576.mat,1.93217e-17
3_1577.mat,0.752278
3_1578.mat,5.42721e-14
3_1579.mat,0.985685
3_1580.mat,0.999629
3_1581.mat,0.999423
3_1582.mat,8.30604e-12
3_1583.mat,1.0
3_1584.mat,1.16004e-08
3_1585.mat,2.18786e-25
3_1586.mat,0.999867
3_1587.mat,2.26257e-07
3_1588.mat,6.09401e-09
3_1589.mat,1.18274e-14
3_1590.mat,0.998681
3_1591.mat,1.0
3_1592.mat,0.0057002
3_1593.mat,0.999999
3_1594.mat,9.73447e-09
3_1595.mat,0.999983
3_1596.mat,0.999995
3_1597.mat,0.999999
3_1598.mat,1.7605e-11
3_1599.mat,5.04734e-19
3_1600.mat,0.999706
3_1601.mat,4.0998e-17
3_1602.mat,3.58003e-17
3_1603.mat,0.0129037
3_1604.mat,3.63683e-11
3_1605.mat,0.0527692
3_1606.mat,1.28256e-08
3_1607.mat,2.43483e-14
3_1608.mat,1.0
3_1609.mat,0.999869
3_1610.mat,3.53556e-15
3_1611.mat,7.65804e-08
3_1612.mat,1.0
3_1613.mat,0.269445
3_1614.mat,0.993126
3_1615.mat,0.00390196
3_1616.mat,0.00234243
3_1617.mat,3.03871e-06
3_1618.mat,3.49242e-08
3_1619.mat,2.56247e-06
3_1620.mat,2.69084e-17
3_1621.mat,8.9454e-19
3_1622.mat,1.31784e-19
3_1623.mat,1.49798e-29
3_1624.mat,1.0
3_1625.mat,0.000625076
3_1626.mat,0.000209205
3_1627.mat,0.66042
3_1628.mat,0.997701
3_1629.mat,0.97576
3_1630.mat,1.95306e-06
3_1631.mat,0.0288632
3_1632.mat,0.442138
3_1633.mat,0.854835
3_1634.mat,3.09677e-07
3_1635.mat,0.93499
3_1636.mat,8.4024e-07
3_1637.mat,2.24426e-06
3_1638.mat,0.998404
3_1639.mat,0.989351
3_1640.mat,9.9165e-13
3_1641.mat,2.96216e-05
3_1642.mat,8.25651e-21
3_1643.mat,0.995996
3_1644.mat,0.838624
3_1645.mat,0.888159
3_1646.mat,1.0
3_1647.mat,0.0309229
3_1648.mat,0.42915
3_1649.mat,1.04085e-13
3_1650.mat,0.999998
3_1651.mat,8.12099e-14
3_1652.mat,1.5944e-41
3_1653.mat,1.43211e-10
3_1654.mat,0.999861
3_1655.mat,5.48224e-07
3_1656.mat,0.980671
3_1657.mat,1.19494e-12
3_1658.mat,3.68862e-12
3_1659.mat,3.0092e-29
3_1660.mat,0.296205
3_1661.mat,0.831379
3_1662.mat,0.788166
3_1663.mat,3.90069e-16
3_1664.mat,2.47657e-10
3_1665.mat,0.807587
3_1666.mat,2.72147e-08
3_1667.mat,5.56123e-14
3_1668.mat,0.989529
3_1669.mat,0.99998
3_1670.mat,0.000163195
3_1671.mat,0.999852
3_1672.mat,6.43011e-09
3_1673.mat,1.622e-22
3_1674.mat,4.40746e-27
3_1675.mat,3.12108e-06
3_1676.mat,5.65005e-10
3_1677.mat,3.84855e-18
3_1678.mat,6.04421e-06
3_1679.mat,2.01149e-16
3_1680.mat,0.153972
3_1681.mat,2.59442e-11
3_1682.mat,0.000157218
3_1683.mat,3.20496e-10
3_1684.mat,0.999926
3_1685.mat,4.62286e-13
3_1686.mat,6.02783e-08
3_1687.mat,7.48084e-05
3_1688.mat,5.37204e-09
3_1689.mat,3.57827e-16
3_1690.mat,7.66362e-10
3_1691.mat,0.74848
3_1692.mat,0.0512406
3_1693.mat,0.999999
3_1694.mat,0.191509
3_1695.mat,0.364706
3_1696.mat,2.38337e-06
3_1697.mat,3.13226e-21
3_1698.mat,0.015287
3_1699.mat,0.998033
3_1700.mat,4.0082e-08
3_1701.mat,1.54915e-09
3_1702.mat,1.11795e-32
3_1703.mat,1.7691e-09
3_1704.mat,0.00397081
3_1705.mat,0.313488
3_1706.mat,1.0
3_1707.mat,0.657352
3_1708.mat,1.0
3_1709.mat,1.0
3_1710.mat,7.30928e-06
3_1711.mat,2.30976e-07
3_1712.mat,1.0081e-12
3_1713.mat,1.0
3_1714.mat,0.000533264
3_1715.mat,0.674781
3_1716.mat,1.0
3_1717.mat,0.34629
3_1718.mat,0.999357
3_1719.mat,1.47106e-16
3_1720.mat,1.71952e-13
3_1721.mat,1.32344e-35
3_1722.mat,0.872496
3_1723.mat,0.00243693
3_1724.mat,0.992325
3_1725.mat,1.0
3_1726.mat,1.1809e-08
3_1727.mat,0.999983
3_1728.mat,1.0
3_1729.mat,1.0
3_1730.mat,1.0
3_1731.mat,3.18985e-12
3_1732.mat,1.75281e-06
3_1733.mat,0.999999
3_1734.mat,3.37632e-09
3_1735.mat,0.999848
3_1736.mat,2.23741e-11
3_1737.mat,0.989578
3_1738.mat,0.996813
3_1739.mat,0.0225082
3_1740.mat,6.47864e-15
3_1741.mat,0.999972
3_1742.mat,1.0
3_1743.mat,0.999276
3_1744.mat,0.000643714
3_1745.mat,0.943799
3_1746.mat,1.0
3_1747.mat,6.63155e-17
3_1748.mat,0.999524
3_1749.mat,1.0
3_1750.mat,1.87236e-14
3_1751.mat,2.00221e-14
3_1752.mat,0.000779186
3_1753.mat,0.554141
3_1754.mat,1.20267e-17
3_1755.mat,1.0
3_1756.mat,0.0148219
3_1757.mat,0.995057
3_1758.mat,0.00124327
3_1759.mat,3.56547e-12
3_1760.mat,0.00509369
3_1761.mat,7.36385e-09
3_1762.mat,1.80389e-20
3_1763.mat,0.000982111
3_1764.mat,1.0059e-09
3_1765.mat,0.970453
3_1766.mat,2.44671e-12
3_1767.mat,0.999997
3_1768.mat,8.13512e-22
3_1769.mat,0.014276
3_1770.mat,0.998284
3_1771.mat,2.54638e-13
3_1772.mat,4.60122e-09
3_1773.mat,8.86775e-06
3_1774.mat,0.360516
3_1775.mat,2.10223e-10
3_1776.mat,0.00207312
3_1777.mat,1.27338e-19
3_1778.mat,0.933838
3_1779.mat,6.62197e-07
3_1780.mat,0.692188
3_1781.mat,0.999999
3_1782.mat,1.79278e-25
3_1783.mat,8.45501e-16
3_1784.mat,1.09938e-14
3_1785.mat,0.000640521
3_1786.mat,0.999884
3_1787.mat,1.03686e-23
3_1788.mat,3.40263e-08
3_1789.mat,1.0
3_1790.mat,0.913402
3_1791.mat,1.0
3_1792.mat,0.978161
3_1793.mat,0.00162754
3_1794.mat,1.0
3_1795.mat,1.47692e-10
3_1796.mat,1.0
3_1797.mat,5.17099e-10
3_1798.mat,0.934607
3_1799.mat,0.000878168
3_1800.mat,1.26607e-09
3_1801.mat,0.10315
3_1802.mat,0.027561
3_1803.mat,1.0
3_1804.mat,4.93264e-15
3_1805.mat,0.998335
3_1806.mat,1.86546e-15
3_1807.mat,1.2754e-10
3_1808.mat,0.963727
3_1809.mat,2.79681e-13
3_1810.mat,1.64722e-19
3_1811.mat,0.000275715
3_1812.mat,0.825973
3_1813.mat,0.979702
3_1814.mat,1.0
3_1815.mat,1.97083e-28
3_1816.mat,0.99999
3_1817.mat,0.93196
3_1818.mat,0.03613
3_1819.mat,0.99994
3_1820.mat,0.00521624
3_1821.mat,0.93499
3_1822.mat,1.69103e-18
3_1823.mat,1.87002e-11
3_1824.mat,0.999913
3_1825.mat,2.8226e-25
3_1826.mat,0.190979
3_1827.mat,0.0168484
3_1828.mat,4.57913e-10
3_1829.mat,0.983494
3_1830.mat,0.998185
3_1831.mat,0.0102231
3_1832.mat,2.87686e-07
3_1833.mat,1.11211e-07
3_1834.mat,0.000669308
3_1835.mat,3.07904e-26
3_1836.mat,6.00788e-07
3_1837.mat,0.000118546
3_1838.mat,0.432353
3_1839.mat,0.999999
3_1840.mat,0.176801
3_1841.mat,1.0
3_1842.mat,0.886732
3_1843.mat,1.12975e-24
3_1844.mat,9.80909e-45
3_1845.mat,5.33681e-14
3_1846.mat,0.998749
3_1847.mat,0.000118125
3_1848.mat,0.992516
3_1849.mat,9.72464e-16
3_1850.mat,4.64283e-10
3_1851.mat,1.59319e-14
3_1852.mat,1.65925e-21
3_1853.mat,0.000159367
3_1854.mat,0.999991
3_1855.mat,0.132991
3_1856.mat,1.06667e-16
3_1857.mat,2.75432e-06
3_1858.mat,1.40842e-18
3_1859.mat,0.399311
3_1860.mat,1.64763e-11
3_1861.mat,0.00141556
3_1862.mat,0.340044
3_1863.mat,1.0
3_1864.mat,1.0
3_1865.mat,1.7256e-08
3_1866.mat,4.57817e-13
3_1867.mat,0.998162
3_1868.mat,3.57987e-26
3_1869.mat,1.84807e-11
3_1870.mat,0.916463
3_1871.mat,9.13066e-08
3_1872.mat,0.00682953
3_1873.mat,0.999878
3_1874.mat,9.72931e-25
3_1875.mat,4.73448e-05
3_1876.mat,3.38507e-11
3_1877.mat,1.04863e-07
3_1878.mat,0.00617829
3_1879.mat,2.5891e-23
3_1880.mat,4.19108e-13
3_1881.mat,8.02996e-06
3_1882.mat,0.285509
3_1883.mat,1.15743e-05
3_1884.mat,0.990429
3_1885.mat,0.135672
3_1886.mat,3.92774e-21
3_1887.mat,1.50706e-11
3_1888.mat,1.0
3_1889.mat,0.000782239
3_1890.mat,9.1308e-05
3_1891.mat,1.0
3_1892.mat,1.10291e-09
3_1893.mat,0.0031121
3_1894.mat,2.14277e-07
3_1895.mat,0.999904
3_1896.mat,3.51212e-20
3_1897.mat,0.972062
3_1898.mat,0.999986
3_1899.mat,0.000454788
3_1900.mat,0.381229
3_1901.mat,0.999903
3_1902.mat,7.99804e-08
3_1903.mat,4.13265e-20
3_1904.mat,0.380229
3_1905.mat,0.999148
3_1906.mat,0.991243
3_1907.mat,0.000456843
3_1908.mat,0.278477
3_1909.mat,1.0
3_1910.mat,0.999464
3_1911.mat,1.04156e-09
3_1912.mat,0.824136
3_1913.mat,0.999999
3_1914.mat,0.320672
3_1915.mat,1.0
3_1916.mat,1.59572e-07
3_1917.mat,2.52751e-08
3_1918.mat,0.999994
3_1919.mat,3.92312e-21
3_1920.mat,0.133853
3_1921.mat,0.00668664
3_1922.mat,0.995262
3_1923.mat,1.0735e-18
3_1924.mat,0.000130604
3_1925.mat,0.00327369
3_1926.mat,1.11801e-05
3_1927.mat,1.05702e-16
3_1928.mat,6.28232e-22
3_1929.mat,2.74099e-10
3_1930.mat,1.0
3_1931.mat,1.0
3_1932.mat,5.1326e-15
3_1933.mat,3.40544e-30
3_1934.mat,1.22322e-16
3_1935.mat,0.905397
3_1936.mat,1.26763e-07
3_1937.mat,0.137589
3_1938.mat,5.56982e-09
3_1939.mat,7.3148e-31
3_1940.mat,2.7338e-07
3_1941.mat,7.27073e-13
3_1942.mat,1.0
3_1943.mat,1.0
3_1944.mat,2.81393e-12
3_1945.mat,5.54262e-07
3_1946.mat,0.0171045
3_1947.mat,1.0
3_1948.mat,1.05785e-18
3_1949.mat,0.00174873
3_1950.mat,0.844095
3_1951.mat,3.16727e-13
3_1952.mat,1.55646e-11
3_1953.mat,1.0
3_1954.mat,1.0
3_1955.mat,1.3686e-22
3_1956.mat,1.0
3_1957.mat,1.0
3_1958.mat,6.95104e-27
3_1959.mat,1.93683e-11
3_1960.mat,1.08251e-13
3_1961.mat,1.96257e-06
3_1962.mat,2.01015e-11
3_1963.mat,1.98056e-06
3_1964.mat,0.0134019
3_1965.mat,2.16988e-17
3_1966.mat,0.811779
3_1967.mat,4.35671e-11
3_1968.mat,0.81974
3_1969.mat,0.0728773
3_1970.mat,0.999982
3_1971.mat,1.73781e-11
3_1972.mat,8.98549e-08
3_1973.mat,2.13157e-23
3_1974.mat,0.755439
3_1975.mat,9.07169e-09
3_1976.mat,5.0098e-10
3_1977.mat,6.01608e-06
3_1978.mat,2.82806e-21
3_1979.mat,0.999999
3_1980.mat,6.03139e-11
3_1981.mat,3.45051e-10
3_1982.mat,6.03176e-19
3_1983.mat,1.0
3_1984.mat,0.977355
3_1985.mat,0.0127472
3_1986.mat,1.23441e-14
3_1987.mat,0.222292
3_1988.mat,5.51083e-05
3_1989.mat,1.38142e-13
3_1990.mat,1.43677e-17
3_1991.mat,0.0228678
3_1992.mat,1.7261e-07
3_1993.mat,0.618844
3_1994.mat,0.99976
3_1995.mat,0.924028
3_1996.mat,1.69348e-28
3_1997.mat,1.69311e-15
3_1998.mat,0.0970311
3_1999.mat,0.999984
3_2000.mat,0.595675
3_2001.mat,0.00404269
3_2002.mat,0.990607
3_2003.mat,0.999983
3_2004.mat,1.0
3_2005.mat,0.00495697
3_2006.mat,0.999242
3_2007.mat,5.4029e-05
3_2008.mat,0.999997
3_2009.mat,0.850396
3_2010.mat,9.24909e-20
3_2011.mat,0.000343129
3_2012.mat,0.999992
3_2013.mat,1.0
3_2014.mat,1.0
3_2015.mat,1.0
3_2016.mat,1.88059e-17
3_2017.mat,1.38084e-15
3_2018.mat,1.0
3_2019.mat,1.80206e-20
3_2020.mat,0.000403989
3_2021.mat,0.999647
3_2022.mat,0.829761
3_2023.mat,0.441279
3_2024.mat,0.0104451
3_2025.mat,1.51121e-16
3_2026.mat,0.00805392
3_2027.mat,2.30878e-13
3_2028.mat,0.000244942
3_2029.mat,0.999693
3_2030.mat,0.998982
3_2031.mat,1.17316e-25
3_2032.mat,5.07976e-08
3_2033.mat,2.10274e-25
3_2034.mat,1.27412e-10
3_2035.mat,7.3667e-09
3_2036.mat,0.96608
3_2037.mat,1.73221e-05
3_2038.mat,4.29039e-20
3_2039.mat,0.936862
3_2040.mat,2.31443e-08
3_2041.mat,1.74332e-30
3_2042.mat,0.722418
3_2043.mat,2.84112e-18
3_2044.mat,0.951831
3_2045.mat,5.54912e-15
3_2046.mat,1.0
3_2047.mat,0.835472
3_2048.mat,0.996328
3_2049.mat,0.958214
3_2050.mat,0.558263
3_2051.mat,0.0394029
3_2052.mat,0.01567
3_2053.mat,1.09586e-12
3_2054.mat,6.68168e-08
3_2055.mat,0.993563
3_2056.mat,1.0
3_2057.mat,8.65793e-07
3_2058.mat,0.00017334
3_2059.mat,0.999217
3_2060.mat,1.0
3_2061.mat,8.55935e-14
3_2062.mat,0.999994
3_2063.mat,7.45691e-08
3_2064.mat,1.0
3_2065.mat,0.999654
3_2066.mat,1.0
3_2067.mat,0.350804
3_2068.mat,9.60377e-12
3_2069.mat,3.16941e-07
3_2070.mat,0.0011868
3_2071.mat,1.0
3_2072.mat,0.980223
3_2073.mat,0.910302
3_2074.mat,1.18784e-15
3_2075.mat,0.998142
3_2076.mat,6.84042e-19
3_2077.mat,0.928822
3_2078.mat,0.894423
3_2079.mat,2.18595e-07
3_2080.mat,0.00180718
3_2081.mat,1.46543e-09
3_2082.mat,7.62479e-09
3_2083.mat,0.134086
3_2084.mat,2.8389e-10
3_2085.mat,0.999974
3_2086.mat,5.35589e-11
3_2087.mat,1.0
3_2088.mat,0.999922
3_2089.mat,1.0
3_2090.mat,3.0093e-13
3_2091.mat,1.0
3_2092.mat,0.457841
3_2093.mat,0.0796626
3_2094.mat,0.0918717
3_2095.mat,1.64701e-39
3_2096.mat,2.10349e-13
3_2097.mat,6.6577e-13
3_2098.mat,0.00321317
3_2099.mat,1.0
3_2100.mat,2.19998e-05
3_2101.mat,0.997708
3_2102.mat,0.0926151
3_2103.mat,2.96568e-05
3_2104.mat,0.0807218
3_2105.mat,0.0208999
3_2106.mat,0.000709846
3_2107.mat,5.2794e-11
3_2108.mat,0.983104
3_2109.mat,0.000821226
3_2110.mat,5.73338e-28
3_2111.mat,9.75705e-07
3_2112.mat,1.15019e-08
3_2113.mat,2.04755e-12
3_2114.mat,0.992881
3_2115.mat,7.04486e-09
3_2116.mat,7.06598e-12
3_2117.mat,4.14841e-05
3_2118.mat,1.0
3_2119.mat,0.212856
3_2120.mat,1.0
3_2121.mat,0.00109321
3_2122.mat,3.87405e-14
3_2123.mat,3.64649e-14
3_2124.mat,1.16534e-10
3_2125.mat,1.0
3_2126.mat,4.77186e-15
3_2127.mat,6.39824e-08
3_2128.mat,0.811435
3_2129.mat,1.41976e-28
3_2130.mat,1.0
3_2131.mat,6.32325e-14
3_2132.mat,0.0464978
3_2133.mat,3.83377e-19
3_2134.mat,0.786856
3_2135.mat,0.999936
3_2136.mat,0.242859
3_2137.mat,6.47944e-22
3_2138.mat,5.95047e-21
3_2139.mat,0.559796
3_2140.mat,3.10682e-10
3_2141.mat,2.33645e-10
3_2142.mat,0.269699
3_2143.mat,1.0
3_2144.mat,1.49254e-09
3_2145.mat,0.000354889
3_2146.mat,7.8612e-08
3_2147.mat,1.0
3_2148.mat,0.999998
3_2149.mat,0.999928
3_2150.mat,9.54955e-05
3_2151.mat,0.506667
3_2152.mat,1.8923e-23
3_2153.mat,0.0968645
3_2154.mat,1.0
3_2155.mat,1.09446e-22
3_2156.mat,7.01038e-14
3_2157.mat,0.999608
3_2158.mat,0.997016
3_2159.mat,0.0123327
3_2160.mat,7.84384e-14
3_2161.mat,2.39541e-15
3_2162.mat,0.023513
3_2163.mat,0.382946
3_2164.mat,9.05619e-08
3_2165.mat,1.0
3_2166.mat,0.99503
3_2167.mat,8.55946e-17
3_2168.mat,1.0
3_2169.mat,0.999987
3_2170.mat,1.35826e-10
3_2171.mat,7.46092e-10
3_2172.mat,0.237279
3_2173.mat,4.99615e-06
3_2174.mat,5.70046e-09
3_2175.mat,0.999855
3_2176.mat,5.60538e-06
3_2177.mat,0.999992
3_2178.mat,0.516727
3_2179.mat,2.00292e-18
3_2180.mat,0.997928
3_2181.mat,2.5543e-14
3_2182.mat,4.53136e-08
3_2183.mat,0.999983
3_2184.mat,5.65231e-12
3_2185.mat,0.999919
3_2186.mat,0.999908
3_2187.mat,0.996179
3_2188.mat,2.32836e-06
3_2189.mat,1.0
3_2190.mat,4.91593e-08
3_2191.mat,3.00294e-11
3_2192.mat,1.00126e-37
3_2193.mat,4.8801e-10
3_2194.mat,1.67852e-09
3_2195.mat,7.29512e-14
3_2196.mat,0.999684
3_2197.mat,0.795103
3_2198.mat,1.3549e-09
3_2199.mat,3.40742e-15
3_2200.mat,0.999841
3_2201.mat,0.615202
3_2202.mat,0.997526
3_2203.mat,0.999974
3_2204.mat,0.000242041
3_2205.mat,1.0
3_2206.mat,0.999998
3_2207.mat,0.00415702
3_2208.mat,0.341347
3_2209.mat,0.43635
3_2210.mat,0.000140434
3_2211.mat,0.48273
3_2212.mat,1.01503e-12
3_2213.mat,8.08213e-13
3_2214.mat,2.45696e-29
3_2215.mat,1.12611e-05
3_2216.mat,0.0561585
3_2217.mat,1.0
3_2218.mat,0.999823
3_2219.mat,1.04323e-05
3_2220.mat,3.12969e-11
3_2221.mat,9.59517e-07
3_2222.mat,3.7844e-13
3_2223.mat,0.94288
3_2224.mat,2.86469e-08
3_2225.mat,9.25662e-06
3_2226.mat,0.0004892
3_2227.mat,0.176498
3_2228.mat,3.20838e-11
3_2229.mat,5.01318e-21
3_2230.mat,4.42504e-09
3_2231.mat,7.51081e-22
3_2232.mat,0.999987
3_2233.mat,0.996771
3_2234.mat,1.0
3_2235.mat,3.8274e-12
3_2236.mat,0.372108
3_2237.mat,1.0
3_2238.mat,2.95727e-11
3_2239.mat,1.0
3_2240.mat,0.999999
3_2241.mat,2.02981e-20
3_2242.mat,0.951505
3_2243.mat,2.81436e-08
3_2244.mat,0.00820031
3_2245.mat,1.85872e-06
3_2246.mat,5.78291e-10
3_2247.mat,1.0
3_2248.mat,2.77348e-15
3_2249.mat,0.999799
3_2250.mat,0.999882
3_2251.mat,1.44375e-24
3_2252.mat,0.999902
3_2253.mat,0.961384
3_2254.mat,0.606657
3_2255.mat,1.86235e-25
3_2256.mat,0.0186361
3_2257.mat,0.394763
3_2258.mat,0.947019
3_2259.mat,4.06907e-27
3_2260.mat,0.268584
3_2261.mat,2.42765e-17
3_2262.mat,1.0
3_2263.mat,0.999997
3_2264.mat,1.50201e-15
3_2265.mat,7.2076e-09
3_2266.mat,6.35018e-13
3_2267.mat,0.974449
3_2268.mat,1.97187e-05
3_2269.mat,0.904361
3_2270.mat,1.49207e-21
3_2271.mat,0.234468
3_2272.mat,0.999999
3_2273.mat,2.61346e-07
3_2274.mat,0.999999
3_2275.mat,0.984908
3_2276.mat,1.0
3_2277.mat,2.95699e-05
3_2278.mat,0.00147078
3_2279.mat,0.999436
3_2280.mat,1.76045e-06
3_2281.mat,1.77485e-20
3_2282.mat,0.999213
3_2283.mat,4.79414e-22
3_2284.mat,0.999961
3_2285.mat,1.92114e-21
3_2286.mat,1.0
